{
  "type": "FeatureCollection",
  "features": [
    {
      "type": "Feature",
      "geometry": {
        "type": "Point",
        "coordinates": [
          -0.3323747,
          51.4087329
        ]
      },
      "properties": {
        "id": "osm_node_20849686",
        "name": "Public Toilets",
        "hours": "24/7",
        "accessible": false,
        "fee": 0,
        "source": "osm",
        "last_verified_at": "2025-08-26T18:32:20.740Z",
        "verified_by": "ingest-agent"
      }
    },
    {
      "type": "Feature",
      "geometry": {
        "type": "Point",
        "coordinates": [
          -0.3360281,
          51.4059121
        ]
      },
      "properties": {
        "id": "osm_node_20910215",
        "name": "Public Toilets",
        "hours": "24/7",
        "accessible": false,
        "fee": 0,
        "source": "osm",
        "last_verified_at": "2025-08-26T18:32:20.740Z",
        "verified_by": "ingest-agent"
      }
    },
    {
      "type": "Feature",
      "geometry": {
        "type": "Point",
        "coordinates": [
          -0.1322444,
          51.4946389
        ]
      },
      "properties": {
        "id": "osm_node_25534499",
        "name": "Public Toilets",
        "hours": "24/7",
        "accessible": false,
        "fee": 50,
        "source": "osm",
        "last_verified_at": "2025-08-26T18:32:20.740Z",
        "verified_by": "ingest-agent"
      }
    },
    {
      "type": "Feature",
      "geometry": {
        "type": "Point",
        "coordinates": [
          -0.1885334,
          51.5159737
        ]
      },
      "properties": {
        "id": "osm_node_26819248",
        "name": "Queensway",
        "hours": "Mo-Su 07:30-00:30",
        "accessible": false,
        "fee": 0,
        "source": "osm",
        "last_verified_at": "2025-08-26T18:32:20.740Z",
        "verified_by": "ingest-agent"
      }
    },
    {
      "type": "Feature",
      "geometry": {
        "type": "Point",
        "coordinates": [
          -0.3005302,
          51.4749456
        ]
      },
      "properties": {
        "id": "osm_node_30442251",
        "name": "Public Toilets",
        "hours": "24/7",
        "accessible": true,
        "fee": 0,
        "source": "osm",
        "last_verified_at": "2025-08-26T18:32:20.740Z",
        "verified_by": "ingest-agent"
      }
    },
    {
      "type": "Feature",
      "geometry": {
        "type": "Point",
        "coordinates": [
          -0.2929619,
          51.4728373
        ]
      },
      "properties": {
        "id": "osm_node_30442336",
        "name": "Public Toilets",
        "hours": "24/7",
        "accessible": true,
        "fee": 0,
        "source": "osm",
        "last_verified_at": "2025-08-26T18:32:20.740Z",
        "verified_by": "ingest-agent"
      }
    },
    {
      "type": "Feature",
      "geometry": {
        "type": "Point",
        "coordinates": [
          -0.1099907,
          51.4524003
        ]
      },
      "properties": {
        "id": "osm_node_33378270",
        "name": "Public Toilets",
        "hours": "24/7",
        "accessible": false,
        "fee": 0,
        "source": "osm",
        "last_verified_at": "2025-08-26T18:32:20.740Z",
        "verified_by": "ingest-agent"
      }
    },
    {
      "type": "Feature",
      "geometry": {
        "type": "Point",
        "coordinates": [
          0.2547814,
          51.5195757
        ]
      },
      "properties": {
        "id": "osm_node_36446497",
        "name": "Public Toilets",
        "hours": "24/7",
        "accessible": false,
        "fee": 0,
        "source": "osm",
        "last_verified_at": "2025-08-26T18:32:20.740Z",
        "verified_by": "ingest-agent"
      }
    },
    {
      "type": "Feature",
      "geometry": {
        "type": "Point",
        "coordinates": [
          -0.1518909,
          51.559457
        ]
      },
      "properties": {
        "id": "osm_node_54070004",
        "name": "Public Toilets",
        "hours": "09:00-20:00",
        "accessible": true,
        "fee": 0,
        "source": "osm",
        "last_verified_at": "2025-08-26T18:32:20.740Z",
        "verified_by": "ingest-agent"
      }
    },
    {
      "type": "Feature",
      "geometry": {
        "type": "Point",
        "coordinates": [
          -0.2906682,
          51.4782814
        ]
      },
      "properties": {
        "id": "osm_node_207145549",
        "name": "Public Toilets",
        "hours": "24/7",
        "accessible": true,
        "fee": 0,
        "source": "osm",
        "last_verified_at": "2025-08-26T18:32:20.740Z",
        "verified_by": "ingest-agent"
      }
    },
    {
      "type": "Feature",
      "geometry": {
        "type": "Point",
        "coordinates": [
          -0.1596237,
          51.5049358
        ]
      },
      "properties": {
        "id": "osm_node_235424107",
        "name": "Public Toilets",
        "hours": "24/7",
        "accessible": true,
        "fee": 0,
        "source": "osm",
        "last_verified_at": "2025-08-26T18:32:20.740Z",
        "verified_by": "ingest-agent"
      }
    },
    {
      "type": "Feature",
      "geometry": {
        "type": "Point",
        "coordinates": [
          -0.3516626,
          51.4904026
        ]
      },
      "properties": {
        "id": "osm_node_243834668",
        "name": "Public Toilets",
        "hours": "24/7",
        "accessible": true,
        "fee": 0,
        "source": "osm",
        "last_verified_at": "2025-08-26T18:32:20.740Z",
        "verified_by": "ingest-agent"
      }
    },
    {
      "type": "Feature",
      "geometry": {
        "type": "Point",
        "coordinates": [
          -0.0922411,
          51.4814709
        ]
      },
      "properties": {
        "id": "osm_node_247049800",
        "name": "Public Toilets",
        "hours": "24/7",
        "accessible": false,
        "fee": 0,
        "source": "osm",
        "last_verified_at": "2025-08-26T18:32:20.740Z",
        "verified_by": "ingest-agent"
      }
    },
    {
      "type": "Feature",
      "geometry": {
        "type": "Point",
        "coordinates": [
          -0.1602824,
          51.3661622
        ]
      },
      "properties": {
        "id": "osm_node_253369110",
        "name": "Public Toilets",
        "hours": "24/7",
        "accessible": false,
        "fee": 0,
        "source": "osm",
        "last_verified_at": "2025-08-26T18:32:20.740Z",
        "verified_by": "ingest-agent"
      }
    },
    {
      "type": "Feature",
      "geometry": {
        "type": "Point",
        "coordinates": [
          -0.0562347,
          51.51433
        ]
      },
      "properties": {
        "id": "osm_node_255396286",
        "name": "Public Toilets",
        "hours": "24/7",
        "accessible": false,
        "fee": 0,
        "source": "osm",
        "last_verified_at": "2025-08-26T18:32:20.740Z",
        "verified_by": "ingest-agent"
      }
    },
    {
      "type": "Feature",
      "geometry": {
        "type": "Point",
        "coordinates": [
          -0.201334,
          51.5141839
        ]
      },
      "properties": {
        "id": "osm_node_255684945",
        "name": "Public Toilets",
        "hours": "24/7",
        "accessible": false,
        "fee": 0,
        "source": "osm",
        "last_verified_at": "2025-08-26T18:32:20.740Z",
        "verified_by": "ingest-agent"
      }
    },
    {
      "type": "Feature",
      "geometry": {
        "type": "Point",
        "coordinates": [
          -0.1186281,
          51.5176064
        ]
      },
      "properties": {
        "id": "osm_node_257422992",
        "name": "Public Toilets",
        "hours": "24/7",
        "accessible": false,
        "fee": 50,
        "source": "osm",
        "last_verified_at": "2025-08-26T18:32:20.740Z",
        "verified_by": "ingest-agent"
      }
    },
    {
      "type": "Feature",
      "geometry": {
        "type": "Point",
        "coordinates": [
          -0.0862947,
          51.561309
        ]
      },
      "properties": {
        "id": "osm_node_262443427",
        "name": "Public Toilets",
        "hours": "24/7",
        "accessible": true,
        "fee": 0,
        "source": "osm",
        "last_verified_at": "2025-08-26T18:32:20.740Z",
        "verified_by": "ingest-agent"
      }
    },
    {
      "type": "Feature",
      "geometry": {
        "type": "Point",
        "coordinates": [
          -0.1755956,
          51.6319909
        ]
      },
      "properties": {
        "id": "osm_node_267188423",
        "name": "Public Toilets",
        "hours": "24/7",
        "accessible": false,
        "fee": 0,
        "source": "osm",
        "last_verified_at": "2025-08-26T18:32:20.740Z",
        "verified_by": "ingest-agent"
      }
    },
    {
      "type": "Feature",
      "geometry": {
        "type": "Point",
        "coordinates": [
          -0.3235723,
          51.5433675
        ]
      },
      "properties": {
        "id": "osm_node_270748491",
        "name": "Public Toilets",
        "hours": "24/7",
        "accessible": false,
        "fee": 0,
        "source": "osm",
        "last_verified_at": "2025-08-26T18:32:20.740Z",
        "verified_by": "ingest-agent"
      }
    },
    {
      "type": "Feature",
      "geometry": {
        "type": "Point",
        "coordinates": [
          -0.1067566,
          51.4488678
        ]
      },
      "properties": {
        "id": "osm_node_273460550",
        "name": "Public Toilets",
        "hours": "24/7",
        "accessible": false,
        "fee": 0,
        "source": "osm",
        "last_verified_at": "2025-08-26T18:32:20.740Z",
        "verified_by": "ingest-agent"
      }
    },
    {
      "type": "Feature",
      "geometry": {
        "type": "Point",
        "coordinates": [
          -0.066871,
          51.4682771
        ]
      },
      "properties": {
        "id": "osm_node_280885803",
        "name": "Public Toilets",
        "hours": "24/7",
        "accessible": false,
        "fee": 0,
        "source": "osm",
        "last_verified_at": "2025-08-26T18:32:20.740Z",
        "verified_by": "ingest-agent"
      }
    },
    {
      "type": "Feature",
      "geometry": {
        "type": "Point",
        "coordinates": [
          -0.106439,
          51.4486164
        ]
      },
      "properties": {
        "id": "osm_node_281580306",
        "name": "Public Toilets",
        "hours": "24/7",
        "accessible": false,
        "fee": 0,
        "source": "osm",
        "last_verified_at": "2025-08-26T18:32:20.740Z",
        "verified_by": "ingest-agent"
      }
    },
    {
      "type": "Feature",
      "geometry": {
        "type": "Point",
        "coordinates": [
          -0.153889,
          51.5256686
        ]
      },
      "properties": {
        "id": "osm_node_281851493",
        "name": "Public Toilets",
        "hours": "24/7",
        "accessible": true,
        "fee": 0,
        "source": "osm",
        "last_verified_at": "2025-08-26T18:32:20.740Z",
        "verified_by": "ingest-agent"
      }
    },
    {
      "type": "Feature",
      "geometry": {
        "type": "Point",
        "coordinates": [
          -0.1515175,
          51.4451323
        ]
      },
      "properties": {
        "id": "osm_node_286480244",
        "name": "Public Toilets",
        "hours": "24/7",
        "accessible": false,
        "fee": 0,
        "source": "osm",
        "last_verified_at": "2025-08-26T18:32:20.740Z",
        "verified_by": "ingest-agent"
      }
    },
    {
      "type": "Feature",
      "geometry": {
        "type": "Point",
        "coordinates": [
          -0.2803045,
          51.502968
        ]
      },
      "properties": {
        "id": "osm_node_288980690",
        "name": "Public Toilets",
        "hours": "24/7",
        "accessible": false,
        "fee": 0,
        "source": "osm",
        "last_verified_at": "2025-08-26T18:32:20.740Z",
        "verified_by": "ingest-agent"
      }
    },
    {
      "type": "Feature",
      "geometry": {
        "type": "Point",
        "coordinates": [
          -0.1195228,
          51.4219965
        ]
      },
      "properties": {
        "id": "osm_node_291647639",
        "name": "Public Toilets",
        "hours": "24/7",
        "accessible": true,
        "fee": 0,
        "source": "osm",
        "last_verified_at": "2025-08-26T18:32:20.740Z",
        "verified_by": "ingest-agent"
      }
    },
    {
      "type": "Feature",
      "geometry": {
        "type": "Point",
        "coordinates": [
          -0.3668122,
          51.421835
        ]
      },
      "properties": {
        "id": "osm_node_298007677",
        "name": "Accesible",
        "hours": "24/7",
        "accessible": true,
        "fee": 0,
        "source": "osm",
        "last_verified_at": "2025-08-26T18:32:20.740Z",
        "verified_by": "ingest-agent"
      }
    },
    {
      "type": "Feature",
      "geometry": {
        "type": "Point",
        "coordinates": [
          -0.304565,
          51.392321
        ]
      },
      "properties": {
        "id": "osm_node_298288065",
        "name": "Public Toilets",
        "hours": "24/7",
        "accessible": false,
        "fee": 0,
        "source": "osm",
        "last_verified_at": "2025-08-26T18:32:20.740Z",
        "verified_by": "ingest-agent"
      }
    },
    {
      "type": "Feature",
      "geometry": {
        "type": "Point",
        "coordinates": [
          -0.1850462,
          51.5680771
        ]
      },
      "properties": {
        "id": "osm_node_321223692",
        "name": "Public Toilets",
        "hours": "24/7",
        "accessible": false,
        "fee": 0,
        "source": "osm",
        "last_verified_at": "2025-08-26T18:32:20.740Z",
        "verified_by": "ingest-agent"
      }
    },
    {
      "type": "Feature",
      "geometry": {
        "type": "Point",
        "coordinates": [
          -0.2647696,
          51.4837901
        ]
      },
      "properties": {
        "id": "osm_node_321311369",
        "name": "Public Toilets",
        "hours": "Permanently Closed",
        "accessible": false,
        "fee": 0,
        "source": "osm",
        "last_verified_at": "2025-08-26T18:32:20.740Z",
        "verified_by": "ingest-agent"
      }
    },
    {
      "type": "Feature",
      "geometry": {
        "type": "Point",
        "coordinates": [
          -0.2930826,
          51.5300139
        ]
      },
      "properties": {
        "id": "osm_node_323990551",
        "name": "Public Toilets",
        "hours": "24/7",
        "accessible": false,
        "fee": 0,
        "source": "osm",
        "last_verified_at": "2025-08-26T18:32:20.740Z",
        "verified_by": "ingest-agent"
      }
    },
    {
      "type": "Feature",
      "geometry": {
        "type": "Point",
        "coordinates": [
          -0.4330959,
          51.5908323
        ]
      },
      "properties": {
        "id": "osm_node_329105463",
        "name": "Public Toilets",
        "hours": "24/7",
        "accessible": false,
        "fee": 0,
        "source": "osm",
        "last_verified_at": "2025-08-26T18:32:20.740Z",
        "verified_by": "ingest-agent"
      }
    },
    {
      "type": "Feature",
      "geometry": {
        "type": "Point",
        "coordinates": [
          -0.166981,
          51.5715869
        ]
      },
      "properties": {
        "id": "osm_node_331289045",
        "name": "Public Toilets",
        "hours": "24/7",
        "accessible": false,
        "fee": 0,
        "source": "osm",
        "last_verified_at": "2025-08-26T18:32:20.740Z",
        "verified_by": "ingest-agent"
      }
    },
    {
      "type": "Feature",
      "geometry": {
        "type": "Point",
        "coordinates": [
          -0.1941982,
          51.5720875
        ]
      },
      "properties": {
        "id": "osm_node_331922282",
        "name": "Public Toilets",
        "hours": "24/7",
        "accessible": true,
        "fee": 0,
        "source": "osm",
        "last_verified_at": "2025-08-26T18:32:20.740Z",
        "verified_by": "ingest-agent"
      }
    },
    {
      "type": "Feature",
      "geometry": {
        "type": "Point",
        "coordinates": [
          -0.1435921,
          51.5693017
        ]
      },
      "properties": {
        "id": "osm_node_332925681",
        "name": "Public Toilets",
        "hours": "24/7",
        "accessible": false,
        "fee": 0,
        "source": "osm",
        "last_verified_at": "2025-08-26T18:32:20.740Z",
        "verified_by": "ingest-agent"
      }
    },
    {
      "type": "Feature",
      "geometry": {
        "type": "Point",
        "coordinates": [
          -0.1100686,
          51.5180079
        ]
      },
      "properties": {
        "id": "osm_node_338472531",
        "name": "Public Toilets",
        "hours": "24/7",
        "accessible": false,
        "fee": 0,
        "source": "osm",
        "last_verified_at": "2025-08-26T18:32:20.740Z",
        "verified_by": "ingest-agent"
      }
    },
    {
      "type": "Feature",
      "geometry": {
        "type": "Point",
        "coordinates": [
          -0.1285272,
          51.5082444
        ]
      },
      "properties": {
        "id": "osm_node_339925126",
        "name": "Trafalgar Square Toilets",
        "hours": "Mo-Su 10:00-20:00",
        "accessible": true,
        "fee": 50,
        "source": "osm",
        "last_verified_at": "2025-08-26T18:32:20.740Z",
        "verified_by": "ingest-agent"
      }
    },
    {
      "type": "Feature",
      "geometry": {
        "type": "Point",
        "coordinates": [
          -0.1133529,
          51.503634
        ]
      },
      "properties": {
        "id": "osm_node_344521109",
        "name": "Waterloo Station",
        "hours": "24/7",
        "accessible": true,
        "fee": 0,
        "source": "osm",
        "last_verified_at": "2025-08-26T18:32:20.740Z",
        "verified_by": "ingest-agent"
      }
    },
    {
      "type": "Feature",
      "geometry": {
        "type": "Point",
        "coordinates": [
          -0.1299631,
          51.510791
        ]
      },
      "properties": {
        "id": "osm_node_348814978",
        "name": "Public Toilets",
        "hours": "24/7",
        "accessible": false,
        "fee": 0,
        "source": "osm",
        "last_verified_at": "2025-08-26T18:32:20.740Z",
        "verified_by": "ingest-agent"
      }
    },
    {
      "type": "Feature",
      "geometry": {
        "type": "Point",
        "coordinates": [
          -0.085803,
          51.5109208
        ]
      },
      "properties": {
        "id": "osm_node_350409063",
        "name": "Public Toilets",
        "hours": "off",
        "accessible": false,
        "fee": 50,
        "source": "osm",
        "last_verified_at": "2025-08-26T18:32:20.740Z",
        "verified_by": "ingest-agent"
      }
    },
    {
      "type": "Feature",
      "geometry": {
        "type": "Point",
        "coordinates": [
          -0.2320216,
          51.4377534
        ]
      },
      "properties": {
        "id": "osm_node_353890734",
        "name": "Public Toilets",
        "hours": "24/7",
        "accessible": false,
        "fee": 0,
        "source": "osm",
        "last_verified_at": "2025-08-26T18:32:20.740Z",
        "verified_by": "ingest-agent"
      }
    },
    {
      "type": "Feature",
      "geometry": {
        "type": "Point",
        "coordinates": [
          -0.1622275,
          51.6191395
        ]
      },
      "properties": {
        "id": "osm_node_366238452",
        "name": "Public Toilets",
        "hours": "24/7",
        "accessible": false,
        "fee": 0,
        "source": "osm",
        "last_verified_at": "2025-08-26T18:32:20.740Z",
        "verified_by": "ingest-agent"
      }
    },
    {
      "type": "Feature",
      "geometry": {
        "type": "Point",
        "coordinates": [
          -0.2901484,
          51.3860092
        ]
      },
      "properties": {
        "id": "osm_node_369007992",
        "name": "Public Toilets",
        "hours": "24/7",
        "accessible": true,
        "fee": 0,
        "source": "osm",
        "last_verified_at": "2025-08-26T18:32:20.740Z",
        "verified_by": "ingest-agent"
      }
    },
    {
      "type": "Feature",
      "geometry": {
        "type": "Point",
        "coordinates": [
          -0.0786093,
          51.4452359
        ]
      },
      "properties": {
        "id": "osm_node_370261548",
        "name": "Public Toilets",
        "hours": "24/7",
        "accessible": false,
        "fee": 0,
        "source": "osm",
        "last_verified_at": "2025-08-26T18:32:20.740Z",
        "verified_by": "ingest-agent"
      }
    },
    {
      "type": "Feature",
      "geometry": {
        "type": "Point",
        "coordinates": [
          -0.132367,
          51.515633
        ]
      },
      "properties": {
        "id": "osm_node_380494795",
        "name": "Public Toilets",
        "hours": "24/7",
        "accessible": false,
        "fee": 0,
        "source": "osm",
        "last_verified_at": "2025-08-26T18:32:20.740Z",
        "verified_by": "ingest-agent"
      }
    },
    {
      "type": "Feature",
      "geometry": {
        "type": "Point",
        "coordinates": [
          -0.2211708,
          51.4529298
        ]
      },
      "properties": {
        "id": "osm_node_386703361",
        "name": "Public Toilets",
        "hours": "24/7",
        "accessible": true,
        "fee": 50,
        "source": "osm",
        "last_verified_at": "2025-08-26T18:32:20.740Z",
        "verified_by": "ingest-agent"
      }
    },
    {
      "type": "Feature",
      "geometry": {
        "type": "Point",
        "coordinates": [
          -0.1580494,
          51.5325517
        ]
      },
      "properties": {
        "id": "osm_node_389688170",
        "name": "Public Toilets",
        "hours": "24/7",
        "accessible": true,
        "fee": 0,
        "source": "osm",
        "last_verified_at": "2025-08-26T18:32:20.740Z",
        "verified_by": "ingest-agent"
      }
    },
    {
      "type": "Feature",
      "geometry": {
        "type": "Point",
        "coordinates": [
          -0.282868,
          51.6252845
        ]
      },
      "properties": {
        "id": "osm_node_414239364",
        "name": "Public Toilets",
        "hours": "24/7",
        "accessible": false,
        "fee": 0,
        "source": "osm",
        "last_verified_at": "2025-08-26T18:32:20.740Z",
        "verified_by": "ingest-agent"
      }
    },
    {
      "type": "Feature",
      "geometry": {
        "type": "Point",
        "coordinates": [
          -0.0328813,
          51.532468
        ]
      },
      "properties": {
        "id": "osm_node_443418088",
        "name": "Public Toilets",
        "hours": "24/7",
        "accessible": false,
        "fee": 50,
        "source": "osm",
        "last_verified_at": "2025-08-26T18:32:20.740Z",
        "verified_by": "ingest-agent"
      }
    },
    {
      "type": "Feature",
      "geometry": {
        "type": "Point",
        "coordinates": [
          0.0895002,
          51.3531776
        ]
      },
      "properties": {
        "id": "osm_node_461686710",
        "name": "Public Toilets",
        "hours": "24/7",
        "accessible": false,
        "fee": 0,
        "source": "osm",
        "last_verified_at": "2025-08-26T18:32:20.740Z",
        "verified_by": "ingest-agent"
      }
    },
    {
      "type": "Feature",
      "geometry": {
        "type": "Point",
        "coordinates": [
          -0.0101646,
          51.4821653
        ]
      },
      "properties": {
        "id": "osm_node_477366640",
        "name": "Cutty Sark Toilets",
        "hours": "24/7",
        "accessible": true,
        "fee": 50,
        "source": "osm",
        "last_verified_at": "2025-08-26T18:32:20.740Z",
        "verified_by": "ingest-agent"
      }
    },
    {
      "type": "Feature",
      "geometry": {
        "type": "Point",
        "coordinates": [
          0.0718831,
          51.4375837
        ]
      },
      "properties": {
        "id": "osm_node_477530711",
        "name": "Public Toilets",
        "hours": "24/7",
        "accessible": true,
        "fee": 0,
        "source": "osm",
        "last_verified_at": "2025-08-26T18:32:20.740Z",
        "verified_by": "ingest-agent"
      }
    },
    {
      "type": "Feature",
      "geometry": {
        "type": "Point",
        "coordinates": [
          0.0452522,
          51.4895719
        ]
      },
      "properties": {
        "id": "osm_node_482704445",
        "name": "Public Toilets",
        "hours": "24/7",
        "accessible": false,
        "fee": 0,
        "source": "osm",
        "last_verified_at": "2025-08-26T18:32:20.740Z",
        "verified_by": "ingest-agent"
      }
    },
    {
      "type": "Feature",
      "geometry": {
        "type": "Point",
        "coordinates": [
          0.1794199,
          51.4522897
        ]
      },
      "properties": {
        "id": "osm_node_491410750",
        "name": "Public Toilets",
        "hours": "24/7",
        "accessible": false,
        "fee": 50,
        "source": "osm",
        "last_verified_at": "2025-08-26T18:32:20.740Z",
        "verified_by": "ingest-agent"
      }
    },
    {
      "type": "Feature",
      "geometry": {
        "type": "Point",
        "coordinates": [
          -0.135737,
          51.5136431
        ]
      },
      "properties": {
        "id": "osm_node_499350869",
        "name": "Public Toilets",
        "hours": "24/7",
        "accessible": true,
        "fee": 50,
        "source": "osm",
        "last_verified_at": "2025-08-26T18:32:20.740Z",
        "verified_by": "ingest-agent"
      }
    },
    {
      "type": "Feature",
      "geometry": {
        "type": "Point",
        "coordinates": [
          -0.2014118,
          51.5243719
        ]
      },
      "properties": {
        "id": "osm_node_511645366",
        "name": "Public Toilets",
        "hours": "24/7",
        "accessible": false,
        "fee": 0,
        "source": "osm",
        "last_verified_at": "2025-08-26T18:32:20.740Z",
        "verified_by": "ingest-agent"
      }
    },
    {
      "type": "Feature",
      "geometry": {
        "type": "Point",
        "coordinates": [
          -0.0816015,
          51.5176778
        ]
      },
      "properties": {
        "id": "osm_node_553308759",
        "name": "Public Toilets",
        "hours": "24/7",
        "accessible": true,
        "fee": 0,
        "source": "osm",
        "last_verified_at": "2025-08-26T18:32:20.740Z",
        "verified_by": "ingest-agent"
      }
    },
    {
      "type": "Feature",
      "geometry": {
        "type": "Point",
        "coordinates": [
          -0.0202054,
          51.3999246
        ]
      },
      "properties": {
        "id": "osm_node_563313189",
        "name": "Public Toilets",
        "hours": "24/7",
        "accessible": false,
        "fee": 0,
        "source": "osm",
        "last_verified_at": "2025-08-26T18:32:20.740Z",
        "verified_by": "ingest-agent"
      }
    },
    {
      "type": "Feature",
      "geometry": {
        "type": "Point",
        "coordinates": [
          -0.1781289,
          51.4800331
        ]
      },
      "properties": {
        "id": "osm_node_564744078",
        "name": "Public Toilets",
        "hours": "24/7",
        "accessible": false,
        "fee": 0,
        "source": "osm",
        "last_verified_at": "2025-08-26T18:32:20.740Z",
        "verified_by": "ingest-agent"
      }
    },
    {
      "type": "Feature",
      "geometry": {
        "type": "Point",
        "coordinates": [
          -0.1216725,
          51.5117346
        ]
      },
      "properties": {
        "id": "osm_node_566313868",
        "name": "Public Toilets",
        "hours": "24/7",
        "accessible": true,
        "fee": 0,
        "source": "osm",
        "last_verified_at": "2025-08-26T18:32:20.740Z",
        "verified_by": "ingest-agent"
      }
    },
    {
      "type": "Feature",
      "geometry": {
        "type": "Point",
        "coordinates": [
          -0.1499555,
          51.5824191
        ]
      },
      "properties": {
        "id": "osm_node_581143053",
        "name": "Public Toilets",
        "hours": "24/7",
        "accessible": false,
        "fee": 0,
        "source": "osm",
        "last_verified_at": "2025-08-26T18:32:20.740Z",
        "verified_by": "ingest-agent"
      }
    },
    {
      "type": "Feature",
      "geometry": {
        "type": "Point",
        "coordinates": [
          -0.121849,
          51.5075636
        ]
      },
      "properties": {
        "id": "osm_node_588175347",
        "name": "Embankment Toilets",
        "hours": "24/7",
        "accessible": true,
        "fee": 50,
        "source": "osm",
        "last_verified_at": "2025-08-26T18:32:20.740Z",
        "verified_by": "ingest-agent"
      }
    },
    {
      "type": "Feature",
      "geometry": {
        "type": "Point",
        "coordinates": [
          -0.1259481,
          51.5089214
        ]
      },
      "properties": {
        "id": "osm_node_596763309",
        "name": "Public Toilets",
        "hours": "24/7",
        "accessible": false,
        "fee": 0,
        "source": "osm",
        "last_verified_at": "2025-08-26T18:32:20.740Z",
        "verified_by": "ingest-agent"
      }
    },
    {
      "type": "Feature",
      "geometry": {
        "type": "Point",
        "coordinates": [
          -0.2068223,
          51.518342
        ]
      },
      "properties": {
        "id": "osm_node_639141976",
        "name": "Pay toilet accessable",
        "hours": "24/7",
        "accessible": true,
        "fee": 50,
        "source": "osm",
        "last_verified_at": "2025-08-26T18:32:20.740Z",
        "verified_by": "ingest-agent"
      }
    },
    {
      "type": "Feature",
      "geometry": {
        "type": "Point",
        "coordinates": [
          -0.0823788,
          51.4174712
        ]
      },
      "properties": {
        "id": "osm_node_646762510",
        "name": "Public Toilets",
        "hours": "24/7",
        "accessible": false,
        "fee": 0,
        "source": "osm",
        "last_verified_at": "2025-08-26T18:32:20.740Z",
        "verified_by": "ingest-agent"
      }
    },
    {
      "type": "Feature",
      "geometry": {
        "type": "Point",
        "coordinates": [
          -0.0725826,
          51.5474149
        ]
      },
      "properties": {
        "id": "osm_node_654083991",
        "name": "Public Toilets",
        "hours": "24/7",
        "accessible": true,
        "fee": 50,
        "source": "osm",
        "last_verified_at": "2025-08-26T18:32:20.740Z",
        "verified_by": "ingest-agent"
      }
    },
    {
      "type": "Feature",
      "geometry": {
        "type": "Point",
        "coordinates": [
          -0.217745,
          51.472008
        ]
      },
      "properties": {
        "id": "osm_node_662427640",
        "name": "Public Toilets",
        "hours": "24/7",
        "accessible": true,
        "fee": 0,
        "source": "osm",
        "last_verified_at": "2025-08-26T18:32:20.740Z",
        "verified_by": "ingest-agent"
      }
    },
    {
      "type": "Feature",
      "geometry": {
        "type": "Point",
        "coordinates": [
          -0.0788891,
          51.5088161
        ]
      },
      "properties": {
        "id": "osm_node_694510919",
        "name": "Public Toilets",
        "hours": "24/7",
        "accessible": true,
        "fee": 50,
        "source": "osm",
        "last_verified_at": "2025-08-26T18:32:20.740Z",
        "verified_by": "ingest-agent"
      }
    },
    {
      "type": "Feature",
      "geometry": {
        "type": "Point",
        "coordinates": [
          -0.292875,
          51.4834214
        ]
      },
      "properties": {
        "id": "osm_node_703499479",
        "name": "Orangery Restaurant",
        "hours": "24/7",
        "accessible": true,
        "fee": 0,
        "source": "osm",
        "last_verified_at": "2025-08-26T18:32:20.740Z",
        "verified_by": "ingest-agent"
      }
    },
    {
      "type": "Feature",
      "geometry": {
        "type": "Point",
        "coordinates": [
          -0.1147889,
          51.5126537
        ]
      },
      "properties": {
        "id": "osm_node_704892236",
        "name": "Public Toilets",
        "hours": "24/7",
        "accessible": true,
        "fee": 0,
        "source": "osm",
        "last_verified_at": "2025-08-26T18:32:20.740Z",
        "verified_by": "ingest-agent"
      }
    },
    {
      "type": "Feature",
      "geometry": {
        "type": "Point",
        "coordinates": [
          -0.1127436,
          51.4629238
        ]
      },
      "properties": {
        "id": "osm_node_705074466",
        "name": "Pope's Road Toilets",
        "hours": "24/7",
        "accessible": false,
        "fee": 0,
        "source": "osm",
        "last_verified_at": "2025-08-26T18:32:20.740Z",
        "verified_by": "ingest-agent"
      }
    },
    {
      "type": "Feature",
      "geometry": {
        "type": "Point",
        "coordinates": [
          -0.4378046,
          51.5697632
        ]
      },
      "properties": {
        "id": "osm_node_727674428",
        "name": "Public Toilets",
        "hours": "6:30-00:00",
        "accessible": false,
        "fee": 0,
        "source": "osm",
        "last_verified_at": "2025-08-26T18:32:20.740Z",
        "verified_by": "ingest-agent"
      }
    },
    {
      "type": "Feature",
      "geometry": {
        "type": "Point",
        "coordinates": [
          -0.156019,
          51.4819167
        ]
      },
      "properties": {
        "id": "osm_node_736819740",
        "name": "Public Toilets",
        "hours": "24/7",
        "accessible": true,
        "fee": 0,
        "source": "osm",
        "last_verified_at": "2025-08-26T18:32:20.740Z",
        "verified_by": "ingest-agent"
      }
    },
    {
      "type": "Feature",
      "geometry": {
        "type": "Point",
        "coordinates": [
          -0.0855446,
          51.5099801
        ]
      },
      "properties": {
        "id": "osm_node_739681434",
        "name": "Public Toilets",
        "hours": "24/7",
        "accessible": true,
        "fee": 0,
        "source": "osm",
        "last_verified_at": "2025-08-26T18:32:20.740Z",
        "verified_by": "ingest-agent"
      }
    },
    {
      "type": "Feature",
      "geometry": {
        "type": "Point",
        "coordinates": [
          -0.0993426,
          51.514314
        ]
      },
      "properties": {
        "id": "osm_node_747813217",
        "name": "Public Toilets",
        "hours": "24/7",
        "accessible": true,
        "fee": 50,
        "source": "osm",
        "last_verified_at": "2025-08-26T18:32:20.740Z",
        "verified_by": "ingest-agent"
      }
    },
    {
      "type": "Feature",
      "geometry": {
        "type": "Point",
        "coordinates": [
          -0.1177473,
          51.5103781
        ]
      },
      "properties": {
        "id": "osm_node_751735279",
        "name": "Public Toilets",
        "hours": "24/7",
        "accessible": false,
        "fee": 0,
        "source": "osm",
        "last_verified_at": "2025-08-26T18:32:20.740Z",
        "verified_by": "ingest-agent"
      }
    },
    {
      "type": "Feature",
      "geometry": {
        "type": "Point",
        "coordinates": [
          -0.1891727,
          51.5665686
        ]
      },
      "properties": {
        "id": "osm_node_804289634",
        "name": "Public Toilets",
        "hours": "24/7",
        "accessible": true,
        "fee": 0,
        "source": "osm",
        "last_verified_at": "2025-08-26T18:32:20.740Z",
        "verified_by": "ingest-agent"
      }
    },
    {
      "type": "Feature",
      "geometry": {
        "type": "Point",
        "coordinates": [
          0.0337012,
          51.5015868
        ]
      },
      "properties": {
        "id": "osm_node_819828632",
        "name": "Public Toilets",
        "hours": "24/7",
        "accessible": true,
        "fee": 0,
        "source": "osm",
        "last_verified_at": "2025-08-26T18:32:20.740Z",
        "verified_by": "ingest-agent"
      }
    },
    {
      "type": "Feature",
      "geometry": {
        "type": "Point",
        "coordinates": [
          -0.0841681,
          51.6518911
        ]
      },
      "properties": {
        "id": "osm_node_885335037",
        "name": "Public Toilets",
        "hours": "24/7",
        "accessible": true,
        "fee": 0,
        "source": "osm",
        "last_verified_at": "2025-08-26T18:32:20.740Z",
        "verified_by": "ingest-agent"
      }
    },
    {
      "type": "Feature",
      "geometry": {
        "type": "Point",
        "coordinates": [
          0.1295894,
          51.5695711
        ]
      },
      "properties": {
        "id": "osm_node_888429921",
        "name": "Public Toilets",
        "hours": "24/7",
        "accessible": false,
        "fee": 0,
        "source": "osm",
        "last_verified_at": "2025-08-26T18:32:20.740Z",
        "verified_by": "ingest-agent"
      }
    },
    {
      "type": "Feature",
      "geometry": {
        "type": "Point",
        "coordinates": [
          -0.086416,
          51.504837
        ]
      },
      "properties": {
        "id": "osm_node_918721618",
        "name": "Public Toilets",
        "hours": "24/7",
        "accessible": true,
        "fee": 0,
        "source": "osm",
        "last_verified_at": "2025-08-26T18:32:20.740Z",
        "verified_by": "ingest-agent"
      }
    },
    {
      "type": "Feature",
      "geometry": {
        "type": "Point",
        "coordinates": [
          -0.2032943,
          51.5014656
        ]
      },
      "properties": {
        "id": "osm_node_919741103",
        "name": "Public Toilets",
        "hours": "24/7",
        "accessible": true,
        "fee": 0,
        "source": "osm",
        "last_verified_at": "2025-08-26T18:32:20.740Z",
        "verified_by": "ingest-agent"
      }
    },
    {
      "type": "Feature",
      "geometry": {
        "type": "Point",
        "coordinates": [
          -0.3590205,
          51.4524203
        ]
      },
      "properties": {
        "id": "osm_node_929322934",
        "name": "Whitton Library toilets",
        "hours": "24/7",
        "accessible": false,
        "fee": 0,
        "source": "osm",
        "last_verified_at": "2025-08-26T18:32:20.740Z",
        "verified_by": "ingest-agent"
      }
    },
    {
      "type": "Feature",
      "geometry": {
        "type": "Point",
        "coordinates": [
          -0.2508192,
          51.5596208
        ]
      },
      "properties": {
        "id": "osm_node_935555307",
        "name": "Public Toilets",
        "hours": "24/7",
        "accessible": false,
        "fee": 50,
        "source": "osm",
        "last_verified_at": "2025-08-26T18:32:20.740Z",
        "verified_by": "ingest-agent"
      }
    },
    {
      "type": "Feature",
      "geometry": {
        "type": "Point",
        "coordinates": [
          -0.078585,
          51.5045004
        ]
      },
      "properties": {
        "id": "osm_node_1088333795",
        "name": "Public Toilets",
        "hours": "24/7",
        "accessible": true,
        "fee": 50,
        "source": "osm",
        "last_verified_at": "2025-08-26T18:32:20.740Z",
        "verified_by": "ingest-agent"
      }
    },
    {
      "type": "Feature",
      "geometry": {
        "type": "Point",
        "coordinates": [
          -0.1237464,
          51.4860258
        ]
      },
      "properties": {
        "id": "osm_node_1090774423",
        "name": "Vauxhall bus station",
        "hours": "Mo-Sa 06:00-20:00; Su 10:00-17:30",
        "accessible": true,
        "fee": 50,
        "source": "osm",
        "last_verified_at": "2025-08-26T18:32:20.740Z",
        "verified_by": "ingest-agent"
      }
    },
    {
      "type": "Feature",
      "geometry": {
        "type": "Point",
        "coordinates": [
          -0.0825117,
          51.5048975
        ]
      },
      "properties": {
        "id": "osm_node_1102236526",
        "name": "Public Toilets",
        "hours": "24/7",
        "accessible": true,
        "fee": 50,
        "source": "osm",
        "last_verified_at": "2025-08-26T18:32:20.740Z",
        "verified_by": "ingest-agent"
      }
    },
    {
      "type": "Feature",
      "geometry": {
        "type": "Point",
        "coordinates": [
          -0.1434289,
          51.5072871
        ]
      },
      "properties": {
        "id": "osm_node_1115390365",
        "name": "Public Toilets",
        "hours": "24/7",
        "accessible": true,
        "fee": 50,
        "source": "osm",
        "last_verified_at": "2025-08-26T18:32:20.740Z",
        "verified_by": "ingest-agent"
      }
    },
    {
      "type": "Feature",
      "geometry": {
        "type": "Point",
        "coordinates": [
          -0.1056616,
          51.4728297
        ]
      },
      "properties": {
        "id": "osm_node_1174213694",
        "name": "Public Toilets",
        "hours": "24/7",
        "accessible": false,
        "fee": 0,
        "source": "osm",
        "last_verified_at": "2025-08-26T18:32:20.740Z",
        "verified_by": "ingest-agent"
      }
    },
    {
      "type": "Feature",
      "geometry": {
        "type": "Point",
        "coordinates": [
          -0.1161799,
          51.4374437
        ]
      },
      "properties": {
        "id": "osm_node_1186119761",
        "name": "Public Toilets",
        "hours": "24/7",
        "accessible": true,
        "fee": 0,
        "source": "osm",
        "last_verified_at": "2025-08-26T18:32:20.740Z",
        "verified_by": "ingest-agent"
      }
    },
    {
      "type": "Feature",
      "geometry": {
        "type": "Point",
        "coordinates": [
          -0.3370847,
          51.5791364
        ]
      },
      "properties": {
        "id": "osm_node_1226107944",
        "name": "Harrow-on-the-Hill Tube Station",
        "hours": "24/7",
        "accessible": false,
        "fee": 0,
        "source": "osm",
        "last_verified_at": "2025-08-26T18:32:20.740Z",
        "verified_by": "ingest-agent"
      }
    },
    {
      "type": "Feature",
      "geometry": {
        "type": "Point",
        "coordinates": [
          -0.3372261,
          51.5791737
        ]
      },
      "properties": {
        "id": "osm_node_1226108166",
        "name": "Harrow-on-the-Hill Tube Station",
        "hours": "24/7",
        "accessible": false,
        "fee": 0,
        "source": "osm",
        "last_verified_at": "2025-08-26T18:32:20.740Z",
        "verified_by": "ingest-agent"
      }
    },
    {
      "type": "Feature",
      "geometry": {
        "type": "Point",
        "coordinates": [
          -0.1251355,
          51.5702232
        ]
      },
      "properties": {
        "id": "osm_node_1255801499",
        "name": "Public Toilets",
        "hours": "24/7",
        "accessible": false,
        "fee": 0,
        "source": "osm",
        "last_verified_at": "2025-08-26T18:32:20.740Z",
        "verified_by": "ingest-agent"
      }
    },
    {
      "type": "Feature",
      "geometry": {
        "type": "Point",
        "coordinates": [
          0.1461723,
          51.4571036
        ]
      },
      "properties": {
        "id": "osm_node_1279780460",
        "name": "Public Toilets",
        "hours": "24/7",
        "accessible": true,
        "fee": 50,
        "source": "osm",
        "last_verified_at": "2025-08-26T18:32:20.740Z",
        "verified_by": "ingest-agent"
      }
    },
    {
      "type": "Feature",
      "geometry": {
        "type": "Point",
        "coordinates": [
          0.0096065,
          51.6329096
        ]
      },
      "properties": {
        "id": "osm_node_1296405857",
        "name": "Public Toilets",
        "hours": "24/7",
        "accessible": false,
        "fee": 0,
        "source": "osm",
        "last_verified_at": "2025-08-26T18:32:20.740Z",
        "verified_by": "ingest-agent"
      }
    },
    {
      "type": "Feature",
      "geometry": {
        "type": "Point",
        "coordinates": [
          -0.2244673,
          51.5119769
        ]
      },
      "properties": {
        "id": "osm_node_1296610762",
        "name": "Public Toilets",
        "hours": "24/7",
        "accessible": false,
        "fee": 0,
        "source": "osm",
        "last_verified_at": "2025-08-26T18:32:20.740Z",
        "verified_by": "ingest-agent"
      }
    },
    {
      "type": "Feature",
      "geometry": {
        "type": "Point",
        "coordinates": [
          -0.1993132,
          51.5672558
        ]
      },
      "properties": {
        "id": "osm_node_1304102792",
        "name": "Public Toilets",
        "hours": "24/7",
        "accessible": false,
        "fee": 0,
        "source": "osm",
        "last_verified_at": "2025-08-26T18:32:20.740Z",
        "verified_by": "ingest-agent"
      }
    },
    {
      "type": "Feature",
      "geometry": {
        "type": "Point",
        "coordinates": [
          -0.1699682,
          51.5046549
        ]
      },
      "properties": {
        "id": "osm_node_1306552273",
        "name": "Public Toilets",
        "hours": "24/7",
        "accessible": true,
        "fee": 0,
        "source": "osm",
        "last_verified_at": "2025-08-26T18:32:20.740Z",
        "verified_by": "ingest-agent"
      }
    },
    {
      "type": "Feature",
      "geometry": {
        "type": "Point",
        "coordinates": [
          -0.3758228,
          51.5403919
        ]
      },
      "properties": {
        "id": "osm_node_1313266175",
        "name": "Public Toilets",
        "hours": "24/7",
        "accessible": false,
        "fee": 0,
        "source": "osm",
        "last_verified_at": "2025-08-26T18:32:20.740Z",
        "verified_by": "ingest-agent"
      }
    },
    {
      "type": "Feature",
      "geometry": {
        "type": "Point",
        "coordinates": [
          -0.2814885,
          51.5567871
        ]
      },
      "properties": {
        "id": "osm_node_1313535473",
        "name": "Public Toilets",
        "hours": "24/7",
        "accessible": false,
        "fee": 0,
        "source": "osm",
        "last_verified_at": "2025-08-26T18:32:20.740Z",
        "verified_by": "ingest-agent"
      }
    },
    {
      "type": "Feature",
      "geometry": {
        "type": "Point",
        "coordinates": [
          -0.1006053,
          51.5108756
        ]
      },
      "properties": {
        "id": "osm_node_1320893735",
        "name": "Paul's Walk",
        "hours": "24/7",
        "accessible": false,
        "fee": 50,
        "source": "osm",
        "last_verified_at": "2025-08-26T18:32:20.740Z",
        "verified_by": "ingest-agent"
      }
    },
    {
      "type": "Feature",
      "geometry": {
        "type": "Point",
        "coordinates": [
          -0.1051439,
          51.5108717
        ]
      },
      "properties": {
        "id": "osm_node_1320895538",
        "name": "Blackfriars Millennium Pier",
        "hours": "24/7",
        "accessible": false,
        "fee": 0,
        "source": "osm",
        "last_verified_at": "2025-08-26T18:32:20.740Z",
        "verified_by": "ingest-agent"
      }
    },
    {
      "type": "Feature",
      "geometry": {
        "type": "Point",
        "coordinates": [
          -0.0005097,
          51.5419018
        ]
      },
      "properties": {
        "id": "osm_node_1321888834",
        "name": "Public Toilets",
        "hours": "Mo-Sa 09:00-18:00; Su,PH 09:00-18:00",
        "accessible": true,
        "fee": 50,
        "source": "osm",
        "last_verified_at": "2025-08-26T18:32:20.741Z",
        "verified_by": "ingest-agent"
      }
    },
    {
      "type": "Feature",
      "geometry": {
        "type": "Point",
        "coordinates": [
          -0.2905818,
          51.4785757
        ]
      },
      "properties": {
        "id": "osm_node_1333739507",
        "name": "Public Toilets",
        "hours": "24/7",
        "accessible": true,
        "fee": 0,
        "source": "osm",
        "last_verified_at": "2025-08-26T18:32:20.741Z",
        "verified_by": "ingest-agent"
      }
    },
    {
      "type": "Feature",
      "geometry": {
        "type": "Point",
        "coordinates": [
          -0.2128375,
          51.4319454
        ]
      },
      "properties": {
        "id": "osm_node_1361990617",
        "name": "Public Toilets",
        "hours": "24/7",
        "accessible": false,
        "fee": 0,
        "source": "osm",
        "last_verified_at": "2025-08-26T18:32:20.741Z",
        "verified_by": "ingest-agent"
      }
    },
    {
      "type": "Feature",
      "geometry": {
        "type": "Point",
        "coordinates": [
          0.1165331,
          51.4579086
        ]
      },
      "properties": {
        "id": "osm_node_1364665481",
        "name": "Public Toilets",
        "hours": "24/7",
        "accessible": false,
        "fee": 0,
        "source": "osm",
        "last_verified_at": "2025-08-26T18:32:20.741Z",
        "verified_by": "ingest-agent"
      }
    },
    {
      "type": "Feature",
      "geometry": {
        "type": "Point",
        "coordinates": [
          -0.2042082,
          51.6557208
        ]
      },
      "properties": {
        "id": "osm_node_1376858185",
        "name": "Public Toilets",
        "hours": "Mo-Th 08:30-20:00; Fr 08:30-21:00; Sa 08:30-19:00; Su 10:00-16:00",
        "accessible": true,
        "fee": 0,
        "source": "osm",
        "last_verified_at": "2025-08-26T18:32:20.741Z",
        "verified_by": "ingest-agent"
      }
    },
    {
      "type": "Feature",
      "geometry": {
        "type": "Point",
        "coordinates": [
          -0.2159205,
          51.4616678
        ]
      },
      "properties": {
        "id": "osm_node_1390249803",
        "name": "Putney Library",
        "hours": "Mo,We,Th 09:00-20:00; Sa 09:00-17:00; Su 13:00-17:00; Fr 09:00-17:00",
        "accessible": true,
        "fee": 0,
        "source": "osm",
        "last_verified_at": "2025-08-26T18:32:20.741Z",
        "verified_by": "ingest-agent"
      }
    },
    {
      "type": "Feature",
      "geometry": {
        "type": "Point",
        "coordinates": [
          -0.1026166,
          51.4744846
        ]
      },
      "properties": {
        "id": "osm_node_1412226827",
        "name": "Public Toilets",
        "hours": "24/7",
        "accessible": false,
        "fee": 0,
        "source": "osm",
        "last_verified_at": "2025-08-26T18:32:20.741Z",
        "verified_by": "ingest-agent"
      }
    },
    {
      "type": "Feature",
      "geometry": {
        "type": "Point",
        "coordinates": [
          -0.1893213,
          51.4812706
        ]
      },
      "properties": {
        "id": "osm_node_1421212310",
        "name": "Public Toilets",
        "hours": "24/7",
        "accessible": false,
        "fee": 0,
        "source": "osm",
        "last_verified_at": "2025-08-26T18:32:20.741Z",
        "verified_by": "ingest-agent"
      }
    },
    {
      "type": "Feature",
      "geometry": {
        "type": "Point",
        "coordinates": [
          -0.308198,
          51.5097118
        ]
      },
      "properties": {
        "id": "osm_node_1421816194",
        "name": "Public Toilets",
        "hours": "24/7",
        "accessible": false,
        "fee": 0,
        "source": "osm",
        "last_verified_at": "2025-08-26T18:32:20.741Z",
        "verified_by": "ingest-agent"
      }
    },
    {
      "type": "Feature",
      "geometry": {
        "type": "Point",
        "coordinates": [
          -0.152822,
          51.5491416
        ]
      },
      "properties": {
        "id": "osm_node_1422401250",
        "name": "Queen's Crescent",
        "hours": "24/7",
        "accessible": false,
        "fee": 50,
        "source": "osm",
        "last_verified_at": "2025-08-26T18:32:20.741Z",
        "verified_by": "ingest-agent"
      }
    },
    {
      "type": "Feature",
      "geometry": {
        "type": "Point",
        "coordinates": [
          -0.2762163,
          51.4313338
        ]
      },
      "properties": {
        "id": "osm_node_1425191724",
        "name": "Public Toilets",
        "hours": "24/7",
        "accessible": true,
        "fee": 0,
        "source": "osm",
        "last_verified_at": "2025-08-26T18:32:20.741Z",
        "verified_by": "ingest-agent"
      }
    },
    {
      "type": "Feature",
      "geometry": {
        "type": "Point",
        "coordinates": [
          -0.1498411,
          51.492889
        ]
      },
      "properties": {
        "id": "osm_node_1428315650",
        "name": "Public Toilets",
        "hours": "24/7",
        "accessible": false,
        "fee": 50,
        "source": "osm",
        "last_verified_at": "2025-08-26T18:32:20.741Z",
        "verified_by": "ingest-agent"
      }
    },
    {
      "type": "Feature",
      "geometry": {
        "type": "Point",
        "coordinates": [
          -0.1492424,
          51.4932769
        ]
      },
      "properties": {
        "id": "osm_node_1428315721",
        "name": "Public Toilets",
        "hours": "24/7",
        "accessible": false,
        "fee": 50,
        "source": "osm",
        "last_verified_at": "2025-08-26T18:32:20.741Z",
        "verified_by": "ingest-agent"
      }
    },
    {
      "type": "Feature",
      "geometry": {
        "type": "Point",
        "coordinates": [
          -0.1450742,
          51.4953797
        ]
      },
      "properties": {
        "id": "osm_node_1428315779",
        "name": "Public Toilets",
        "hours": "24/7",
        "accessible": true,
        "fee": 0,
        "source": "osm",
        "last_verified_at": "2025-08-26T18:32:20.741Z",
        "verified_by": "ingest-agent"
      }
    },
    {
      "type": "Feature",
      "geometry": {
        "type": "Point",
        "coordinates": [
          -0.2048126,
          51.5159366
        ]
      },
      "properties": {
        "id": "osm_node_1436775907",
        "name": "Public Toilets",
        "hours": "24/7",
        "accessible": false,
        "fee": 0,
        "source": "osm",
        "last_verified_at": "2025-08-26T18:32:20.741Z",
        "verified_by": "ingest-agent"
      }
    },
    {
      "type": "Feature",
      "geometry": {
        "type": "Point",
        "coordinates": [
          -0.0062602,
          51.5431628
        ]
      },
      "properties": {
        "id": "osm_node_1449001356",
        "name": "Public Toilets",
        "hours": "24/7",
        "accessible": true,
        "fee": 0,
        "source": "osm",
        "last_verified_at": "2025-08-26T18:32:20.741Z",
        "verified_by": "ingest-agent"
      }
    },
    {
      "type": "Feature",
      "geometry": {
        "type": "Point",
        "coordinates": [
          -0.0048311,
          51.5433287
        ]
      },
      "properties": {
        "id": "osm_node_1449156765",
        "name": "Public Toilets",
        "hours": "24/7",
        "accessible": true,
        "fee": 0,
        "source": "osm",
        "last_verified_at": "2025-08-26T18:32:20.741Z",
        "verified_by": "ingest-agent"
      }
    },
    {
      "type": "Feature",
      "geometry": {
        "type": "Point",
        "coordinates": [
          -0.004673,
          51.5434117
        ]
      },
      "properties": {
        "id": "osm_node_1453583158",
        "name": "Public Toilets",
        "hours": "24/7",
        "accessible": false,
        "fee": 0,
        "source": "osm",
        "last_verified_at": "2025-08-26T18:32:20.741Z",
        "verified_by": "ingest-agent"
      }
    },
    {
      "type": "Feature",
      "geometry": {
        "type": "Point",
        "coordinates": [
          -0.1619115,
          51.6429722
        ]
      },
      "properties": {
        "id": "osm_node_1461884001",
        "name": "East Barnet War Memorial",
        "hours": "24/7",
        "accessible": true,
        "fee": 50,
        "source": "osm",
        "last_verified_at": "2025-08-26T18:32:20.741Z",
        "verified_by": "ingest-agent"
      }
    },
    {
      "type": "Feature",
      "geometry": {
        "type": "Point",
        "coordinates": [
          0.0039612,
          51.5000231
        ]
      },
      "properties": {
        "id": "osm_node_1483282639",
        "name": "Public Toilets",
        "hours": "24/7",
        "accessible": false,
        "fee": 0,
        "source": "osm",
        "last_verified_at": "2025-08-26T18:32:20.741Z",
        "verified_by": "ingest-agent"
      }
    },
    {
      "type": "Feature",
      "geometry": {
        "type": "Point",
        "coordinates": [
          -0.3234941,
          51.447785
        ]
      },
      "properties": {
        "id": "osm_node_1484898071",
        "name": "Public Toilets",
        "hours": "24/7",
        "accessible": false,
        "fee": 0,
        "source": "osm",
        "last_verified_at": "2025-08-26T18:32:20.741Z",
        "verified_by": "ingest-agent"
      }
    },
    {
      "type": "Feature",
      "geometry": {
        "type": "Point",
        "coordinates": [
          -0.3966654,
          51.488472
        ]
      },
      "properties": {
        "id": "osm_node_1491602080",
        "name": "Public Toilets",
        "hours": "24/7",
        "accessible": true,
        "fee": 0,
        "source": "osm",
        "last_verified_at": "2025-08-26T18:32:20.741Z",
        "verified_by": "ingest-agent"
      }
    },
    {
      "type": "Feature",
      "geometry": {
        "type": "Point",
        "coordinates": [
          -0.3877217,
          51.4885278
        ]
      },
      "properties": {
        "id": "osm_node_1491620412",
        "name": "Public Toilets",
        "hours": "24/7",
        "accessible": false,
        "fee": 0,
        "source": "osm",
        "last_verified_at": "2025-08-26T18:32:20.741Z",
        "verified_by": "ingest-agent"
      }
    },
    {
      "type": "Feature",
      "geometry": {
        "type": "Point",
        "coordinates": [
          -0.1395125,
          51.5141092
        ]
      },
      "properties": {
        "id": "osm_node_1493328982",
        "name": "Public Toilets",
        "hours": "24/7",
        "accessible": false,
        "fee": 0,
        "source": "osm",
        "last_verified_at": "2025-08-26T18:32:20.741Z",
        "verified_by": "ingest-agent"
      }
    },
    {
      "type": "Feature",
      "geometry": {
        "type": "Point",
        "coordinates": [
          -0.1500857,
          51.5796983
        ]
      },
      "properties": {
        "id": "osm_node_1499089924",
        "name": "Public Toilets",
        "hours": "24/7",
        "accessible": false,
        "fee": 0,
        "source": "osm",
        "last_verified_at": "2025-08-26T18:32:20.741Z",
        "verified_by": "ingest-agent"
      }
    },
    {
      "type": "Feature",
      "geometry": {
        "type": "Point",
        "coordinates": [
          -0.4882616,
          51.4717996
        ]
      },
      "properties": {
        "id": "osm_node_1508420512",
        "name": "Public Toilets",
        "hours": "24/7",
        "accessible": true,
        "fee": 0,
        "source": "osm",
        "last_verified_at": "2025-08-26T18:32:20.741Z",
        "verified_by": "ingest-agent"
      }
    },
    {
      "type": "Feature",
      "geometry": {
        "type": "Point",
        "coordinates": [
          -0.1949893,
          51.3706427
        ]
      },
      "properties": {
        "id": "osm_node_1510803670",
        "name": "Public Toilets",
        "hours": "24/7",
        "accessible": false,
        "fee": 0,
        "source": "osm",
        "last_verified_at": "2025-08-26T18:32:20.741Z",
        "verified_by": "ingest-agent"
      }
    },
    {
      "type": "Feature",
      "geometry": {
        "type": "Point",
        "coordinates": [
          -0.1884386,
          51.4023897
        ]
      },
      "properties": {
        "id": "osm_node_1539891332",
        "name": "Public Toilets",
        "hours": "24/7",
        "accessible": false,
        "fee": 0,
        "source": "osm",
        "last_verified_at": "2025-08-26T18:32:20.741Z",
        "verified_by": "ingest-agent"
      }
    },
    {
      "type": "Feature",
      "geometry": {
        "type": "Point",
        "coordinates": [
          0.154007,
          51.479337
        ]
      },
      "properties": {
        "id": "osm_node_1546034593",
        "name": "Public Toilets",
        "hours": "24/7",
        "accessible": false,
        "fee": 0,
        "source": "osm",
        "last_verified_at": "2025-08-26T18:32:20.741Z",
        "verified_by": "ingest-agent"
      }
    },
    {
      "type": "Feature",
      "geometry": {
        "type": "Point",
        "coordinates": [
          -0.3382115,
          51.4154727
        ]
      },
      "properties": {
        "id": "osm_node_1597710055",
        "name": "Public Toilets",
        "hours": "24/7",
        "accessible": true,
        "fee": 0,
        "source": "osm",
        "last_verified_at": "2025-08-26T18:32:20.741Z",
        "verified_by": "ingest-agent"
      }
    },
    {
      "type": "Feature",
      "geometry": {
        "type": "Point",
        "coordinates": [
          -0.4392476,
          51.5402321
        ]
      },
      "properties": {
        "id": "osm_node_1646417228",
        "name": "Public Toilets",
        "hours": "24/7",
        "accessible": false,
        "fee": 0,
        "source": "osm",
        "last_verified_at": "2025-08-26T18:32:20.741Z",
        "verified_by": "ingest-agent"
      }
    },
    {
      "type": "Feature",
      "geometry": {
        "type": "Point",
        "coordinates": [
          -0.0471327,
          51.4288196
        ]
      },
      "properties": {
        "id": "osm_node_1649317042",
        "name": "Public Toilets",
        "hours": "24/7",
        "accessible": false,
        "fee": 0,
        "source": "osm",
        "last_verified_at": "2025-08-26T18:32:20.741Z",
        "verified_by": "ingest-agent"
      }
    },
    {
      "type": "Feature",
      "geometry": {
        "type": "Point",
        "coordinates": [
          -0.0352604,
          51.4739191
        ]
      },
      "properties": {
        "id": "osm_node_1656334886",
        "name": "Public Toilets",
        "hours": "24/7",
        "accessible": false,
        "fee": 0,
        "source": "osm",
        "last_verified_at": "2025-08-26T18:32:20.741Z",
        "verified_by": "ingest-agent"
      }
    },
    {
      "type": "Feature",
      "geometry": {
        "type": "Point",
        "coordinates": [
          -0.0373086,
          51.4725371
        ]
      },
      "properties": {
        "id": "osm_node_1658544859",
        "name": "Public Toilets",
        "hours": "24/7",
        "accessible": false,
        "fee": 0,
        "source": "osm",
        "last_verified_at": "2025-08-26T18:32:20.741Z",
        "verified_by": "ingest-agent"
      }
    },
    {
      "type": "Feature",
      "geometry": {
        "type": "Point",
        "coordinates": [
          -0.0369479,
          51.4724021
        ]
      },
      "properties": {
        "id": "osm_node_1667373942",
        "name": "Public Toilets",
        "hours": "24/7",
        "accessible": false,
        "fee": 0,
        "source": "osm",
        "last_verified_at": "2025-08-26T18:32:20.741Z",
        "verified_by": "ingest-agent"
      }
    },
    {
      "type": "Feature",
      "geometry": {
        "type": "Point",
        "coordinates": [
          -0.0359078,
          51.4740702
        ]
      },
      "properties": {
        "id": "osm_node_1670423000",
        "name": "Public Toilets",
        "hours": "24/7",
        "accessible": false,
        "fee": 0,
        "source": "osm",
        "last_verified_at": "2025-08-26T18:32:20.741Z",
        "verified_by": "ingest-agent"
      }
    },
    {
      "type": "Feature",
      "geometry": {
        "type": "Point",
        "coordinates": [
          -0.1922934,
          51.5518122
        ]
      },
      "properties": {
        "id": "osm_node_1671272868",
        "name": "Public Toilets",
        "hours": "24/7",
        "accessible": true,
        "fee": 0,
        "source": "osm",
        "last_verified_at": "2025-08-26T18:32:20.741Z",
        "verified_by": "ingest-agent"
      }
    },
    {
      "type": "Feature",
      "geometry": {
        "type": "Point",
        "coordinates": [
          -0.0361917,
          51.4751972
        ]
      },
      "properties": {
        "id": "osm_node_1676805184",
        "name": "Public Toilets",
        "hours": "24/7",
        "accessible": false,
        "fee": 0,
        "source": "osm",
        "last_verified_at": "2025-08-26T18:32:20.741Z",
        "verified_by": "ingest-agent"
      }
    },
    {
      "type": "Feature",
      "geometry": {
        "type": "Point",
        "coordinates": [
          -0.0376848,
          51.4746457
        ]
      },
      "properties": {
        "id": "osm_node_1684609581",
        "name": "Public Toilets",
        "hours": "24/7",
        "accessible": false,
        "fee": 0,
        "source": "osm",
        "last_verified_at": "2025-08-26T18:32:20.741Z",
        "verified_by": "ingest-agent"
      }
    },
    {
      "type": "Feature",
      "geometry": {
        "type": "Point",
        "coordinates": [
          -0.0358235,
          51.4750732
        ]
      },
      "properties": {
        "id": "osm_node_1684643221",
        "name": "Public Toilets",
        "hours": "24/7",
        "accessible": false,
        "fee": 0,
        "source": "osm",
        "last_verified_at": "2025-08-26T18:32:20.741Z",
        "verified_by": "ingest-agent"
      }
    },
    {
      "type": "Feature",
      "geometry": {
        "type": "Point",
        "coordinates": [
          -0.0419425,
          51.4769573
        ]
      },
      "properties": {
        "id": "osm_node_1684652387",
        "name": "Public Toilets",
        "hours": "24/7",
        "accessible": false,
        "fee": 0,
        "source": "osm",
        "last_verified_at": "2025-08-26T18:32:20.741Z",
        "verified_by": "ingest-agent"
      }
    },
    {
      "type": "Feature",
      "geometry": {
        "type": "Point",
        "coordinates": [
          -0.0323798,
          51.4764782
        ]
      },
      "properties": {
        "id": "osm_node_1684656254",
        "name": "New Cross Rail Station",
        "hours": "24/7",
        "accessible": false,
        "fee": 0,
        "source": "osm",
        "last_verified_at": "2025-08-26T18:32:20.741Z",
        "verified_by": "ingest-agent"
      }
    },
    {
      "type": "Feature",
      "geometry": {
        "type": "Point",
        "coordinates": [
          -0.0366136,
          51.4741436
        ]
      },
      "properties": {
        "id": "osm_node_1685968030",
        "name": "Public Toilets",
        "hours": "24/7",
        "accessible": false,
        "fee": 0,
        "source": "osm",
        "last_verified_at": "2025-08-26T18:32:20.741Z",
        "verified_by": "ingest-agent"
      }
    },
    {
      "type": "Feature",
      "geometry": {
        "type": "Point",
        "coordinates": [
          -0.0376996,
          51.4764159
        ]
      },
      "properties": {
        "id": "osm_node_1686284781",
        "name": "Public Toilets",
        "hours": "24/7",
        "accessible": false,
        "fee": 0,
        "source": "osm",
        "last_verified_at": "2025-08-26T18:32:20.741Z",
        "verified_by": "ingest-agent"
      }
    },
    {
      "type": "Feature",
      "geometry": {
        "type": "Point",
        "coordinates": [
          -0.0357275,
          51.4748469
        ]
      },
      "properties": {
        "id": "osm_node_1686333587",
        "name": "Public Toilets",
        "hours": "24/7",
        "accessible": false,
        "fee": 0,
        "source": "osm",
        "last_verified_at": "2025-08-26T18:32:20.741Z",
        "verified_by": "ingest-agent"
      }
    },
    {
      "type": "Feature",
      "geometry": {
        "type": "Point",
        "coordinates": [
          -0.0380811,
          51.474385
        ]
      },
      "properties": {
        "id": "osm_node_1686505988",
        "name": "Public Toilets",
        "hours": "24/7",
        "accessible": false,
        "fee": 0,
        "source": "osm",
        "last_verified_at": "2025-08-26T18:32:20.741Z",
        "verified_by": "ingest-agent"
      }
    },
    {
      "type": "Feature",
      "geometry": {
        "type": "Point",
        "coordinates": [
          -0.0379738,
          51.4741529
        ]
      },
      "properties": {
        "id": "osm_node_1686505990",
        "name": "Public Toilets",
        "hours": "24/7",
        "accessible": false,
        "fee": 0,
        "source": "osm",
        "last_verified_at": "2025-08-26T18:32:20.741Z",
        "verified_by": "ingest-agent"
      }
    },
    {
      "type": "Feature",
      "geometry": {
        "type": "Point",
        "coordinates": [
          -0.149596,
          51.65155
        ]
      },
      "properties": {
        "id": "osm_node_1687451490",
        "name": "Cockfosters Women's Toilets",
        "hours": "Mo-Sa 06:00-24:00; Su 07:00-23:00",
        "accessible": true,
        "fee": 50,
        "source": "osm",
        "last_verified_at": "2025-08-26T18:32:20.741Z",
        "verified_by": "ingest-agent"
      }
    },
    {
      "type": "Feature",
      "geometry": {
        "type": "Point",
        "coordinates": [
          -0.1343907,
          51.6187973
        ]
      },
      "properties": {
        "id": "osm_node_1689263091",
        "name": "Public Toilets",
        "hours": "24/7",
        "accessible": false,
        "fee": 0,
        "source": "osm",
        "last_verified_at": "2025-08-26T18:32:20.741Z",
        "verified_by": "ingest-agent"
      }
    },
    {
      "type": "Feature",
      "geometry": {
        "type": "Point",
        "coordinates": [
          -0.0125037,
          51.4942394
        ]
      },
      "properties": {
        "id": "osm_node_1708650816",
        "name": "Public Toilets",
        "hours": "24/7",
        "accessible": false,
        "fee": 0,
        "source": "osm",
        "last_verified_at": "2025-08-26T18:32:20.741Z",
        "verified_by": "ingest-agent"
      }
    },
    {
      "type": "Feature",
      "geometry": {
        "type": "Point",
        "coordinates": [
          -0.090704,
          51.5092971
        ]
      },
      "properties": {
        "id": "osm_node_1723656498",
        "name": "Public Toilets",
        "hours": "24/7",
        "accessible": false,
        "fee": 50,
        "source": "osm",
        "last_verified_at": "2025-08-26T18:32:20.741Z",
        "verified_by": "ingest-agent"
      }
    },
    {
      "type": "Feature",
      "geometry": {
        "type": "Point",
        "coordinates": [
          0.0041893,
          51.5030335
        ]
      },
      "properties": {
        "id": "osm_node_1735303350",
        "name": "Public Toilets",
        "hours": "24/7",
        "accessible": false,
        "fee": 0,
        "source": "osm",
        "last_verified_at": "2025-08-26T18:32:20.741Z",
        "verified_by": "ingest-agent"
      }
    },
    {
      "type": "Feature",
      "geometry": {
        "type": "Point",
        "coordinates": [
          -0.2353267,
          51.4771152
        ]
      },
      "properties": {
        "id": "osm_node_1752163497",
        "name": "Public Toilets",
        "hours": "24/7",
        "accessible": true,
        "fee": 0,
        "source": "osm",
        "last_verified_at": "2025-08-26T18:32:20.741Z",
        "verified_by": "ingest-agent"
      }
    },
    {
      "type": "Feature",
      "geometry": {
        "type": "Point",
        "coordinates": [
          -0.2300731,
          51.4763154
        ]
      },
      "properties": {
        "id": "osm_node_1752190418",
        "name": "Public Toilets",
        "hours": "24/7",
        "accessible": false,
        "fee": 0,
        "source": "osm",
        "last_verified_at": "2025-08-26T18:32:20.741Z",
        "verified_by": "ingest-agent"
      }
    },
    {
      "type": "Feature",
      "geometry": {
        "type": "Point",
        "coordinates": [
          -0.2348862,
          51.4764062
        ]
      },
      "properties": {
        "id": "osm_node_1752190426",
        "name": "Public Toilets",
        "hours": "24/7",
        "accessible": false,
        "fee": 0,
        "source": "osm",
        "last_verified_at": "2025-08-26T18:32:20.741Z",
        "verified_by": "ingest-agent"
      }
    },
    {
      "type": "Feature",
      "geometry": {
        "type": "Point",
        "coordinates": [
          -0.2363064,
          51.4770568
        ]
      },
      "properties": {
        "id": "osm_node_1752190519",
        "name": "Public Toilets",
        "hours": "24/7",
        "accessible": false,
        "fee": 0,
        "source": "osm",
        "last_verified_at": "2025-08-26T18:32:20.741Z",
        "verified_by": "ingest-agent"
      }
    },
    {
      "type": "Feature",
      "geometry": {
        "type": "Point",
        "coordinates": [
          -0.1427028,
          51.568398
        ]
      },
      "properties": {
        "id": "osm_node_1752208308",
        "name": "Public Toilets",
        "hours": "24/7",
        "accessible": false,
        "fee": 0,
        "source": "osm",
        "last_verified_at": "2025-08-26T18:32:20.741Z",
        "verified_by": "ingest-agent"
      }
    },
    {
      "type": "Feature",
      "geometry": {
        "type": "Point",
        "coordinates": [
          -0.1626852,
          51.4849526
        ]
      },
      "properties": {
        "id": "osm_node_1756373274",
        "name": "Public Toilets",
        "hours": "24/7",
        "accessible": false,
        "fee": 0,
        "source": "osm",
        "last_verified_at": "2025-08-26T18:32:20.741Z",
        "verified_by": "ingest-agent"
      }
    },
    {
      "type": "Feature",
      "geometry": {
        "type": "Point",
        "coordinates": [
          -0.1172182,
          51.6172244
        ]
      },
      "properties": {
        "id": "osm_node_1778378552",
        "name": "Public Toilets",
        "hours": "24/7",
        "accessible": false,
        "fee": 0,
        "source": "osm",
        "last_verified_at": "2025-08-26T18:32:20.741Z",
        "verified_by": "ingest-agent"
      }
    },
    {
      "type": "Feature",
      "geometry": {
        "type": "Point",
        "coordinates": [
          0.0668362,
          51.5727448
        ]
      },
      "properties": {
        "id": "osm_node_1853127924",
        "name": "Public Toilets",
        "hours": "24/7",
        "accessible": true,
        "fee": 0,
        "source": "osm",
        "last_verified_at": "2025-08-26T18:32:20.741Z",
        "verified_by": "ingest-agent"
      }
    },
    {
      "type": "Feature",
      "geometry": {
        "type": "Point",
        "coordinates": [
          -0.1608241,
          51.4650291
        ]
      },
      "properties": {
        "id": "osm_node_1933715155",
        "name": "Public Toilets",
        "hours": "24/7",
        "accessible": false,
        "fee": 0,
        "source": "osm",
        "last_verified_at": "2025-08-26T18:32:20.741Z",
        "verified_by": "ingest-agent"
      }
    },
    {
      "type": "Feature",
      "geometry": {
        "type": "Point",
        "coordinates": [
          -0.1639582,
          51.4638215
        ]
      },
      "properties": {
        "id": "osm_node_1933715200",
        "name": "Public Toilets",
        "hours": "24/7",
        "accessible": false,
        "fee": 0,
        "source": "osm",
        "last_verified_at": "2025-08-26T18:32:20.741Z",
        "verified_by": "ingest-agent"
      }
    },
    {
      "type": "Feature",
      "geometry": {
        "type": "Point",
        "coordinates": [
          -0.169817,
          51.4584735
        ]
      },
      "properties": {
        "id": "osm_node_1939280040",
        "name": "Public Toilets",
        "hours": "24/7",
        "accessible": false,
        "fee": 0,
        "source": "osm",
        "last_verified_at": "2025-08-26T18:32:20.741Z",
        "verified_by": "ingest-agent"
      }
    },
    {
      "type": "Feature",
      "geometry": {
        "type": "Point",
        "coordinates": [
          -0.0212103,
          51.5935619
        ]
      },
      "properties": {
        "id": "osm_node_1963290546",
        "name": "Public Toilets",
        "hours": "24/7",
        "accessible": true,
        "fee": 0,
        "source": "osm",
        "last_verified_at": "2025-08-26T18:32:20.741Z",
        "verified_by": "ingest-agent"
      }
    },
    {
      "type": "Feature",
      "geometry": {
        "type": "Point",
        "coordinates": [
          0.0237145,
          51.5941771
        ]
      },
      "properties": {
        "id": "osm_node_1964458523",
        "name": "Public Toilets",
        "hours": "24/7",
        "accessible": false,
        "fee": 0,
        "source": "osm",
        "last_verified_at": "2025-08-26T18:32:20.741Z",
        "verified_by": "ingest-agent"
      }
    },
    {
      "type": "Feature",
      "geometry": {
        "type": "Point",
        "coordinates": [
          -0.1238053,
          51.5013275
        ]
      },
      "properties": {
        "id": "osm_node_1968744125",
        "name": "CityLoos",
        "hours": "24/7",
        "accessible": false,
        "fee": 0,
        "source": "osm",
        "last_verified_at": "2025-08-26T18:32:20.741Z",
        "verified_by": "ingest-agent"
      }
    },
    {
      "type": "Feature",
      "geometry": {
        "type": "Point",
        "coordinates": [
          0.0622126,
          51.5079596
        ]
      },
      "properties": {
        "id": "osm_node_1973254569",
        "name": "Public Toilets",
        "hours": "24/7",
        "accessible": false,
        "fee": 0,
        "source": "osm",
        "last_verified_at": "2025-08-26T18:32:20.741Z",
        "verified_by": "ingest-agent"
      }
    },
    {
      "type": "Feature",
      "geometry": {
        "type": "Point",
        "coordinates": [
          0.0646292,
          51.5073829
        ]
      },
      "properties": {
        "id": "osm_node_1973254582",
        "name": "Public Toilets",
        "hours": "24/7",
        "accessible": false,
        "fee": 0,
        "source": "osm",
        "last_verified_at": "2025-08-26T18:32:20.741Z",
        "verified_by": "ingest-agent"
      }
    },
    {
      "type": "Feature",
      "geometry": {
        "type": "Point",
        "coordinates": [
          0.0632506,
          51.5073829
        ]
      },
      "properties": {
        "id": "osm_node_1973254583",
        "name": "Public Toilets",
        "hours": "24/7",
        "accessible": false,
        "fee": 0,
        "source": "osm",
        "last_verified_at": "2025-08-26T18:32:20.741Z",
        "verified_by": "ingest-agent"
      }
    },
    {
      "type": "Feature",
      "geometry": {
        "type": "Point",
        "coordinates": [
          0.0622152,
          51.507403
        ]
      },
      "properties": {
        "id": "osm_node_1973254590",
        "name": "Public Toilets",
        "hours": "24/7",
        "accessible": false,
        "fee": 0,
        "source": "osm",
        "last_verified_at": "2025-08-26T18:32:20.741Z",
        "verified_by": "ingest-agent"
      }
    },
    {
      "type": "Feature",
      "geometry": {
        "type": "Point",
        "coordinates": [
          -0.2033628,
          51.5014494
        ]
      },
      "properties": {
        "id": "osm_node_1984550247",
        "name": "Public Toilets",
        "hours": "24/7",
        "accessible": false,
        "fee": 0,
        "source": "osm",
        "last_verified_at": "2025-08-26T18:32:20.741Z",
        "verified_by": "ingest-agent"
      }
    },
    {
      "type": "Feature",
      "geometry": {
        "type": "Point",
        "coordinates": [
          -0.1041923,
          51.35407
        ]
      },
      "properties": {
        "id": "osm_node_1988404054",
        "name": "Public Toilets",
        "hours": "24/7",
        "accessible": false,
        "fee": 0,
        "source": "osm",
        "last_verified_at": "2025-08-26T18:32:20.741Z",
        "verified_by": "ingest-agent"
      }
    },
    {
      "type": "Feature",
      "geometry": {
        "type": "Point",
        "coordinates": [
          -0.2384403,
          51.3928228
        ]
      },
      "properties": {
        "id": "osm_node_1996286401",
        "name": "Public Toilets",
        "hours": "24/7",
        "accessible": false,
        "fee": 0,
        "source": "osm",
        "last_verified_at": "2025-08-26T18:32:20.741Z",
        "verified_by": "ingest-agent"
      }
    },
    {
      "type": "Feature",
      "geometry": {
        "type": "Point",
        "coordinates": [
          0.0138755,
          51.571388
        ]
      },
      "properties": {
        "id": "osm_node_2048918706",
        "name": "Public Toilets",
        "hours": "24/7",
        "accessible": false,
        "fee": 0,
        "source": "osm",
        "last_verified_at": "2025-08-26T18:32:20.741Z",
        "verified_by": "ingest-agent"
      }
    },
    {
      "type": "Feature",
      "geometry": {
        "type": "Point",
        "coordinates": [
          -0.1424803,
          51.5388681
        ]
      },
      "properties": {
        "id": "osm_node_2141849209",
        "name": "Public Toilets",
        "hours": "24/7",
        "accessible": false,
        "fee": 0,
        "source": "osm",
        "last_verified_at": "2025-08-26T18:32:20.741Z",
        "verified_by": "ingest-agent"
      }
    },
    {
      "type": "Feature",
      "geometry": {
        "type": "Point",
        "coordinates": [
          -0.1428576,
          51.5388945
        ]
      },
      "properties": {
        "id": "osm_node_2141849210",
        "name": "Public Toilets",
        "hours": "24/7",
        "accessible": false,
        "fee": 0,
        "source": "osm",
        "last_verified_at": "2025-08-26T18:32:20.741Z",
        "verified_by": "ingest-agent"
      }
    },
    {
      "type": "Feature",
      "geometry": {
        "type": "Point",
        "coordinates": [
          -0.3142433,
          51.4994716
        ]
      },
      "properties": {
        "id": "osm_node_2148322519",
        "name": "Public Toilets",
        "hours": "24/7",
        "accessible": true,
        "fee": 0,
        "source": "osm",
        "last_verified_at": "2025-08-26T18:32:20.741Z",
        "verified_by": "ingest-agent"
      }
    },
    {
      "type": "Feature",
      "geometry": {
        "type": "Point",
        "coordinates": [
          -0.057604,
          51.624776
        ]
      },
      "properties": {
        "id": "osm_node_2178454024",
        "name": "Market Square, Edmonton Green",
        "hours": "24/7",
        "accessible": true,
        "fee": 50,
        "source": "osm",
        "last_verified_at": "2025-08-26T18:32:20.741Z",
        "verified_by": "ingest-agent"
      }
    },
    {
      "type": "Feature",
      "geometry": {
        "type": "Point",
        "coordinates": [
          -0.0725725,
          51.4176012
        ]
      },
      "properties": {
        "id": "osm_node_2180092343",
        "name": "Crystal Palace Station platform 1 toilets",
        "hours": "24/7",
        "accessible": true,
        "fee": 0,
        "source": "osm",
        "last_verified_at": "2025-08-26T18:32:20.741Z",
        "verified_by": "ingest-agent"
      }
    },
    {
      "type": "Feature",
      "geometry": {
        "type": "Point",
        "coordinates": [
          -0.07277,
          51.418
        ]
      },
      "properties": {
        "id": "osm_node_2180092344",
        "name": "Crystal Palace station ticket hall toilets",
        "hours": "24/7",
        "accessible": true,
        "fee": 0,
        "source": "osm",
        "last_verified_at": "2025-08-26T18:32:20.741Z",
        "verified_by": "ingest-agent"
      }
    },
    {
      "type": "Feature",
      "geometry": {
        "type": "Point",
        "coordinates": [
          -0.19837,
          51.508856
        ]
      },
      "properties": {
        "id": "osm_node_2184647917",
        "name": "Notting Hill Gate",
        "hours": "24/7",
        "accessible": true,
        "fee": 50,
        "source": "osm",
        "last_verified_at": "2025-08-26T18:32:20.741Z",
        "verified_by": "ingest-agent"
      }
    },
    {
      "type": "Feature",
      "geometry": {
        "type": "Point",
        "coordinates": [
          -0.1303136,
          51.5966166
        ]
      },
      "properties": {
        "id": "osm_node_2184649501",
        "name": "Alexandra Palace Toilets",
        "hours": "24/7",
        "accessible": true,
        "fee": 0,
        "source": "osm",
        "last_verified_at": "2025-08-26T18:32:20.741Z",
        "verified_by": "ingest-agent"
      }
    },
    {
      "type": "Feature",
      "geometry": {
        "type": "Point",
        "coordinates": [
          -0.059171,
          51.6360265
        ]
      },
      "properties": {
        "id": "osm_node_2201329914",
        "name": "Public Toilets",
        "hours": "24/7",
        "accessible": false,
        "fee": 0,
        "source": "osm",
        "last_verified_at": "2025-08-26T18:32:20.741Z",
        "verified_by": "ingest-agent"
      }
    },
    {
      "type": "Feature",
      "geometry": {
        "type": "Point",
        "coordinates": [
          -0.2283029,
          51.4930573
        ]
      },
      "properties": {
        "id": "osm_node_2239832207",
        "name": "Public Toilets",
        "hours": "24/7",
        "accessible": false,
        "fee": 0,
        "source": "osm",
        "last_verified_at": "2025-08-26T18:32:20.741Z",
        "verified_by": "ingest-agent"
      }
    },
    {
      "type": "Feature",
      "geometry": {
        "type": "Point",
        "coordinates": [
          -0.1193787,
          51.3693889
        ]
      },
      "properties": {
        "id": "osm_node_2281481424",
        "name": "Public Toilets",
        "hours": "24/7",
        "accessible": false,
        "fee": 0,
        "source": "osm",
        "last_verified_at": "2025-08-26T18:32:20.741Z",
        "verified_by": "ingest-agent"
      }
    },
    {
      "type": "Feature",
      "geometry": {
        "type": "Point",
        "coordinates": [
          0.0213449,
          51.5807864
        ]
      },
      "properties": {
        "id": "osm_node_2287177417",
        "name": "Public Toilets",
        "hours": "24/7",
        "accessible": false,
        "fee": 0,
        "source": "osm",
        "last_verified_at": "2025-08-26T18:32:20.741Z",
        "verified_by": "ingest-agent"
      }
    },
    {
      "type": "Feature",
      "geometry": {
        "type": "Point",
        "coordinates": [
          0.0503164,
          51.5989892
        ]
      },
      "properties": {
        "id": "osm_node_2293528947",
        "name": "Public Toilets",
        "hours": "24/7",
        "accessible": false,
        "fee": 0,
        "source": "osm",
        "last_verified_at": "2025-08-26T18:32:20.741Z",
        "verified_by": "ingest-agent"
      }
    },
    {
      "type": "Feature",
      "geometry": {
        "type": "Point",
        "coordinates": [
          -0.1613884,
          51.4372017
        ]
      },
      "properties": {
        "id": "osm_node_2294548481",
        "name": "BP Petrol Station",
        "hours": "24/7",
        "accessible": true,
        "fee": 0,
        "source": "osm",
        "last_verified_at": "2025-08-26T18:32:20.741Z",
        "verified_by": "ingest-agent"
      }
    },
    {
      "type": "Feature",
      "geometry": {
        "type": "Point",
        "coordinates": [
          0.0085175,
          51.568576
        ]
      },
      "properties": {
        "id": "osm_node_2299920904",
        "name": "Public Toilets",
        "hours": "24/7",
        "accessible": false,
        "fee": 0,
        "source": "osm",
        "last_verified_at": "2025-08-26T18:32:20.741Z",
        "verified_by": "ingest-agent"
      }
    },
    {
      "type": "Feature",
      "geometry": {
        "type": "Point",
        "coordinates": [
          -0.0355001,
          51.5377202
        ]
      },
      "properties": {
        "id": "osm_node_2305721621",
        "name": "Public Toilets",
        "hours": "24/7",
        "accessible": true,
        "fee": 0,
        "source": "osm",
        "last_verified_at": "2025-08-26T18:32:20.741Z",
        "verified_by": "ingest-agent"
      }
    },
    {
      "type": "Feature",
      "geometry": {
        "type": "Point",
        "coordinates": [
          -0.3187803,
          51.5281784
        ]
      },
      "properties": {
        "id": "osm_node_2334587384",
        "name": "Public Toilets",
        "hours": "24/7",
        "accessible": true,
        "fee": 50,
        "source": "osm",
        "last_verified_at": "2025-08-26T18:32:20.741Z",
        "verified_by": "ingest-agent"
      }
    },
    {
      "type": "Feature",
      "geometry": {
        "type": "Point",
        "coordinates": [
          0.0082932,
          51.5685975
        ]
      },
      "properties": {
        "id": "osm_node_2350011165",
        "name": "Public Toilets",
        "hours": "24/7",
        "accessible": false,
        "fee": 0,
        "source": "osm",
        "last_verified_at": "2025-08-26T18:32:20.741Z",
        "verified_by": "ingest-agent"
      }
    },
    {
      "type": "Feature",
      "geometry": {
        "type": "Point",
        "coordinates": [
          -0.3062945,
          51.5440182
        ]
      },
      "properties": {
        "id": "osm_node_2370652638",
        "name": "Public Toilets",
        "hours": "24/7",
        "accessible": false,
        "fee": 0,
        "source": "osm",
        "last_verified_at": "2025-08-26T18:32:20.741Z",
        "verified_by": "ingest-agent"
      }
    },
    {
      "type": "Feature",
      "geometry": {
        "type": "Point",
        "coordinates": [
          -0.1116931,
          51.6317454
        ]
      },
      "properties": {
        "id": "osm_node_2372792826",
        "name": "Public Toilets",
        "hours": "24/7",
        "accessible": false,
        "fee": 0,
        "source": "osm",
        "last_verified_at": "2025-08-26T18:32:20.741Z",
        "verified_by": "ingest-agent"
      }
    },
    {
      "type": "Feature",
      "geometry": {
        "type": "Point",
        "coordinates": [
          -0.1117286,
          51.6316223
        ]
      },
      "properties": {
        "id": "osm_node_2372792829",
        "name": "Public Toilets",
        "hours": "24/7",
        "accessible": false,
        "fee": 0,
        "source": "osm",
        "last_verified_at": "2025-08-26T18:32:20.741Z",
        "verified_by": "ingest-agent"
      }
    },
    {
      "type": "Feature",
      "geometry": {
        "type": "Point",
        "coordinates": [
          -0.3154195,
          51.5545945
        ]
      },
      "properties": {
        "id": "osm_node_2375290856",
        "name": "Public Toilets",
        "hours": "24/7",
        "accessible": false,
        "fee": 0,
        "source": "osm",
        "last_verified_at": "2025-08-26T18:32:20.741Z",
        "verified_by": "ingest-agent"
      }
    },
    {
      "type": "Feature",
      "geometry": {
        "type": "Point",
        "coordinates": [
          -0.0204015,
          51.5837625
        ]
      },
      "properties": {
        "id": "osm_node_2375916705",
        "name": "Public Toilets",
        "hours": "24/7",
        "accessible": true,
        "fee": 0,
        "source": "osm",
        "last_verified_at": "2025-08-26T18:32:20.741Z",
        "verified_by": "ingest-agent"
      }
    },
    {
      "type": "Feature",
      "geometry": {
        "type": "Point",
        "coordinates": [
          -0.3129059,
          51.5526986
        ]
      },
      "properties": {
        "id": "osm_node_2377125867",
        "name": "Public Toilets",
        "hours": "24/7",
        "accessible": false,
        "fee": 0,
        "source": "osm",
        "last_verified_at": "2025-08-26T18:32:20.741Z",
        "verified_by": "ingest-agent"
      }
    },
    {
      "type": "Feature",
      "geometry": {
        "type": "Point",
        "coordinates": [
          -0.0200839,
          51.5446098
        ]
      },
      "properties": {
        "id": "osm_node_2400989153",
        "name": "Public Toilets",
        "hours": "24/7",
        "accessible": false,
        "fee": 0,
        "source": "osm",
        "last_verified_at": "2025-08-26T18:32:20.741Z",
        "verified_by": "ingest-agent"
      }
    },
    {
      "type": "Feature",
      "geometry": {
        "type": "Point",
        "coordinates": [
          -0.0148668,
          51.5477215
        ]
      },
      "properties": {
        "id": "osm_node_2400989158",
        "name": "Public Toilets",
        "hours": "24/7",
        "accessible": true,
        "fee": 0,
        "source": "osm",
        "last_verified_at": "2025-08-26T18:32:20.741Z",
        "verified_by": "ingest-agent"
      }
    },
    {
      "type": "Feature",
      "geometry": {
        "type": "Point",
        "coordinates": [
          -0.0613081,
          51.4411336
        ]
      },
      "properties": {
        "id": "osm_node_2410984413",
        "name": "Public Toilets",
        "hours": "24/7",
        "accessible": true,
        "fee": 0,
        "source": "osm",
        "last_verified_at": "2025-08-26T18:32:20.741Z",
        "verified_by": "ingest-agent"
      }
    },
    {
      "type": "Feature",
      "geometry": {
        "type": "Point",
        "coordinates": [
          -0.1513428,
          51.555451
        ]
      },
      "properties": {
        "id": "osm_node_2414177242",
        "name": "Disabled WC",
        "hours": "24/7",
        "accessible": true,
        "fee": 0,
        "source": "osm",
        "last_verified_at": "2025-08-26T18:32:20.741Z",
        "verified_by": "ingest-agent"
      }
    },
    {
      "type": "Feature",
      "geometry": {
        "type": "Point",
        "coordinates": [
          -0.3161316,
          51.4473214
        ]
      },
      "properties": {
        "id": "osm_node_2418380317",
        "name": "Public Toilets",
        "hours": "24/7",
        "accessible": false,
        "fee": 0,
        "source": "osm",
        "last_verified_at": "2025-08-26T18:32:20.741Z",
        "verified_by": "ingest-agent"
      }
    },
    {
      "type": "Feature",
      "geometry": {
        "type": "Point",
        "coordinates": [
          -0.0554908,
          51.436198
        ]
      },
      "properties": {
        "id": "osm_node_2420135820",
        "name": "Public Toilets",
        "hours": "24/7",
        "accessible": true,
        "fee": 0,
        "source": "osm",
        "last_verified_at": "2025-08-26T18:32:20.741Z",
        "verified_by": "ingest-agent"
      }
    },
    {
      "type": "Feature",
      "geometry": {
        "type": "Point",
        "coordinates": [
          -0.3282487,
          51.4452448
        ]
      },
      "properties": {
        "id": "osm_node_2423526391",
        "name": "Public Toilets",
        "hours": "09:00-17:00",
        "accessible": false,
        "fee": 0,
        "source": "osm",
        "last_verified_at": "2025-08-26T18:32:20.741Z",
        "verified_by": "ingest-agent"
      }
    },
    {
      "type": "Feature",
      "geometry": {
        "type": "Point",
        "coordinates": [
          -0.3259476,
          51.4477576
        ]
      },
      "properties": {
        "id": "osm_node_2423526455",
        "name": "Public Toilets",
        "hours": "24/7",
        "accessible": false,
        "fee": 0,
        "source": "osm",
        "last_verified_at": "2025-08-26T18:32:20.741Z",
        "verified_by": "ingest-agent"
      }
    },
    {
      "type": "Feature",
      "geometry": {
        "type": "Point",
        "coordinates": [
          -0.1421375,
          51.5146203
        ]
      },
      "properties": {
        "id": "osm_node_2427879271",
        "name": "Princes Street",
        "hours": "24/7",
        "accessible": true,
        "fee": 50,
        "source": "osm",
        "last_verified_at": "2025-08-26T18:32:20.741Z",
        "verified_by": "ingest-agent"
      }
    },
    {
      "type": "Feature",
      "geometry": {
        "type": "Point",
        "coordinates": [
          -0.087875,
          51.619324
        ]
      },
      "properties": {
        "id": "osm_node_2431238065",
        "name": "Public Toilets",
        "hours": "24/7",
        "accessible": false,
        "fee": 0,
        "source": "osm",
        "last_verified_at": "2025-08-26T18:32:20.741Z",
        "verified_by": "ingest-agent"
      }
    },
    {
      "type": "Feature",
      "geometry": {
        "type": "Point",
        "coordinates": [
          -0.2446521,
          51.5323813
        ]
      },
      "properties": {
        "id": "osm_node_2434557269",
        "name": "Willesden Junction Platform 3",
        "hours": "24/7",
        "accessible": true,
        "fee": 0,
        "source": "osm",
        "last_verified_at": "2025-08-26T18:32:20.741Z",
        "verified_by": "ingest-agent"
      }
    },
    {
      "type": "Feature",
      "geometry": {
        "type": "Point",
        "coordinates": [
          -0.053108,
          51.3367969
        ]
      },
      "properties": {
        "id": "osm_node_2446516812",
        "name": "Public Toilets",
        "hours": "24/7",
        "accessible": false,
        "fee": 0,
        "source": "osm",
        "last_verified_at": "2025-08-26T18:32:20.741Z",
        "verified_by": "ingest-agent"
      }
    },
    {
      "type": "Feature",
      "geometry": {
        "type": "Point",
        "coordinates": [
          -0.0085875,
          51.5445266
        ]
      },
      "properties": {
        "id": "osm_node_2448110827",
        "name": "Public Toilets",
        "hours": "24/7",
        "accessible": true,
        "fee": 0,
        "source": "osm",
        "last_verified_at": "2025-08-26T18:32:20.741Z",
        "verified_by": "ingest-agent"
      }
    },
    {
      "type": "Feature",
      "geometry": {
        "type": "Point",
        "coordinates": [
          -0.1192156,
          51.5028988
        ]
      },
      "properties": {
        "id": "osm_node_2456520031",
        "name": "Public Toilets",
        "hours": "24/7",
        "accessible": false,
        "fee": 0,
        "source": "osm",
        "last_verified_at": "2025-08-26T18:32:20.741Z",
        "verified_by": "ingest-agent"
      }
    },
    {
      "type": "Feature",
      "geometry": {
        "type": "Point",
        "coordinates": [
          0.0422234,
          51.5677066
        ]
      },
      "properties": {
        "id": "osm_node_2467687629",
        "name": "Public Toilets",
        "hours": "24/7",
        "accessible": false,
        "fee": 0,
        "source": "osm",
        "last_verified_at": "2025-08-26T18:32:20.741Z",
        "verified_by": "ingest-agent"
      }
    },
    {
      "type": "Feature",
      "geometry": {
        "type": "Point",
        "coordinates": [
          0.0052146,
          51.4572113
        ]
      },
      "properties": {
        "id": "osm_node_2482261802",
        "name": "Manor House Gardens",
        "hours": "Mo-Fr 08:00-16:00",
        "accessible": false,
        "fee": 0,
        "source": "osm",
        "last_verified_at": "2025-08-26T18:32:20.741Z",
        "verified_by": "ingest-agent"
      }
    },
    {
      "type": "Feature",
      "geometry": {
        "type": "Point",
        "coordinates": [
          0.0501773,
          51.45657
        ]
      },
      "properties": {
        "id": "osm_node_2487888194",
        "name": "Well Hall Gardens",
        "hours": "Mo-Su 08:00-16:00",
        "accessible": true,
        "fee": 0,
        "source": "osm",
        "last_verified_at": "2025-08-26T18:32:20.741Z",
        "verified_by": "ingest-agent"
      }
    },
    {
      "type": "Feature",
      "geometry": {
        "type": "Point",
        "coordinates": [
          -0.1431464,
          51.4947617
        ]
      },
      "properties": {
        "id": "osm_node_2497930235",
        "name": "Public Toilets",
        "hours": "24/7",
        "accessible": false,
        "fee": 0,
        "source": "osm",
        "last_verified_at": "2025-08-26T18:32:20.741Z",
        "verified_by": "ingest-agent"
      }
    },
    {
      "type": "Feature",
      "geometry": {
        "type": "Point",
        "coordinates": [
          -0.054487,
          51.4267292
        ]
      },
      "properties": {
        "id": "osm_node_2541311406",
        "name": "Public Toilets",
        "hours": "24/7",
        "accessible": true,
        "fee": 0,
        "source": "osm",
        "last_verified_at": "2025-08-26T18:32:20.741Z",
        "verified_by": "ingest-agent"
      }
    },
    {
      "type": "Feature",
      "geometry": {
        "type": "Point",
        "coordinates": [
          0.0195936,
          51.4774161
        ]
      },
      "properties": {
        "id": "osm_node_2602103844",
        "name": "Public Toilets",
        "hours": "24/7",
        "accessible": true,
        "fee": 50,
        "source": "osm",
        "last_verified_at": "2025-08-26T18:32:20.741Z",
        "verified_by": "ingest-agent"
      }
    },
    {
      "type": "Feature",
      "geometry": {
        "type": "Point",
        "coordinates": [
          0.0140381,
          51.406686
        ]
      },
      "properties": {
        "id": "osm_node_2623255971",
        "name": "Sainsbury's",
        "hours": "Mo-Sa 07:00-22:00; Su 11:00-17:00",
        "accessible": true,
        "fee": 0,
        "source": "osm",
        "last_verified_at": "2025-08-26T18:32:20.741Z",
        "verified_by": "ingest-agent"
      }
    },
    {
      "type": "Feature",
      "geometry": {
        "type": "Point",
        "coordinates": [
          -0.0125597,
          51.4621538
        ]
      },
      "properties": {
        "id": "osm_node_2642154060",
        "name": "Lewisham Shopping Centre",
        "hours": "Mo-Sa 09:00-19:00; Su 10:30-17:00",
        "accessible": true,
        "fee": 0,
        "source": "osm",
        "last_verified_at": "2025-08-26T18:32:20.741Z",
        "verified_by": "ingest-agent"
      }
    },
    {
      "type": "Feature",
      "geometry": {
        "type": "Point",
        "coordinates": [
          -0.2205297,
          51.4870677
        ]
      },
      "properties": {
        "id": "osm_node_2702762671",
        "name": "Charing Cross Hospital Entrance",
        "hours": "24/7",
        "accessible": true,
        "fee": 0,
        "source": "osm",
        "last_verified_at": "2025-08-26T18:32:20.741Z",
        "verified_by": "ingest-agent"
      }
    },
    {
      "type": "Feature",
      "geometry": {
        "type": "Point",
        "coordinates": [
          0.0409185,
          51.4817065
        ]
      },
      "properties": {
        "id": "osm_node_2712313519",
        "name": "Charlton Park",
        "hours": "Mo-Su 09:00-17:00",
        "accessible": false,
        "fee": 0,
        "source": "osm",
        "last_verified_at": "2025-08-26T18:32:20.741Z",
        "verified_by": "ingest-agent"
      }
    },
    {
      "type": "Feature",
      "geometry": {
        "type": "Point",
        "coordinates": [
          -0.0007503,
          51.4766934
        ]
      },
      "properties": {
        "id": "osm_node_2727888114",
        "name": "Public Toilets",
        "hours": "Mo-Su 07:00-17:00",
        "accessible": true,
        "fee": 50,
        "source": "osm",
        "last_verified_at": "2025-08-26T18:32:20.741Z",
        "verified_by": "ingest-agent"
      }
    },
    {
      "type": "Feature",
      "geometry": {
        "type": "Point",
        "coordinates": [
          -0.3522408,
          51.564936
        ]
      },
      "properties": {
        "id": "osm_node_2738431694",
        "name": "Public Toilets",
        "hours": "24/7",
        "accessible": true,
        "fee": 50,
        "source": "osm",
        "last_verified_at": "2025-08-26T18:32:20.741Z",
        "verified_by": "ingest-agent"
      }
    },
    {
      "type": "Feature",
      "geometry": {
        "type": "Point",
        "coordinates": [
          -0.0017369,
          51.47777
        ]
      },
      "properties": {
        "id": "osm_node_2738840989",
        "name": "Public Toilets",
        "hours": "24/7",
        "accessible": true,
        "fee": 0,
        "source": "osm",
        "last_verified_at": "2025-08-26T18:32:20.741Z",
        "verified_by": "ingest-agent"
      }
    },
    {
      "type": "Feature",
      "geometry": {
        "type": "Point",
        "coordinates": [
          -0.176345,
          51.5170742
        ]
      },
      "properties": {
        "id": "osm_node_2779109323",
        "name": "Public Toilets",
        "hours": "24/7",
        "accessible": true,
        "fee": 50,
        "source": "osm",
        "last_verified_at": "2025-08-26T18:32:20.741Z",
        "verified_by": "ingest-agent"
      }
    },
    {
      "type": "Feature",
      "geometry": {
        "type": "Point",
        "coordinates": [
          0.1211146,
          51.4895575
        ]
      },
      "properties": {
        "id": "osm_node_2804271421",
        "name": "Knee Hill",
        "hours": "24/7",
        "accessible": true,
        "fee": 0,
        "source": "osm",
        "last_verified_at": "2025-08-26T18:32:20.741Z",
        "verified_by": "ingest-agent"
      }
    },
    {
      "type": "Feature",
      "geometry": {
        "type": "Point",
        "coordinates": [
          -0.0022679,
          51.5412507
        ]
      },
      "properties": {
        "id": "osm_node_2819589206",
        "name": "Stratford Station",
        "hours": "24/7",
        "accessible": false,
        "fee": 0,
        "source": "osm",
        "last_verified_at": "2025-08-26T18:32:20.741Z",
        "verified_by": "ingest-agent"
      }
    },
    {
      "type": "Feature",
      "geometry": {
        "type": "Point",
        "coordinates": [
          -0.0692462,
          51.4173502
        ]
      },
      "properties": {
        "id": "osm_node_2841310910",
        "name": "Public Toilets",
        "hours": "24/7",
        "accessible": false,
        "fee": 0,
        "source": "osm",
        "last_verified_at": "2025-08-26T18:32:20.741Z",
        "verified_by": "ingest-agent"
      }
    },
    {
      "type": "Feature",
      "geometry": {
        "type": "Point",
        "coordinates": [
          -0.0614337,
          51.4416457
        ]
      },
      "properties": {
        "id": "osm_node_2863274266",
        "name": "Public Toilets",
        "hours": "24/7",
        "accessible": true,
        "fee": 0,
        "source": "osm",
        "last_verified_at": "2025-08-26T18:32:20.741Z",
        "verified_by": "ingest-agent"
      }
    },
    {
      "type": "Feature",
      "geometry": {
        "type": "Point",
        "coordinates": [
          -0.0106424,
          51.4611438
        ]
      },
      "properties": {
        "id": "osm_node_2869368501",
        "name": "Lewisham Market",
        "hours": "24/7",
        "accessible": true,
        "fee": 50,
        "source": "osm",
        "last_verified_at": "2025-08-26T18:32:20.741Z",
        "verified_by": "ingest-agent"
      }
    },
    {
      "type": "Feature",
      "geometry": {
        "type": "Point",
        "coordinates": [
          -0.039378,
          51.42762
        ]
      },
      "properties": {
        "id": "osm_node_2883510502",
        "name": "Public Toilets",
        "hours": "24/7",
        "accessible": false,
        "fee": 0,
        "source": "osm",
        "last_verified_at": "2025-08-26T18:32:20.741Z",
        "verified_by": "ingest-agent"
      }
    },
    {
      "type": "Feature",
      "geometry": {
        "type": "Point",
        "coordinates": [
          -0.2862809,
          51.5561159
        ]
      },
      "properties": {
        "id": "osm_node_2894414189",
        "name": "Public Toilets",
        "hours": "24/7",
        "accessible": true,
        "fee": 50,
        "source": "osm",
        "last_verified_at": "2025-08-26T18:32:20.741Z",
        "verified_by": "ingest-agent"
      }
    },
    {
      "type": "Feature",
      "geometry": {
        "type": "Point",
        "coordinates": [
          -0.091188,
          51.4888975
        ]
      },
      "properties": {
        "id": "osm_node_2897395303",
        "name": "Public Toilets",
        "hours": "Tu-Fr 07:30-17:30",
        "accessible": false,
        "fee": 0,
        "source": "osm",
        "last_verified_at": "2025-08-26T18:32:20.741Z",
        "verified_by": "ingest-agent"
      }
    },
    {
      "type": "Feature",
      "geometry": {
        "type": "Point",
        "coordinates": [
          -0.2958266,
          51.5521114
        ]
      },
      "properties": {
        "id": "osm_node_2904959620",
        "name": "Public Toilets",
        "hours": "24/7",
        "accessible": false,
        "fee": 0,
        "source": "osm",
        "last_verified_at": "2025-08-26T18:32:20.741Z",
        "verified_by": "ingest-agent"
      }
    },
    {
      "type": "Feature",
      "geometry": {
        "type": "Point",
        "coordinates": [
          -0.0623808,
          51.440465
        ]
      },
      "properties": {
        "id": "osm_node_2924796320",
        "name": "Public Toilets",
        "hours": "24/7",
        "accessible": false,
        "fee": 0,
        "source": "osm",
        "last_verified_at": "2025-08-26T18:32:20.741Z",
        "verified_by": "ingest-agent"
      }
    },
    {
      "type": "Feature",
      "geometry": {
        "type": "Point",
        "coordinates": [
          -0.1130333,
          51.4619526
        ]
      },
      "properties": {
        "id": "osm_node_2949127696",
        "name": "Public Toilets",
        "hours": "24/7",
        "accessible": false,
        "fee": 50,
        "source": "osm",
        "last_verified_at": "2025-08-26T18:32:20.741Z",
        "verified_by": "ingest-agent"
      }
    },
    {
      "type": "Feature",
      "geometry": {
        "type": "Point",
        "coordinates": [
          -0.0684732,
          51.4727711
        ]
      },
      "properties": {
        "id": "osm_node_2950089188",
        "name": "Public Toilets",
        "hours": "24/7",
        "accessible": false,
        "fee": 0,
        "source": "osm",
        "last_verified_at": "2025-08-26T18:32:20.741Z",
        "verified_by": "ingest-agent"
      }
    },
    {
      "type": "Feature",
      "geometry": {
        "type": "Point",
        "coordinates": [
          -0.2475592,
          51.5367405
        ]
      },
      "properties": {
        "id": "osm_node_2953438640",
        "name": "Public Toilets",
        "hours": "24/7",
        "accessible": false,
        "fee": 0,
        "source": "osm",
        "last_verified_at": "2025-08-26T18:32:20.741Z",
        "verified_by": "ingest-agent"
      }
    },
    {
      "type": "Feature",
      "geometry": {
        "type": "Point",
        "coordinates": [
          -0.0750103,
          51.6338105
        ]
      },
      "properties": {
        "id": "osm_node_3091449341",
        "name": "Public Toilets",
        "hours": "24/7",
        "accessible": false,
        "fee": 0,
        "source": "osm",
        "last_verified_at": "2025-08-26T18:32:20.741Z",
        "verified_by": "ingest-agent"
      }
    },
    {
      "type": "Feature",
      "geometry": {
        "type": "Point",
        "coordinates": [
          -0.0502096,
          51.5976904
        ]
      },
      "properties": {
        "id": "osm_node_3146283018",
        "name": "Public Toilets",
        "hours": "24/7",
        "accessible": false,
        "fee": 0,
        "source": "osm",
        "last_verified_at": "2025-08-26T18:32:20.741Z",
        "verified_by": "ingest-agent"
      }
    },
    {
      "type": "Feature",
      "geometry": {
        "type": "Point",
        "coordinates": [
          -0.3369932,
          51.402964
        ]
      },
      "properties": {
        "id": "osm_node_3186379852",
        "name": "Public Toilets",
        "hours": "24/7",
        "accessible": false,
        "fee": 0,
        "source": "osm",
        "last_verified_at": "2025-08-26T18:32:20.741Z",
        "verified_by": "ingest-agent"
      }
    },
    {
      "type": "Feature",
      "geometry": {
        "type": "Point",
        "coordinates": [
          -0.0949309,
          51.5139142
        ]
      },
      "properties": {
        "id": "osm_node_3269358623",
        "name": "Public Toilets",
        "hours": "24/7",
        "accessible": false,
        "fee": 0,
        "source": "osm",
        "last_verified_at": "2025-08-26T18:32:20.741Z",
        "verified_by": "ingest-agent"
      }
    },
    {
      "type": "Feature",
      "geometry": {
        "type": "Point",
        "coordinates": [
          -0.0952537,
          51.5134726
        ]
      },
      "properties": {
        "id": "osm_node_3269424658",
        "name": "Public Toilets",
        "hours": "24/7",
        "accessible": false,
        "fee": 0,
        "source": "osm",
        "last_verified_at": "2025-08-26T18:32:20.741Z",
        "verified_by": "ingest-agent"
      }
    },
    {
      "type": "Feature",
      "geometry": {
        "type": "Point",
        "coordinates": [
          -0.1235919,
          51.5247411
        ]
      },
      "properties": {
        "id": "osm_node_3341983993",
        "name": "Hunter Street Health Centre",
        "hours": "24/7",
        "accessible": true,
        "fee": 0,
        "source": "osm",
        "last_verified_at": "2025-08-26T18:32:20.741Z",
        "verified_by": "ingest-agent"
      }
    },
    {
      "type": "Feature",
      "geometry": {
        "type": "Point",
        "coordinates": [
          -0.1324968,
          51.5284942
        ]
      },
      "properties": {
        "id": "osm_node_3357569166",
        "name": "Public Toilets",
        "hours": "24/7",
        "accessible": true,
        "fee": 0,
        "source": "osm",
        "last_verified_at": "2025-08-26T18:32:20.741Z",
        "verified_by": "ingest-agent"
      }
    },
    {
      "type": "Feature",
      "geometry": {
        "type": "Point",
        "coordinates": [
          0.2828566,
          51.5519992
        ]
      },
      "properties": {
        "id": "osm_node_3393243407",
        "name": "Public Toilets",
        "hours": "24/7",
        "accessible": true,
        "fee": 0,
        "source": "osm",
        "last_verified_at": "2025-08-26T18:32:20.741Z",
        "verified_by": "ingest-agent"
      }
    },
    {
      "type": "Feature",
      "geometry": {
        "type": "Point",
        "coordinates": [
          -0.2066507,
          51.518135
        ]
      },
      "properties": {
        "id": "osm_node_3412641820",
        "name": "Public Toilets",
        "hours": "24/7",
        "accessible": true,
        "fee": 0,
        "source": "osm",
        "last_verified_at": "2025-08-26T18:32:20.741Z",
        "verified_by": "ingest-agent"
      }
    },
    {
      "type": "Feature",
      "geometry": {
        "type": "Point",
        "coordinates": [
          -0.1945969,
          51.4804842
        ]
      },
      "properties": {
        "id": "osm_node_3415870334",
        "name": "Public Toilets",
        "hours": "24/7",
        "accessible": false,
        "fee": 0,
        "source": "osm",
        "last_verified_at": "2025-08-26T18:32:20.741Z",
        "verified_by": "ingest-agent"
      }
    },
    {
      "type": "Feature",
      "geometry": {
        "type": "Point",
        "coordinates": [
          -0.1648044,
          51.4885872
        ]
      },
      "properties": {
        "id": "osm_node_3415875855",
        "name": "Public Toilets",
        "hours": "24/7",
        "accessible": true,
        "fee": 0,
        "source": "osm",
        "last_verified_at": "2025-08-26T18:32:20.741Z",
        "verified_by": "ingest-agent"
      }
    },
    {
      "type": "Feature",
      "geometry": {
        "type": "Point",
        "coordinates": [
          -0.156798,
          51.4923841
        ]
      },
      "properties": {
        "id": "osm_node_3415877973",
        "name": "Public Toilets",
        "hours": "24/7",
        "accessible": false,
        "fee": 50,
        "source": "osm",
        "last_verified_at": "2025-08-26T18:32:20.741Z",
        "verified_by": "ingest-agent"
      }
    },
    {
      "type": "Feature",
      "geometry": {
        "type": "Point",
        "coordinates": [
          -0.1586273,
          51.4923441
        ]
      },
      "properties": {
        "id": "osm_node_3415879309",
        "name": "Public Toilets",
        "hours": "24/7",
        "accessible": false,
        "fee": 0,
        "source": "osm",
        "last_verified_at": "2025-08-26T18:32:20.741Z",
        "verified_by": "ingest-agent"
      }
    },
    {
      "type": "Feature",
      "geometry": {
        "type": "Point",
        "coordinates": [
          -0.0756504,
          51.5087387
        ]
      },
      "properties": {
        "id": "osm_node_3453930440",
        "name": "Public Toilets",
        "hours": "24/7",
        "accessible": true,
        "fee": 0,
        "source": "osm",
        "last_verified_at": "2025-08-26T18:32:20.741Z",
        "verified_by": "ingest-agent"
      }
    },
    {
      "type": "Feature",
      "geometry": {
        "type": "Point",
        "coordinates": [
          -0.3044409,
          51.3921401
        ]
      },
      "properties": {
        "id": "osm_node_3529029771",
        "name": "Public Toilets",
        "hours": "24/7",
        "accessible": false,
        "fee": 0,
        "source": "osm",
        "last_verified_at": "2025-08-26T18:32:20.741Z",
        "verified_by": "ingest-agent"
      }
    },
    {
      "type": "Feature",
      "geometry": {
        "type": "Point",
        "coordinates": [
          -0.0589184,
          51.5641908
        ]
      },
      "properties": {
        "id": "osm_node_3551283263",
        "name": "Petrol Station Toilets",
        "hours": "24/7",
        "accessible": false,
        "fee": 0,
        "source": "osm",
        "last_verified_at": "2025-08-26T18:32:20.741Z",
        "verified_by": "ingest-agent"
      }
    },
    {
      "type": "Feature",
      "geometry": {
        "type": "Point",
        "coordinates": [
          0.0031402,
          51.4998394
        ]
      },
      "properties": {
        "id": "osm_node_3574199893",
        "name": "Public Toilets",
        "hours": "24/7",
        "accessible": false,
        "fee": 0,
        "source": "osm",
        "last_verified_at": "2025-08-26T18:32:20.741Z",
        "verified_by": "ingest-agent"
      }
    },
    {
      "type": "Feature",
      "geometry": {
        "type": "Point",
        "coordinates": [
          -0.0841329,
          51.4836374
        ]
      },
      "properties": {
        "id": "osm_node_3578820613",
        "name": "Public Toilets",
        "hours": "24/7",
        "accessible": false,
        "fee": 0,
        "source": "osm",
        "last_verified_at": "2025-08-26T18:32:20.741Z",
        "verified_by": "ingest-agent"
      }
    },
    {
      "type": "Feature",
      "geometry": {
        "type": "Point",
        "coordinates": [
          -0.0039612,
          51.4811948
        ]
      },
      "properties": {
        "id": "osm_node_3621921602",
        "name": "Public Toilets",
        "hours": "24/7",
        "accessible": false,
        "fee": 0,
        "source": "osm",
        "last_verified_at": "2025-08-26T18:32:20.741Z",
        "verified_by": "ingest-agent"
      }
    },
    {
      "type": "Feature",
      "geometry": {
        "type": "Point",
        "coordinates": [
          -0.0060487,
          51.4802525
        ]
      },
      "properties": {
        "id": "osm_node_3621922478",
        "name": "Public Toilets",
        "hours": "24/7",
        "accessible": true,
        "fee": 0,
        "source": "osm",
        "last_verified_at": "2025-08-26T18:32:20.741Z",
        "verified_by": "ingest-agent"
      }
    },
    {
      "type": "Feature",
      "geometry": {
        "type": "Point",
        "coordinates": [
          -0.0086634,
          51.482591
        ]
      },
      "properties": {
        "id": "osm_node_3621926154",
        "name": "Public Toilets",
        "hours": "24/7",
        "accessible": true,
        "fee": 50,
        "source": "osm",
        "last_verified_at": "2025-08-26T18:32:20.741Z",
        "verified_by": "ingest-agent"
      }
    },
    {
      "type": "Feature",
      "geometry": {
        "type": "Point",
        "coordinates": [
          -0.3017151,
          51.4128332
        ]
      },
      "properties": {
        "id": "osm_node_3641486889",
        "name": "Public Toilets",
        "hours": "24/7",
        "accessible": false,
        "fee": 0,
        "source": "osm",
        "last_verified_at": "2025-08-26T18:32:20.741Z",
        "verified_by": "ingest-agent"
      }
    },
    {
      "type": "Feature",
      "geometry": {
        "type": "Point",
        "coordinates": [
          0.0136066,
          51.4840827
        ]
      },
      "properties": {
        "id": "osm_node_3655730526",
        "name": "Public Toilets",
        "hours": "Mo-Su 09:30-18:00",
        "accessible": false,
        "fee": 0,
        "source": "osm",
        "last_verified_at": "2025-08-26T18:32:20.741Z",
        "verified_by": "ingest-agent"
      }
    },
    {
      "type": "Feature",
      "geometry": {
        "type": "Point",
        "coordinates": [
          0.0707702,
          51.5685031
        ]
      },
      "properties": {
        "id": "osm_node_3656106833",
        "name": "Public Toilets",
        "hours": "24/7",
        "accessible": false,
        "fee": 0,
        "source": "osm",
        "last_verified_at": "2025-08-26T18:32:20.741Z",
        "verified_by": "ingest-agent"
      }
    },
    {
      "type": "Feature",
      "geometry": {
        "type": "Point",
        "coordinates": [
          0.0257673,
          51.4300494
        ]
      },
      "properties": {
        "id": "osm_node_3675330352",
        "name": "Public Toilets",
        "hours": "24/7",
        "accessible": false,
        "fee": 0,
        "source": "osm",
        "last_verified_at": "2025-08-26T18:32:20.741Z",
        "verified_by": "ingest-agent"
      }
    },
    {
      "type": "Feature",
      "geometry": {
        "type": "Point",
        "coordinates": [
          -0.0793641,
          51.3644515
        ]
      },
      "properties": {
        "id": "osm_node_3678678349",
        "name": "Public Toilets",
        "hours": "24/7",
        "accessible": false,
        "fee": 0,
        "source": "osm",
        "last_verified_at": "2025-08-26T18:32:20.741Z",
        "verified_by": "ingest-agent"
      }
    },
    {
      "type": "Feature",
      "geometry": {
        "type": "Point",
        "coordinates": [
          -0.0793332,
          51.3644515
        ]
      },
      "properties": {
        "id": "osm_node_3678678350",
        "name": "Public Toilets",
        "hours": "24/7",
        "accessible": false,
        "fee": 0,
        "source": "osm",
        "last_verified_at": "2025-08-26T18:32:20.741Z",
        "verified_by": "ingest-agent"
      }
    },
    {
      "type": "Feature",
      "geometry": {
        "type": "Point",
        "coordinates": [
          -0.147715,
          51.5421618
        ]
      },
      "properties": {
        "id": "osm_node_3710942798",
        "name": "Public Toilets",
        "hours": "24/7",
        "accessible": true,
        "fee": 50,
        "source": "osm",
        "last_verified_at": "2025-08-26T18:32:20.741Z",
        "verified_by": "ingest-agent"
      }
    },
    {
      "type": "Feature",
      "geometry": {
        "type": "Point",
        "coordinates": [
          0.1340346,
          51.4634592
        ]
      },
      "properties": {
        "id": "osm_node_3717163096",
        "name": "Public Toilets",
        "hours": "24/7",
        "accessible": false,
        "fee": 0,
        "source": "osm",
        "last_verified_at": "2025-08-26T18:32:20.741Z",
        "verified_by": "ingest-agent"
      }
    },
    {
      "type": "Feature",
      "geometry": {
        "type": "Point",
        "coordinates": [
          0.1339595,
          51.4634609
        ]
      },
      "properties": {
        "id": "osm_node_3717163097",
        "name": "Public Toilets",
        "hours": "24/7",
        "accessible": false,
        "fee": 0,
        "source": "osm",
        "last_verified_at": "2025-08-26T18:32:20.741Z",
        "verified_by": "ingest-agent"
      }
    },
    {
      "type": "Feature",
      "geometry": {
        "type": "Point",
        "coordinates": [
          -0.089743,
          51.4421949
        ]
      },
      "properties": {
        "id": "osm_node_3764498529",
        "name": "Public Toilets",
        "hours": "24/7",
        "accessible": false,
        "fee": 0,
        "source": "osm",
        "last_verified_at": "2025-08-26T18:32:20.741Z",
        "verified_by": "ingest-agent"
      }
    },
    {
      "type": "Feature",
      "geometry": {
        "type": "Point",
        "coordinates": [
          -0.1913896,
          51.5302161
        ]
      },
      "properties": {
        "id": "osm_node_3777957713",
        "name": "Public Toilets",
        "hours": "24/7",
        "accessible": false,
        "fee": 0,
        "source": "osm",
        "last_verified_at": "2025-08-26T18:32:20.741Z",
        "verified_by": "ingest-agent"
      }
    },
    {
      "type": "Feature",
      "geometry": {
        "type": "Point",
        "coordinates": [
          -0.2963578,
          51.6128187
        ]
      },
      "properties": {
        "id": "osm_node_3780963380",
        "name": "Public Toilets",
        "hours": "24/7",
        "accessible": false,
        "fee": 0,
        "source": "osm",
        "last_verified_at": "2025-08-26T18:32:20.741Z",
        "verified_by": "ingest-agent"
      }
    },
    {
      "type": "Feature",
      "geometry": {
        "type": "Point",
        "coordinates": [
          -0.0816208,
          51.5176134
        ]
      },
      "properties": {
        "id": "osm_node_3794539887",
        "name": "Public Toilets",
        "hours": "24/7",
        "accessible": true,
        "fee": 0,
        "source": "osm",
        "last_verified_at": "2025-08-26T18:32:20.741Z",
        "verified_by": "ingest-agent"
      }
    },
    {
      "type": "Feature",
      "geometry": {
        "type": "Point",
        "coordinates": [
          0.0090662,
          51.5082564
        ]
      },
      "properties": {
        "id": "osm_node_3824553015",
        "name": "Public Toilets",
        "hours": "24/7",
        "accessible": false,
        "fee": 0,
        "source": "osm",
        "last_verified_at": "2025-08-26T18:32:20.741Z",
        "verified_by": "ingest-agent"
      }
    },
    {
      "type": "Feature",
      "geometry": {
        "type": "Point",
        "coordinates": [
          -0.088616,
          51.5134805
        ]
      },
      "properties": {
        "id": "osm_node_3906081659",
        "name": "Public Toilets",
        "hours": "24/7",
        "accessible": false,
        "fee": 50,
        "source": "osm",
        "last_verified_at": "2025-08-26T18:32:20.741Z",
        "verified_by": "ingest-agent"
      }
    },
    {
      "type": "Feature",
      "geometry": {
        "type": "Point",
        "coordinates": [
          -0.2902775,
          51.5504172
        ]
      },
      "properties": {
        "id": "osm_node_3906854041",
        "name": "Public Toilets",
        "hours": "24/7",
        "accessible": false,
        "fee": 0,
        "source": "osm",
        "last_verified_at": "2025-08-26T18:32:20.741Z",
        "verified_by": "ingest-agent"
      }
    },
    {
      "type": "Feature",
      "geometry": {
        "type": "Point",
        "coordinates": [
          -0.175276,
          51.5034852
        ]
      },
      "properties": {
        "id": "osm_node_3922715852",
        "name": "Public Toilets",
        "hours": "Mo-Su 07:00-21:00",
        "accessible": false,
        "fee": 50,
        "source": "osm",
        "last_verified_at": "2025-08-26T18:32:20.741Z",
        "verified_by": "ingest-agent"
      }
    },
    {
      "type": "Feature",
      "geometry": {
        "type": "Point",
        "coordinates": [
          -0.0992444,
          51.5513638
        ]
      },
      "properties": {
        "id": "osm_node_3974548723",
        "name": "Public Toilets",
        "hours": "24/7",
        "accessible": true,
        "fee": 50,
        "source": "osm",
        "last_verified_at": "2025-08-26T18:32:20.741Z",
        "verified_by": "ingest-agent"
      }
    },
    {
      "type": "Feature",
      "geometry": {
        "type": "Point",
        "coordinates": [
          -0.1332927,
          51.6025463
        ]
      },
      "properties": {
        "id": "osm_node_3979329866",
        "name": "Public Toilets",
        "hours": "24/7",
        "accessible": false,
        "fee": 0,
        "source": "osm",
        "last_verified_at": "2025-08-26T18:32:20.741Z",
        "verified_by": "ingest-agent"
      }
    },
    {
      "type": "Feature",
      "geometry": {
        "type": "Point",
        "coordinates": [
          -0.1335891,
          51.602498
        ]
      },
      "properties": {
        "id": "osm_node_3979329868",
        "name": "Public Toilets",
        "hours": "24/7",
        "accessible": false,
        "fee": 0,
        "source": "osm",
        "last_verified_at": "2025-08-26T18:32:20.741Z",
        "verified_by": "ingest-agent"
      }
    },
    {
      "type": "Feature",
      "geometry": {
        "type": "Point",
        "coordinates": [
          -0.036375,
          51.510489
        ]
      },
      "properties": {
        "id": "osm_node_4055643986",
        "name": "Public Toilets",
        "hours": "24/7",
        "accessible": false,
        "fee": 0,
        "source": "osm",
        "last_verified_at": "2025-08-26T18:32:20.741Z",
        "verified_by": "ingest-agent"
      }
    },
    {
      "type": "Feature",
      "geometry": {
        "type": "Point",
        "coordinates": [
          0.0696397,
          51.4666357
        ]
      },
      "properties": {
        "id": "osm_node_4085377275",
        "name": "Public Toilets",
        "hours": "24/7",
        "accessible": true,
        "fee": 0,
        "source": "osm",
        "last_verified_at": "2025-08-26T18:32:20.741Z",
        "verified_by": "ingest-agent"
      }
    },
    {
      "type": "Feature",
      "geometry": {
        "type": "Point",
        "coordinates": [
          0.0698046,
          51.4666788
        ]
      },
      "properties": {
        "id": "osm_node_4085377281",
        "name": "Public Toilets",
        "hours": "24/7",
        "accessible": false,
        "fee": 0,
        "source": "osm",
        "last_verified_at": "2025-08-26T18:32:20.741Z",
        "verified_by": "ingest-agent"
      }
    },
    {
      "type": "Feature",
      "geometry": {
        "type": "Point",
        "coordinates": [
          -0.4870691,
          51.4731401
        ]
      },
      "properties": {
        "id": "osm_node_4095537117",
        "name": "Public Toilets",
        "hours": "24/7",
        "accessible": true,
        "fee": 0,
        "source": "osm",
        "last_verified_at": "2025-08-26T18:32:20.741Z",
        "verified_by": "ingest-agent"
      }
    },
    {
      "type": "Feature",
      "geometry": {
        "type": "Point",
        "coordinates": [
          -0.4885494,
          51.4732593
        ]
      },
      "properties": {
        "id": "osm_node_4095537118",
        "name": "Public Toilets",
        "hours": "24/7",
        "accessible": true,
        "fee": 0,
        "source": "osm",
        "last_verified_at": "2025-08-26T18:32:20.741Z",
        "verified_by": "ingest-agent"
      }
    },
    {
      "type": "Feature",
      "geometry": {
        "type": "Point",
        "coordinates": [
          -0.2092594,
          51.5211445
        ]
      },
      "properties": {
        "id": "osm_node_4107669709",
        "name": "Public Toilets",
        "hours": "24/7",
        "accessible": false,
        "fee": 0,
        "source": "osm",
        "last_verified_at": "2025-08-26T18:32:20.741Z",
        "verified_by": "ingest-agent"
      }
    },
    {
      "type": "Feature",
      "geometry": {
        "type": "Point",
        "coordinates": [
          -0.0359248,
          51.4931985
        ]
      },
      "properties": {
        "id": "osm_node_4130240424",
        "name": "Public Toilets",
        "hours": "24/7",
        "accessible": false,
        "fee": 0,
        "source": "osm",
        "last_verified_at": "2025-08-26T18:32:20.741Z",
        "verified_by": "ingest-agent"
      }
    },
    {
      "type": "Feature",
      "geometry": {
        "type": "Point",
        "coordinates": [
          -0.0332387,
          51.4936197
        ]
      },
      "properties": {
        "id": "osm_node_4155735358",
        "name": "Public Toilets",
        "hours": "24/7",
        "accessible": false,
        "fee": 0,
        "source": "osm",
        "last_verified_at": "2025-08-26T18:32:20.741Z",
        "verified_by": "ingest-agent"
      }
    },
    {
      "type": "Feature",
      "geometry": {
        "type": "Point",
        "coordinates": [
          -0.0613732,
          51.5816988
        ]
      },
      "properties": {
        "id": "osm_node_4184217427",
        "name": "Public Toilets",
        "hours": "24/7",
        "accessible": false,
        "fee": 0,
        "source": "osm",
        "last_verified_at": "2025-08-26T18:32:20.741Z",
        "verified_by": "ingest-agent"
      }
    },
    {
      "type": "Feature",
      "geometry": {
        "type": "Point",
        "coordinates": [
          -0.4753536,
          51.5452528
        ]
      },
      "properties": {
        "id": "osm_node_4205182745",
        "name": "Public Toilets",
        "hours": "24/7",
        "accessible": false,
        "fee": 0,
        "source": "osm",
        "last_verified_at": "2025-08-26T18:32:20.741Z",
        "verified_by": "ingest-agent"
      }
    },
    {
      "type": "Feature",
      "geometry": {
        "type": "Point",
        "coordinates": [
          -0.3495194,
          51.4473762
        ]
      },
      "properties": {
        "id": "osm_node_4211154680",
        "name": "Public Toilets",
        "hours": "24/7",
        "accessible": false,
        "fee": 0,
        "source": "osm",
        "last_verified_at": "2025-08-26T18:32:20.741Z",
        "verified_by": "ingest-agent"
      }
    },
    {
      "type": "Feature",
      "geometry": {
        "type": "Point",
        "coordinates": [
          -0.3171962,
          51.348342
        ]
      },
      "properties": {
        "id": "osm_node_4222314594",
        "name": "Public Toilets",
        "hours": "24/7",
        "accessible": false,
        "fee": 0,
        "source": "osm",
        "last_verified_at": "2025-08-26T18:32:20.741Z",
        "verified_by": "ingest-agent"
      }
    },
    {
      "type": "Feature",
      "geometry": {
        "type": "Point",
        "coordinates": [
          -0.113509,
          51.5036583
        ]
      },
      "properties": {
        "id": "osm_node_4274551602",
        "name": "Waterloo Station",
        "hours": "24/7",
        "accessible": false,
        "fee": 0,
        "source": "osm",
        "last_verified_at": "2025-08-26T18:32:20.741Z",
        "verified_by": "ingest-agent"
      }
    },
    {
      "type": "Feature",
      "geometry": {
        "type": "Point",
        "coordinates": [
          -0.4561901,
          51.4702767
        ]
      },
      "properties": {
        "id": "osm_node_4309664236",
        "name": "Public Toilets",
        "hours": "24/7",
        "accessible": true,
        "fee": 0,
        "source": "osm",
        "last_verified_at": "2025-08-26T18:32:20.741Z",
        "verified_by": "ingest-agent"
      }
    },
    {
      "type": "Feature",
      "geometry": {
        "type": "Point",
        "coordinates": [
          -0.4583976,
          51.4710119
        ]
      },
      "properties": {
        "id": "osm_node_4309664258",
        "name": "Public Toilets",
        "hours": "24/7",
        "accessible": false,
        "fee": 0,
        "source": "osm",
        "last_verified_at": "2025-08-26T18:32:20.741Z",
        "verified_by": "ingest-agent"
      }
    },
    {
      "type": "Feature",
      "geometry": {
        "type": "Point",
        "coordinates": [
          -0.2283266,
          51.4682058
        ]
      },
      "properties": {
        "id": "osm_node_4319635796",
        "name": "Public Toilets",
        "hours": "24/7",
        "accessible": false,
        "fee": 0,
        "source": "osm",
        "last_verified_at": "2025-08-26T18:32:20.741Z",
        "verified_by": "ingest-agent"
      }
    },
    {
      "type": "Feature",
      "geometry": {
        "type": "Point",
        "coordinates": [
          -0.0745675,
          51.4488221
        ]
      },
      "properties": {
        "id": "osm_node_4320730261",
        "name": "Public Toilets",
        "hours": "24/7",
        "accessible": false,
        "fee": 0,
        "source": "osm",
        "last_verified_at": "2025-08-26T18:32:20.741Z",
        "verified_by": "ingest-agent"
      }
    },
    {
      "type": "Feature",
      "geometry": {
        "type": "Point",
        "coordinates": [
          -0.3175406,
          51.5784544
        ]
      },
      "properties": {
        "id": "osm_node_4323353590",
        "name": "Public Toilets",
        "hours": "Mo-Su 05:00-00:50",
        "accessible": false,
        "fee": 0,
        "source": "osm",
        "last_verified_at": "2025-08-26T18:32:20.741Z",
        "verified_by": "ingest-agent"
      }
    },
    {
      "type": "Feature",
      "geometry": {
        "type": "Point",
        "coordinates": [
          -0.1770955,
          51.5841857
        ]
      },
      "properties": {
        "id": "osm_node_4327904610",
        "name": "Public Toilets",
        "hours": "24/7",
        "accessible": false,
        "fee": 0,
        "source": "osm",
        "last_verified_at": "2025-08-26T18:32:20.741Z",
        "verified_by": "ingest-agent"
      }
    },
    {
      "type": "Feature",
      "geometry": {
        "type": "Point",
        "coordinates": [
          -0.4587433,
          51.4711808
        ]
      },
      "properties": {
        "id": "osm_node_4329936966",
        "name": "Public Toilets",
        "hours": "24/7",
        "accessible": true,
        "fee": 0,
        "source": "osm",
        "last_verified_at": "2025-08-26T18:32:20.741Z",
        "verified_by": "ingest-agent"
      }
    },
    {
      "type": "Feature",
      "geometry": {
        "type": "Point",
        "coordinates": [
          -0.1248364,
          51.5082306
        ]
      },
      "properties": {
        "id": "osm_node_4329962757",
        "name": "Public Toilets",
        "hours": "24/7",
        "accessible": false,
        "fee": 0,
        "source": "osm",
        "last_verified_at": "2025-08-26T18:32:20.741Z",
        "verified_by": "ingest-agent"
      }
    },
    {
      "type": "Feature",
      "geometry": {
        "type": "Point",
        "coordinates": [
          -0.3153061,
          51.5507332
        ]
      },
      "properties": {
        "id": "osm_node_4334058023",
        "name": "Public Toilets",
        "hours": "24/7",
        "accessible": false,
        "fee": 0,
        "source": "osm",
        "last_verified_at": "2025-08-26T18:32:20.741Z",
        "verified_by": "ingest-agent"
      }
    },
    {
      "type": "Feature",
      "geometry": {
        "type": "Point",
        "coordinates": [
          -0.186839,
          51.4676179
        ]
      },
      "properties": {
        "id": "osm_node_4360230742",
        "name": "Public Toilets",
        "hours": "24/7",
        "accessible": false,
        "fee": 0,
        "source": "osm",
        "last_verified_at": "2025-08-26T18:32:20.741Z",
        "verified_by": "ingest-agent"
      }
    },
    {
      "type": "Feature",
      "geometry": {
        "type": "Point",
        "coordinates": [
          -0.4886338,
          51.4700208
        ]
      },
      "properties": {
        "id": "osm_node_4360356630",
        "name": "Public Toilets",
        "hours": "24/7",
        "accessible": true,
        "fee": 0,
        "source": "osm",
        "last_verified_at": "2025-08-26T18:32:20.741Z",
        "verified_by": "ingest-agent"
      }
    },
    {
      "type": "Feature",
      "geometry": {
        "type": "Point",
        "coordinates": [
          -0.4880973,
          51.4712204
        ]
      },
      "properties": {
        "id": "osm_node_4360359439",
        "name": "Public Toilets",
        "hours": "24/7",
        "accessible": true,
        "fee": 0,
        "source": "osm",
        "last_verified_at": "2025-08-26T18:32:20.741Z",
        "verified_by": "ingest-agent"
      }
    },
    {
      "type": "Feature",
      "geometry": {
        "type": "Point",
        "coordinates": [
          -0.4881241,
          51.4713297
        ]
      },
      "properties": {
        "id": "osm_node_4360359448",
        "name": "Public Toilets",
        "hours": "24/7",
        "accessible": false,
        "fee": 0,
        "source": "osm",
        "last_verified_at": "2025-08-26T18:32:20.741Z",
        "verified_by": "ingest-agent"
      }
    },
    {
      "type": "Feature",
      "geometry": {
        "type": "Point",
        "coordinates": [
          -0.4880772,
          51.4720212
        ]
      },
      "properties": {
        "id": "osm_node_4360359487",
        "name": "Public Toilets",
        "hours": "24/7",
        "accessible": true,
        "fee": 0,
        "source": "osm",
        "last_verified_at": "2025-08-26T18:32:20.741Z",
        "verified_by": "ingest-agent"
      }
    },
    {
      "type": "Feature",
      "geometry": {
        "type": "Point",
        "coordinates": [
          -0.488495,
          51.472984
        ]
      },
      "properties": {
        "id": "osm_node_4360359587",
        "name": "Public Toilets",
        "hours": "24/7",
        "accessible": true,
        "fee": 0,
        "source": "osm",
        "last_verified_at": "2025-08-26T18:32:20.741Z",
        "verified_by": "ingest-agent"
      }
    },
    {
      "type": "Feature",
      "geometry": {
        "type": "Point",
        "coordinates": [
          -0.488404,
          51.4731258
        ]
      },
      "properties": {
        "id": "osm_node_4360359599",
        "name": "Public Toilets",
        "hours": "24/7",
        "accessible": true,
        "fee": 0,
        "source": "osm",
        "last_verified_at": "2025-08-26T18:32:20.741Z",
        "verified_by": "ingest-agent"
      }
    },
    {
      "type": "Feature",
      "geometry": {
        "type": "Point",
        "coordinates": [
          -0.0232172,
          51.5047023
        ]
      },
      "properties": {
        "id": "osm_node_4367679255",
        "name": "Public Toilets",
        "hours": "Mo-Fr 10:00-18:00",
        "accessible": false,
        "fee": 0,
        "source": "osm",
        "last_verified_at": "2025-08-26T18:32:20.741Z",
        "verified_by": "ingest-agent"
      }
    },
    {
      "type": "Feature",
      "geometry": {
        "type": "Point",
        "coordinates": [
          -0.0590157,
          51.6483279
        ]
      },
      "properties": {
        "id": "osm_node_4381895537",
        "name": "Public Toilets",
        "hours": "24/7",
        "accessible": true,
        "fee": 0,
        "source": "osm",
        "last_verified_at": "2025-08-26T18:32:20.741Z",
        "verified_by": "ingest-agent"
      }
    },
    {
      "type": "Feature",
      "geometry": {
        "type": "Point",
        "coordinates": [
          -0.0472381,
          51.6479651
        ]
      },
      "properties": {
        "id": "osm_node_4381895538",
        "name": "Public Toilets",
        "hours": "24/7",
        "accessible": false,
        "fee": 0,
        "source": "osm",
        "last_verified_at": "2025-08-26T18:32:20.741Z",
        "verified_by": "ingest-agent"
      }
    },
    {
      "type": "Feature",
      "geometry": {
        "type": "Point",
        "coordinates": [
          -0.0214996,
          51.6073567
        ]
      },
      "properties": {
        "id": "osm_node_4381901961",
        "name": "Public Toilets",
        "hours": "24/7",
        "accessible": false,
        "fee": 0,
        "source": "osm",
        "last_verified_at": "2025-08-26T18:32:20.741Z",
        "verified_by": "ingest-agent"
      }
    },
    {
      "type": "Feature",
      "geometry": {
        "type": "Point",
        "coordinates": [
          0.1629174,
          51.5609762
        ]
      },
      "properties": {
        "id": "osm_node_4393353463",
        "name": "Public Toilets",
        "hours": "24/7",
        "accessible": false,
        "fee": 0,
        "source": "osm",
        "last_verified_at": "2025-08-26T18:32:20.741Z",
        "verified_by": "ingest-agent"
      }
    },
    {
      "type": "Feature",
      "geometry": {
        "type": "Point",
        "coordinates": [
          0.1848361,
          51.479855
        ]
      },
      "properties": {
        "id": "osm_node_4413996314",
        "name": "Public Toilets",
        "hours": "24/7",
        "accessible": false,
        "fee": 0,
        "source": "osm",
        "last_verified_at": "2025-08-26T18:32:20.741Z",
        "verified_by": "ingest-agent"
      }
    },
    {
      "type": "Feature",
      "geometry": {
        "type": "Point",
        "coordinates": [
          -0.0595535,
          51.4656133
        ]
      },
      "properties": {
        "id": "osm_node_4438342675",
        "name": "Public Toilets",
        "hours": "24/7",
        "accessible": false,
        "fee": 0,
        "source": "osm",
        "last_verified_at": "2025-08-26T18:32:20.741Z",
        "verified_by": "ingest-agent"
      }
    },
    {
      "type": "Feature",
      "geometry": {
        "type": "Point",
        "coordinates": [
          -0.1462842,
          51.5413835
        ]
      },
      "properties": {
        "id": "osm_node_4440565084",
        "name": "Public Toilets",
        "hours": "24/7",
        "accessible": false,
        "fee": 0,
        "source": "osm",
        "last_verified_at": "2025-08-26T18:32:20.741Z",
        "verified_by": "ingest-agent"
      }
    },
    {
      "type": "Feature",
      "geometry": {
        "type": "Point",
        "coordinates": [
          -0.1463063,
          51.5413747
        ]
      },
      "properties": {
        "id": "osm_node_4440565085",
        "name": "Public Toilets",
        "hours": "24/7",
        "accessible": false,
        "fee": 0,
        "source": "osm",
        "last_verified_at": "2025-08-26T18:32:20.741Z",
        "verified_by": "ingest-agent"
      }
    },
    {
      "type": "Feature",
      "geometry": {
        "type": "Point",
        "coordinates": [
          -0.1463293,
          51.5413676
        ]
      },
      "properties": {
        "id": "osm_node_4440565086",
        "name": "Public Toilets",
        "hours": "24/7",
        "accessible": false,
        "fee": 0,
        "source": "osm",
        "last_verified_at": "2025-08-26T18:32:20.741Z",
        "verified_by": "ingest-agent"
      }
    },
    {
      "type": "Feature",
      "geometry": {
        "type": "Point",
        "coordinates": [
          -0.1884185,
          51.609469
        ]
      },
      "properties": {
        "id": "osm_node_4455788939",
        "name": "Public Toilets",
        "hours": "24/7",
        "accessible": false,
        "fee": 0,
        "source": "osm",
        "last_verified_at": "2025-08-26T18:32:20.741Z",
        "verified_by": "ingest-agent"
      }
    },
    {
      "type": "Feature",
      "geometry": {
        "type": "Point",
        "coordinates": [
          -0.0599434,
          51.5886311
        ]
      },
      "properties": {
        "id": "osm_node_4457179028",
        "name": "Public Toilets",
        "hours": "06-00",
        "accessible": true,
        "fee": 0,
        "source": "osm",
        "last_verified_at": "2025-08-26T18:32:20.741Z",
        "verified_by": "ingest-agent"
      }
    },
    {
      "type": "Feature",
      "geometry": {
        "type": "Point",
        "coordinates": [
          -0.0811172,
          51.6511532
        ]
      },
      "properties": {
        "id": "osm_node_4464099626",
        "name": "Public Toilets",
        "hours": "24/7",
        "accessible": true,
        "fee": 0,
        "source": "osm",
        "last_verified_at": "2025-08-26T18:32:20.741Z",
        "verified_by": "ingest-agent"
      }
    },
    {
      "type": "Feature",
      "geometry": {
        "type": "Point",
        "coordinates": [
          -0.0133074,
          51.5269979
        ]
      },
      "properties": {
        "id": "osm_node_4478049875",
        "name": "Public Toilets",
        "hours": "24/7",
        "accessible": false,
        "fee": 0,
        "source": "osm",
        "last_verified_at": "2025-08-26T18:32:20.741Z",
        "verified_by": "ingest-agent"
      }
    },
    {
      "type": "Feature",
      "geometry": {
        "type": "Point",
        "coordinates": [
          -0.1628621,
          51.5225235
        ]
      },
      "properties": {
        "id": "osm_node_4491414089",
        "name": "Public Toilets",
        "hours": "24/7",
        "accessible": true,
        "fee": 0,
        "source": "osm",
        "last_verified_at": "2025-08-26T18:32:20.741Z",
        "verified_by": "ingest-agent"
      }
    },
    {
      "type": "Feature",
      "geometry": {
        "type": "Point",
        "coordinates": [
          -0.0256275,
          51.5531007
        ]
      },
      "properties": {
        "id": "osm_node_4524942689",
        "name": "Public Toilets",
        "hours": "24/7",
        "accessible": false,
        "fee": 0,
        "source": "osm",
        "last_verified_at": "2025-08-26T18:32:20.741Z",
        "verified_by": "ingest-agent"
      }
    },
    {
      "type": "Feature",
      "geometry": {
        "type": "Point",
        "coordinates": [
          -0.1941035,
          51.4542705
        ]
      },
      "properties": {
        "id": "osm_node_4566694745",
        "name": "Public Toilets",
        "hours": "24/7",
        "accessible": true,
        "fee": 0,
        "source": "osm",
        "last_verified_at": "2025-08-26T18:32:20.741Z",
        "verified_by": "ingest-agent"
      }
    },
    {
      "type": "Feature",
      "geometry": {
        "type": "Point",
        "coordinates": [
          -0.1917763,
          51.4547222
        ]
      },
      "properties": {
        "id": "osm_node_4567026607",
        "name": "Public Toilets",
        "hours": "24/7",
        "accessible": false,
        "fee": 0,
        "source": "osm",
        "last_verified_at": "2025-08-26T18:32:20.741Z",
        "verified_by": "ingest-agent"
      }
    },
    {
      "type": "Feature",
      "geometry": {
        "type": "Point",
        "coordinates": [
          -0.1901989,
          51.4573286
        ]
      },
      "properties": {
        "id": "osm_node_4567026608",
        "name": "Public Toilets",
        "hours": "24/7",
        "accessible": false,
        "fee": 0,
        "source": "osm",
        "last_verified_at": "2025-08-26T18:32:20.741Z",
        "verified_by": "ingest-agent"
      }
    },
    {
      "type": "Feature",
      "geometry": {
        "type": "Point",
        "coordinates": [
          -0.1806844,
          51.4468812
        ]
      },
      "properties": {
        "id": "osm_node_4567034574",
        "name": "Public Toilets",
        "hours": "24/7",
        "accessible": false,
        "fee": 0,
        "source": "osm",
        "last_verified_at": "2025-08-26T18:32:20.741Z",
        "verified_by": "ingest-agent"
      }
    },
    {
      "type": "Feature",
      "geometry": {
        "type": "Point",
        "coordinates": [
          -0.2085566,
          51.4436413
        ]
      },
      "properties": {
        "id": "osm_node_4567034575",
        "name": "Public Toilets",
        "hours": "24/7",
        "accessible": false,
        "fee": 0,
        "source": "osm",
        "last_verified_at": "2025-08-26T18:32:20.741Z",
        "verified_by": "ingest-agent"
      }
    },
    {
      "type": "Feature",
      "geometry": {
        "type": "Point",
        "coordinates": [
          -0.2419556,
          51.4497744
        ]
      },
      "properties": {
        "id": "osm_node_4567035489",
        "name": "Public Toilets",
        "hours": "24/7",
        "accessible": false,
        "fee": 0,
        "source": "osm",
        "last_verified_at": "2025-08-26T18:32:20.741Z",
        "verified_by": "ingest-agent"
      }
    },
    {
      "type": "Feature",
      "geometry": {
        "type": "Point",
        "coordinates": [
          -0.2457868,
          51.4392309
        ]
      },
      "properties": {
        "id": "osm_node_4567035490",
        "name": "Public Toilets",
        "hours": "24/7",
        "accessible": false,
        "fee": 0,
        "source": "osm",
        "last_verified_at": "2025-08-26T18:32:20.741Z",
        "verified_by": "ingest-agent"
      }
    },
    {
      "type": "Feature",
      "geometry": {
        "type": "Point",
        "coordinates": [
          -0.2391446,
          51.4408691
        ]
      },
      "properties": {
        "id": "osm_node_4567035491",
        "name": "cemetery toilets",
        "hours": "24/7",
        "accessible": false,
        "fee": 0,
        "source": "osm",
        "last_verified_at": "2025-08-26T18:32:20.741Z",
        "verified_by": "ingest-agent"
      }
    },
    {
      "type": "Feature",
      "geometry": {
        "type": "Point",
        "coordinates": [
          -0.1458924,
          51.4314102
        ]
      },
      "properties": {
        "id": "osm_node_4567035492",
        "name": "Public Toilets",
        "hours": "24/7",
        "accessible": false,
        "fee": 0,
        "source": "osm",
        "last_verified_at": "2025-08-26T18:32:20.741Z",
        "verified_by": "ingest-agent"
      }
    },
    {
      "type": "Feature",
      "geometry": {
        "type": "Point",
        "coordinates": [
          -0.2632249,
          51.6030786
        ]
      },
      "properties": {
        "id": "osm_node_4579912550",
        "name": "Public Toilets",
        "hours": "24/7",
        "accessible": false,
        "fee": 0,
        "source": "osm",
        "last_verified_at": "2025-08-26T18:32:20.741Z",
        "verified_by": "ingest-agent"
      }
    },
    {
      "type": "Feature",
      "geometry": {
        "type": "Point",
        "coordinates": [
          -0.1235315,
          51.5358031
        ]
      },
      "properties": {
        "id": "osm_node_4579990529",
        "name": "Public Toilets",
        "hours": "24/7",
        "accessible": true,
        "fee": 0,
        "source": "osm",
        "last_verified_at": "2025-08-26T18:32:20.741Z",
        "verified_by": "ingest-agent"
      }
    },
    {
      "type": "Feature",
      "geometry": {
        "type": "Point",
        "coordinates": [
          -0.1231764,
          51.5240516
        ]
      },
      "properties": {
        "id": "osm_node_4579990530",
        "name": "Public Toilets",
        "hours": "24/7",
        "accessible": false,
        "fee": 0,
        "source": "osm",
        "last_verified_at": "2025-08-26T18:32:20.741Z",
        "verified_by": "ingest-agent"
      }
    },
    {
      "type": "Feature",
      "geometry": {
        "type": "Point",
        "coordinates": [
          -0.2047659,
          51.420709
        ]
      },
      "properties": {
        "id": "osm_node_4621757869",
        "name": "Public Toilets",
        "hours": "24/7",
        "accessible": true,
        "fee": 0,
        "source": "osm",
        "last_verified_at": "2025-08-26T18:32:20.741Z",
        "verified_by": "ingest-agent"
      }
    },
    {
      "type": "Feature",
      "geometry": {
        "type": "Point",
        "coordinates": [
          -0.1637331,
          51.5225894
        ]
      },
      "properties": {
        "id": "osm_node_4628761925",
        "name": "Public Toilets",
        "hours": "24/7",
        "accessible": true,
        "fee": 0,
        "source": "osm",
        "last_verified_at": "2025-08-26T18:32:20.741Z",
        "verified_by": "ingest-agent"
      }
    },
    {
      "type": "Feature",
      "geometry": {
        "type": "Point",
        "coordinates": [
          -0.1089291,
          51.5941691
        ]
      },
      "properties": {
        "id": "osm_node_4656901789",
        "name": "Public Toilets",
        "hours": "24/7",
        "accessible": true,
        "fee": 0,
        "source": "osm",
        "last_verified_at": "2025-08-26T18:32:20.741Z",
        "verified_by": "ingest-agent"
      }
    },
    {
      "type": "Feature",
      "geometry": {
        "type": "Point",
        "coordinates": [
          -0.179273,
          51.6307735
        ]
      },
      "properties": {
        "id": "osm_node_4664432362",
        "name": "Public Toilets",
        "hours": "24/7",
        "accessible": false,
        "fee": 0,
        "source": "osm",
        "last_verified_at": "2025-08-26T18:32:20.741Z",
        "verified_by": "ingest-agent"
      }
    },
    {
      "type": "Feature",
      "geometry": {
        "type": "Point",
        "coordinates": [
          -0.1790133,
          51.6307763
        ]
      },
      "properties": {
        "id": "osm_node_4664432363",
        "name": "Public Toilets",
        "hours": "24/7",
        "accessible": false,
        "fee": 0,
        "source": "osm",
        "last_verified_at": "2025-08-26T18:32:20.741Z",
        "verified_by": "ingest-agent"
      }
    },
    {
      "type": "Feature",
      "geometry": {
        "type": "Point",
        "coordinates": [
          -0.2815796,
          51.5589092
        ]
      },
      "properties": {
        "id": "osm_node_4697353378",
        "name": "Public Toilets",
        "hours": "Mo-Fr 08:30-20:00,Sa-Su 09:00-17:00",
        "accessible": false,
        "fee": 0,
        "source": "osm",
        "last_verified_at": "2025-08-26T18:32:20.741Z",
        "verified_by": "ingest-agent"
      }
    },
    {
      "type": "Feature",
      "geometry": {
        "type": "Point",
        "coordinates": [
          -0.0953195,
          51.503409
        ]
      },
      "properties": {
        "id": "osm_node_4706665125",
        "name": "Public Toilets",
        "hours": "24/7",
        "accessible": false,
        "fee": 0,
        "source": "osm",
        "last_verified_at": "2025-08-26T18:32:20.741Z",
        "verified_by": "ingest-agent"
      }
    },
    {
      "type": "Feature",
      "geometry": {
        "type": "Point",
        "coordinates": [
          -0.1940091,
          51.6503697
        ]
      },
      "properties": {
        "id": "osm_node_4706953989",
        "name": "Public Toilets",
        "hours": "24/7",
        "accessible": true,
        "fee": 0,
        "source": "osm",
        "last_verified_at": "2025-08-26T18:32:20.741Z",
        "verified_by": "ingest-agent"
      }
    },
    {
      "type": "Feature",
      "geometry": {
        "type": "Point",
        "coordinates": [
          -0.2046139,
          51.4209287
        ]
      },
      "properties": {
        "id": "osm_node_4737758545",
        "name": "Public Toilets",
        "hours": "Mo-Fr 09:30-19:00; Th 09:30-20:00; Sa 09:00-18:00; Su,PH 11:00-17:00",
        "accessible": true,
        "fee": 0,
        "source": "osm",
        "last_verified_at": "2025-08-26T18:32:20.741Z",
        "verified_by": "ingest-agent"
      }
    },
    {
      "type": "Feature",
      "geometry": {
        "type": "Point",
        "coordinates": [
          -0.0908226,
          51.6524435
        ]
      },
      "properties": {
        "id": "osm_node_4742451106",
        "name": "Public Toilets",
        "hours": "24/7",
        "accessible": false,
        "fee": 0,
        "source": "osm",
        "last_verified_at": "2025-08-26T18:32:20.741Z",
        "verified_by": "ingest-agent"
      }
    },
    {
      "type": "Feature",
      "geometry": {
        "type": "Point",
        "coordinates": [
          -0.2002832,
          51.4219295
        ]
      },
      "properties": {
        "id": "osm_node_4799258126",
        "name": "Public Toilets",
        "hours": "24/7",
        "accessible": true,
        "fee": 50,
        "source": "osm",
        "last_verified_at": "2025-08-26T18:32:20.741Z",
        "verified_by": "ingest-agent"
      }
    },
    {
      "type": "Feature",
      "geometry": {
        "type": "Point",
        "coordinates": [
          -0.0676531,
          51.5068781
        ]
      },
      "properties": {
        "id": "osm_node_4811523921",
        "name": "Public Toilets",
        "hours": "24/7",
        "accessible": true,
        "fee": 0,
        "source": "osm",
        "last_verified_at": "2025-08-26T18:32:20.741Z",
        "verified_by": "ingest-agent"
      }
    },
    {
      "type": "Feature",
      "geometry": {
        "type": "Point",
        "coordinates": [
          -0.0727647,
          51.5068543
        ]
      },
      "properties": {
        "id": "osm_node_4815428300",
        "name": "Public Toilets",
        "hours": "24/7",
        "accessible": false,
        "fee": 0,
        "source": "osm",
        "last_verified_at": "2025-08-26T18:32:20.741Z",
        "verified_by": "ingest-agent"
      }
    },
    {
      "type": "Feature",
      "geometry": {
        "type": "Point",
        "coordinates": [
          -0.0856549,
          51.4461108
        ]
      },
      "properties": {
        "id": "osm_node_4847771921",
        "name": "Public Toilets",
        "hours": "24/7",
        "accessible": true,
        "fee": 0,
        "source": "osm",
        "last_verified_at": "2025-08-26T18:32:20.741Z",
        "verified_by": "ingest-agent"
      }
    },
    {
      "type": "Feature",
      "geometry": {
        "type": "Point",
        "coordinates": [
          -0.1520857,
          51.4431274
        ]
      },
      "properties": {
        "id": "osm_node_4849778022",
        "name": "Public Toilets",
        "hours": "24/7",
        "accessible": false,
        "fee": 0,
        "source": "osm",
        "last_verified_at": "2025-08-26T18:32:20.741Z",
        "verified_by": "ingest-agent"
      }
    },
    {
      "type": "Feature",
      "geometry": {
        "type": "Point",
        "coordinates": [
          -0.1463444,
          51.5667419
        ]
      },
      "properties": {
        "id": "osm_node_4851412025",
        "name": "Public Toilets",
        "hours": "24/7",
        "accessible": false,
        "fee": 0,
        "source": "osm",
        "last_verified_at": "2025-08-26T18:32:20.741Z",
        "verified_by": "ingest-agent"
      }
    },
    {
      "type": "Feature",
      "geometry": {
        "type": "Point",
        "coordinates": [
          -0.1468407,
          51.5666918
        ]
      },
      "properties": {
        "id": "osm_node_4851421021",
        "name": "Public Toilets",
        "hours": "24/7",
        "accessible": false,
        "fee": 0,
        "source": "osm",
        "last_verified_at": "2025-08-26T18:32:20.741Z",
        "verified_by": "ingest-agent"
      }
    },
    {
      "type": "Feature",
      "geometry": {
        "type": "Point",
        "coordinates": [
          -0.1088737,
          51.496148
        ]
      },
      "properties": {
        "id": "osm_node_4863526002",
        "name": "Public Toilets",
        "hours": "24/7",
        "accessible": false,
        "fee": 0,
        "source": "osm",
        "last_verified_at": "2025-08-26T18:32:20.741Z",
        "verified_by": "ingest-agent"
      }
    },
    {
      "type": "Feature",
      "geometry": {
        "type": "Point",
        "coordinates": [
          -0.1083052,
          51.4961405
        ]
      },
      "properties": {
        "id": "osm_node_4863526003",
        "name": "Public Toilets",
        "hours": "24/7",
        "accessible": false,
        "fee": 0,
        "source": "osm",
        "last_verified_at": "2025-08-26T18:32:20.741Z",
        "verified_by": "ingest-agent"
      }
    },
    {
      "type": "Feature",
      "geometry": {
        "type": "Point",
        "coordinates": [
          -0.3056176,
          51.4186423
        ]
      },
      "properties": {
        "id": "osm_node_4902669770",
        "name": "Public Toilets",
        "hours": "24/7",
        "accessible": false,
        "fee": 0,
        "source": "osm",
        "last_verified_at": "2025-08-26T18:32:20.741Z",
        "verified_by": "ingest-agent"
      }
    },
    {
      "type": "Feature",
      "geometry": {
        "type": "Point",
        "coordinates": [
          -0.0901812,
          51.5043778
        ]
      },
      "properties": {
        "id": "osm_node_4954395594",
        "name": "Public Toilets",
        "hours": "24/7",
        "accessible": false,
        "fee": 0,
        "source": "osm",
        "last_verified_at": "2025-08-26T18:32:20.741Z",
        "verified_by": "ingest-agent"
      }
    },
    {
      "type": "Feature",
      "geometry": {
        "type": "Point",
        "coordinates": [
          0.0212274,
          51.5387013
        ]
      },
      "properties": {
        "id": "osm_node_4974949722",
        "name": "Public Toilets",
        "hours": "24/7",
        "accessible": true,
        "fee": 0,
        "source": "osm",
        "last_verified_at": "2025-08-26T18:32:20.741Z",
        "verified_by": "ingest-agent"
      }
    },
    {
      "type": "Feature",
      "geometry": {
        "type": "Point",
        "coordinates": [
          -0.18483,
          51.6055602
        ]
      },
      "properties": {
        "id": "osm_node_5023986922",
        "name": "Public Toilets",
        "hours": "24/7",
        "accessible": false,
        "fee": 0,
        "source": "osm",
        "last_verified_at": "2025-08-26T18:32:20.741Z",
        "verified_by": "ingest-agent"
      }
    },
    {
      "type": "Feature",
      "geometry": {
        "type": "Point",
        "coordinates": [
          -0.3021331,
          51.5127879
        ]
      },
      "properties": {
        "id": "osm_node_5037491463",
        "name": "Public Toilets",
        "hours": "Mo-Sa 09:00-17:30; Su 11:00-17:00",
        "accessible": true,
        "fee": 0,
        "source": "osm",
        "last_verified_at": "2025-08-26T18:32:20.741Z",
        "verified_by": "ingest-agent"
      }
    },
    {
      "type": "Feature",
      "geometry": {
        "type": "Point",
        "coordinates": [
          -0.3023417,
          51.5127663
        ]
      },
      "properties": {
        "id": "osm_node_5037491489",
        "name": "Public Toilets",
        "hours": "24/7",
        "accessible": true,
        "fee": 0,
        "source": "osm",
        "last_verified_at": "2025-08-26T18:32:20.741Z",
        "verified_by": "ingest-agent"
      }
    },
    {
      "type": "Feature",
      "geometry": {
        "type": "Point",
        "coordinates": [
          -0.1926495,
          51.601055
        ]
      },
      "properties": {
        "id": "osm_node_5061630776",
        "name": "Public Toilets",
        "hours": "24/7",
        "accessible": true,
        "fee": 0,
        "source": "osm",
        "last_verified_at": "2025-08-26T18:32:20.741Z",
        "verified_by": "ingest-agent"
      }
    },
    {
      "type": "Feature",
      "geometry": {
        "type": "Point",
        "coordinates": [
          0.2149637,
          51.5409112
        ]
      },
      "properties": {
        "id": "osm_node_5078803318",
        "name": "Public Toilets",
        "hours": "24/7",
        "accessible": false,
        "fee": 0,
        "source": "osm",
        "last_verified_at": "2025-08-26T18:32:20.741Z",
        "verified_by": "ingest-agent"
      }
    },
    {
      "type": "Feature",
      "geometry": {
        "type": "Point",
        "coordinates": [
          0.076605,
          51.4708912
        ]
      },
      "properties": {
        "id": "osm_node_5082630954",
        "name": "Public Toilets",
        "hours": "24/7",
        "accessible": false,
        "fee": 0,
        "source": "osm",
        "last_verified_at": "2025-08-26T18:32:20.741Z",
        "verified_by": "ingest-agent"
      }
    },
    {
      "type": "Feature",
      "geometry": {
        "type": "Point",
        "coordinates": [
          -0.3515925,
          51.562466
        ]
      },
      "properties": {
        "id": "osm_node_5101927589",
        "name": "Public Toilets",
        "hours": "24/7",
        "accessible": false,
        "fee": 0,
        "source": "osm",
        "last_verified_at": "2025-08-26T18:32:20.741Z",
        "verified_by": "ingest-agent"
      }
    },
    {
      "type": "Feature",
      "geometry": {
        "type": "Point",
        "coordinates": [
          -0.1828038,
          51.4947197
        ]
      },
      "properties": {
        "id": "osm_node_5109300712",
        "name": "Public Toilets",
        "hours": "24/7",
        "accessible": false,
        "fee": 50,
        "source": "osm",
        "last_verified_at": "2025-08-26T18:32:20.741Z",
        "verified_by": "ingest-agent"
      }
    },
    {
      "type": "Feature",
      "geometry": {
        "type": "Point",
        "coordinates": [
          -0.1273606,
          51.532504
        ]
      },
      "properties": {
        "id": "osm_node_5149207432",
        "name": "Public Toilets",
        "hours": "24/7",
        "accessible": false,
        "fee": 0,
        "source": "osm",
        "last_verified_at": "2025-08-26T18:32:20.741Z",
        "verified_by": "ingest-agent"
      }
    },
    {
      "type": "Feature",
      "geometry": {
        "type": "Point",
        "coordinates": [
          -0.1191955,
          51.4994992
        ]
      },
      "properties": {
        "id": "osm_node_5184195871",
        "name": "Public Toilets",
        "hours": "24/7",
        "accessible": false,
        "fee": 0,
        "source": "osm",
        "last_verified_at": "2025-08-26T18:32:20.742Z",
        "verified_by": "ingest-agent"
      }
    },
    {
      "type": "Feature",
      "geometry": {
        "type": "Point",
        "coordinates": [
          -0.0542309,
          51.5854332
        ]
      },
      "properties": {
        "id": "osm_node_5222968781",
        "name": "Public Toilets",
        "hours": "24/7",
        "accessible": true,
        "fee": 0,
        "source": "osm",
        "last_verified_at": "2025-08-26T18:32:20.742Z",
        "verified_by": "ingest-agent"
      }
    },
    {
      "type": "Feature",
      "geometry": {
        "type": "Point",
        "coordinates": [
          -0.0541008,
          51.5854176
        ]
      },
      "properties": {
        "id": "osm_node_5222968784",
        "name": "Public Toilets",
        "hours": "24/7",
        "accessible": false,
        "fee": 0,
        "source": "osm",
        "last_verified_at": "2025-08-26T18:32:20.742Z",
        "verified_by": "ingest-agent"
      }
    },
    {
      "type": "Feature",
      "geometry": {
        "type": "Point",
        "coordinates": [
          -0.09298,
          51.3761761
        ]
      },
      "properties": {
        "id": "osm_node_5223718252",
        "name": "Public Toilets",
        "hours": "24/7",
        "accessible": true,
        "fee": 0,
        "source": "osm",
        "last_verified_at": "2025-08-26T18:32:20.742Z",
        "verified_by": "ingest-agent"
      }
    },
    {
      "type": "Feature",
      "geometry": {
        "type": "Point",
        "coordinates": [
          -0.1246021,
          51.5312535
        ]
      },
      "properties": {
        "id": "osm_node_5262929022",
        "name": "Public Toilets",
        "hours": "24/7",
        "accessible": true,
        "fee": 50,
        "source": "osm",
        "last_verified_at": "2025-08-26T18:32:20.742Z",
        "verified_by": "ingest-agent"
      }
    },
    {
      "type": "Feature",
      "geometry": {
        "type": "Point",
        "coordinates": [
          -0.4761198,
          51.4701877
        ]
      },
      "properties": {
        "id": "osm_node_5264553921",
        "name": "Public Toilets",
        "hours": "24/7",
        "accessible": true,
        "fee": 0,
        "source": "osm",
        "last_verified_at": "2025-08-26T18:32:20.742Z",
        "verified_by": "ingest-agent"
      }
    },
    {
      "type": "Feature",
      "geometry": {
        "type": "Point",
        "coordinates": [
          -0.109912,
          51.5077721
        ]
      },
      "properties": {
        "id": "osm_node_5300643105",
        "name": "Public Toilets",
        "hours": "24/7",
        "accessible": true,
        "fee": 0,
        "source": "osm",
        "last_verified_at": "2025-08-26T18:32:20.742Z",
        "verified_by": "ingest-agent"
      }
    },
    {
      "type": "Feature",
      "geometry": {
        "type": "Point",
        "coordinates": [
          -0.0220934,
          51.5051488
        ]
      },
      "properties": {
        "id": "osm_node_5313673129",
        "name": "Public Toilets",
        "hours": "24/7",
        "accessible": true,
        "fee": 0,
        "source": "osm",
        "last_verified_at": "2025-08-26T18:32:20.742Z",
        "verified_by": "ingest-agent"
      }
    },
    {
      "type": "Feature",
      "geometry": {
        "type": "Point",
        "coordinates": [
          -0.4504312,
          51.4701865
        ]
      },
      "properties": {
        "id": "osm_node_5349696328",
        "name": "Public Toilets",
        "hours": "24/7",
        "accessible": true,
        "fee": 0,
        "source": "osm",
        "last_verified_at": "2025-08-26T18:32:20.742Z",
        "verified_by": "ingest-agent"
      }
    },
    {
      "type": "Feature",
      "geometry": {
        "type": "Point",
        "coordinates": [
          -0.1854819,
          51.61787
        ]
      },
      "properties": {
        "id": "osm_node_5382831954",
        "name": "Public Toilets",
        "hours": "24/7",
        "accessible": false,
        "fee": 0,
        "source": "osm",
        "last_verified_at": "2025-08-26T18:32:20.742Z",
        "verified_by": "ingest-agent"
      }
    },
    {
      "type": "Feature",
      "geometry": {
        "type": "Point",
        "coordinates": [
          -0.0238435,
          51.5646628
        ]
      },
      "properties": {
        "id": "osm_node_5405291324",
        "name": "Public Toilets",
        "hours": "24/7",
        "accessible": false,
        "fee": 0,
        "source": "osm",
        "last_verified_at": "2025-08-26T18:32:20.742Z",
        "verified_by": "ingest-agent"
      }
    },
    {
      "type": "Feature",
      "geometry": {
        "type": "Point",
        "coordinates": [
          -0.0740211,
          51.5464437
        ]
      },
      "properties": {
        "id": "osm_node_5438701444",
        "name": "Public Toilets",
        "hours": "24/7",
        "accessible": true,
        "fee": 0,
        "source": "osm",
        "last_verified_at": "2025-08-26T18:32:20.742Z",
        "verified_by": "ingest-agent"
      }
    },
    {
      "type": "Feature",
      "geometry": {
        "type": "Point",
        "coordinates": [
          -0.0740801,
          51.5464559
        ]
      },
      "properties": {
        "id": "osm_node_5502892901",
        "name": "Public Toilets",
        "hours": "24/7",
        "accessible": true,
        "fee": 0,
        "source": "osm",
        "last_verified_at": "2025-08-26T18:32:20.742Z",
        "verified_by": "ingest-agent"
      }
    },
    {
      "type": "Feature",
      "geometry": {
        "type": "Point",
        "coordinates": [
          -0.2110092,
          51.5359312
        ]
      },
      "properties": {
        "id": "osm_node_5503897889",
        "name": "Public Toilets",
        "hours": "24/7",
        "accessible": true,
        "fee": 0,
        "source": "osm",
        "last_verified_at": "2025-08-26T18:32:20.742Z",
        "verified_by": "ingest-agent"
      }
    },
    {
      "type": "Feature",
      "geometry": {
        "type": "Point",
        "coordinates": [
          0.0317437,
          51.5970374
        ]
      },
      "properties": {
        "id": "osm_node_5535361621",
        "name": "Public Toilets",
        "hours": "24/7",
        "accessible": true,
        "fee": 0,
        "source": "osm",
        "last_verified_at": "2025-08-26T18:32:20.742Z",
        "verified_by": "ingest-agent"
      }
    },
    {
      "type": "Feature",
      "geometry": {
        "type": "Point",
        "coordinates": [
          -0.3014584,
          51.4633926
        ]
      },
      "properties": {
        "id": "osm_node_5539667077",
        "name": "Public Toilets",
        "hours": "Su 10:00-18:00; Mo-Fr 06:45-21:00; Sa 10:00-18:00",
        "accessible": true,
        "fee": 0,
        "source": "osm",
        "last_verified_at": "2025-08-26T18:32:20.742Z",
        "verified_by": "ingest-agent"
      }
    },
    {
      "type": "Feature",
      "geometry": {
        "type": "Point",
        "coordinates": [
          -0.3015134,
          51.4633897
        ]
      },
      "properties": {
        "id": "osm_node_5539667078",
        "name": "Public Toilets",
        "hours": "Su 10:00-18:00; Mo-Fr 06:45-21:00; Sa 10:00-18:00",
        "accessible": true,
        "fee": 0,
        "source": "osm",
        "last_verified_at": "2025-08-26T18:32:20.742Z",
        "verified_by": "ingest-agent"
      }
    },
    {
      "type": "Feature",
      "geometry": {
        "type": "Point",
        "coordinates": [
          -0.3014841,
          51.4633917
        ]
      },
      "properties": {
        "id": "osm_node_5539667079",
        "name": "Public Toilets",
        "hours": "Su 10:00-18:00; Mo-Fr 06:45-21:00; Sa 10:00-18:00",
        "accessible": true,
        "fee": 0,
        "source": "osm",
        "last_verified_at": "2025-08-26T18:32:20.742Z",
        "verified_by": "ingest-agent"
      }
    },
    {
      "type": "Feature",
      "geometry": {
        "type": "Point",
        "coordinates": [
          -0.1084676,
          51.5042057
        ]
      },
      "properties": {
        "id": "osm_node_5573989327",
        "name": "Public Toilets",
        "hours": "24/7",
        "accessible": false,
        "fee": 0,
        "source": "osm",
        "last_verified_at": "2025-08-26T18:32:20.742Z",
        "verified_by": "ingest-agent"
      }
    },
    {
      "type": "Feature",
      "geometry": {
        "type": "Point",
        "coordinates": [
          -0.1084162,
          51.5041792
        ]
      },
      "properties": {
        "id": "osm_node_5573989328",
        "name": "Public Toilets",
        "hours": "24/7",
        "accessible": false,
        "fee": 0,
        "source": "osm",
        "last_verified_at": "2025-08-26T18:32:20.742Z",
        "verified_by": "ingest-agent"
      }
    },
    {
      "type": "Feature",
      "geometry": {
        "type": "Point",
        "coordinates": [
          -0.296267,
          51.4821817
        ]
      },
      "properties": {
        "id": "osm_node_5584749375",
        "name": "Public Toilets",
        "hours": "24/7",
        "accessible": true,
        "fee": 0,
        "source": "osm",
        "last_verified_at": "2025-08-26T18:32:20.742Z",
        "verified_by": "ingest-agent"
      }
    },
    {
      "type": "Feature",
      "geometry": {
        "type": "Point",
        "coordinates": [
          0.0805565,
          51.5876475
        ]
      },
      "properties": {
        "id": "osm_node_5684579965",
        "name": "Public Toilets",
        "hours": "24/7",
        "accessible": false,
        "fee": 0,
        "source": "osm",
        "last_verified_at": "2025-08-26T18:32:20.742Z",
        "verified_by": "ingest-agent"
      }
    },
    {
      "type": "Feature",
      "geometry": {
        "type": "Point",
        "coordinates": [
          -0.0605383,
          51.4503028
        ]
      },
      "properties": {
        "id": "osm_node_5695146921",
        "name": "Public Toilets",
        "hours": "24/7",
        "accessible": false,
        "fee": 0,
        "source": "osm",
        "last_verified_at": "2025-08-26T18:32:20.742Z",
        "verified_by": "ingest-agent"
      }
    },
    {
      "type": "Feature",
      "geometry": {
        "type": "Point",
        "coordinates": [
          0.03078,
          51.5393228
        ]
      },
      "properties": {
        "id": "osm_node_5718576950",
        "name": "Public Toilets",
        "hours": "24/7",
        "accessible": false,
        "fee": 0,
        "source": "osm",
        "last_verified_at": "2025-08-26T18:32:20.742Z",
        "verified_by": "ingest-agent"
      }
    },
    {
      "type": "Feature",
      "geometry": {
        "type": "Point",
        "coordinates": [
          -0.0857359,
          51.5046134
        ]
      },
      "properties": {
        "id": "osm_node_5760381483",
        "name": "Public Toilets",
        "hours": "24/7",
        "accessible": true,
        "fee": 0,
        "source": "osm",
        "last_verified_at": "2025-08-26T18:32:20.742Z",
        "verified_by": "ingest-agent"
      }
    },
    {
      "type": "Feature",
      "geometry": {
        "type": "Point",
        "coordinates": [
          -0.2475273,
          51.4038536
        ]
      },
      "properties": {
        "id": "osm_node_5786854596",
        "name": "Public Toilets",
        "hours": "24/7",
        "accessible": false,
        "fee": 0,
        "source": "osm",
        "last_verified_at": "2025-08-26T18:32:20.742Z",
        "verified_by": "ingest-agent"
      }
    },
    {
      "type": "Feature",
      "geometry": {
        "type": "Point",
        "coordinates": [
          -0.0073503,
          51.5442173
        ]
      },
      "properties": {
        "id": "osm_node_5828020109",
        "name": "Public Toilets",
        "hours": "24/7",
        "accessible": false,
        "fee": 0,
        "source": "osm",
        "last_verified_at": "2025-08-26T18:32:20.742Z",
        "verified_by": "ingest-agent"
      }
    },
    {
      "type": "Feature",
      "geometry": {
        "type": "Point",
        "coordinates": [
          -0.0061581,
          51.5428912
        ]
      },
      "properties": {
        "id": "osm_node_5828020154",
        "name": "Public Toilets",
        "hours": "24/7",
        "accessible": false,
        "fee": 0,
        "source": "osm",
        "last_verified_at": "2025-08-26T18:32:20.742Z",
        "verified_by": "ingest-agent"
      }
    },
    {
      "type": "Feature",
      "geometry": {
        "type": "Point",
        "coordinates": [
          -0.0073143,
          51.544243
        ]
      },
      "properties": {
        "id": "osm_node_5828118109",
        "name": "Public Toilets",
        "hours": "24/7",
        "accessible": false,
        "fee": 0,
        "source": "osm",
        "last_verified_at": "2025-08-26T18:32:20.742Z",
        "verified_by": "ingest-agent"
      }
    },
    {
      "type": "Feature",
      "geometry": {
        "type": "Point",
        "coordinates": [
          -0.0940896,
          51.375117
        ]
      },
      "properties": {
        "id": "osm_node_5832201258",
        "name": "Public Toilets",
        "hours": "24/7",
        "accessible": false,
        "fee": 0,
        "source": "osm",
        "last_verified_at": "2025-08-26T18:32:20.742Z",
        "verified_by": "ingest-agent"
      }
    },
    {
      "type": "Feature",
      "geometry": {
        "type": "Point",
        "coordinates": [
          -0.0936356,
          51.3752407
        ]
      },
      "properties": {
        "id": "osm_node_5832201259",
        "name": "Public Toilets",
        "hours": "24/7",
        "accessible": false,
        "fee": 0,
        "source": "osm",
        "last_verified_at": "2025-08-26T18:32:20.742Z",
        "verified_by": "ingest-agent"
      }
    },
    {
      "type": "Feature",
      "geometry": {
        "type": "Point",
        "coordinates": [
          -0.0935881,
          51.3751809
        ]
      },
      "properties": {
        "id": "osm_node_5832675301",
        "name": "Public Toilets",
        "hours": "24/7",
        "accessible": false,
        "fee": 0,
        "source": "osm",
        "last_verified_at": "2025-08-26T18:32:20.742Z",
        "verified_by": "ingest-agent"
      }
    },
    {
      "type": "Feature",
      "geometry": {
        "type": "Point",
        "coordinates": [
          -0.0935546,
          51.375186
        ]
      },
      "properties": {
        "id": "osm_node_5832675302",
        "name": "Public Toilets",
        "hours": "24/7",
        "accessible": false,
        "fee": 0,
        "source": "osm",
        "last_verified_at": "2025-08-26T18:32:20.742Z",
        "verified_by": "ingest-agent"
      }
    },
    {
      "type": "Feature",
      "geometry": {
        "type": "Point",
        "coordinates": [
          -0.1401405,
          51.5097401
        ]
      },
      "properties": {
        "id": "osm_node_5834430785",
        "name": "Public Toilets",
        "hours": "24/7",
        "accessible": false,
        "fee": 0,
        "source": "osm",
        "last_verified_at": "2025-08-26T18:32:20.742Z",
        "verified_by": "ingest-agent"
      }
    },
    {
      "type": "Feature",
      "geometry": {
        "type": "Point",
        "coordinates": [
          -0.2367323,
          51.5598328
        ]
      },
      "properties": {
        "id": "osm_node_5836474312",
        "name": "Public Toilets",
        "hours": "24/7",
        "accessible": false,
        "fee": 0,
        "source": "osm",
        "last_verified_at": "2025-08-26T18:32:20.742Z",
        "verified_by": "ingest-agent"
      }
    },
    {
      "type": "Feature",
      "geometry": {
        "type": "Point",
        "coordinates": [
          0.0462954,
          51.504163
        ]
      },
      "properties": {
        "id": "osm_node_5853212687",
        "name": "Public Toilets",
        "hours": "24/7",
        "accessible": true,
        "fee": 0,
        "source": "osm",
        "last_verified_at": "2025-08-26T18:32:20.742Z",
        "verified_by": "ingest-agent"
      }
    },
    {
      "type": "Feature",
      "geometry": {
        "type": "Point",
        "coordinates": [
          0.0474179,
          51.5041346
        ]
      },
      "properties": {
        "id": "osm_node_5853212688",
        "name": "Public Toilets",
        "hours": "24/7",
        "accessible": true,
        "fee": 0,
        "source": "osm",
        "last_verified_at": "2025-08-26T18:32:20.742Z",
        "verified_by": "ingest-agent"
      }
    },
    {
      "type": "Feature",
      "geometry": {
        "type": "Point",
        "coordinates": [
          0.0485869,
          51.5041058
        ]
      },
      "properties": {
        "id": "osm_node_5853220194",
        "name": "Public Toilets",
        "hours": "24/7",
        "accessible": true,
        "fee": 0,
        "source": "osm",
        "last_verified_at": "2025-08-26T18:32:20.742Z",
        "verified_by": "ingest-agent"
      }
    },
    {
      "type": "Feature",
      "geometry": {
        "type": "Point",
        "coordinates": [
          0.0453274,
          51.5042098
        ]
      },
      "properties": {
        "id": "osm_node_5853230885",
        "name": "Public Toilets",
        "hours": "24/7",
        "accessible": true,
        "fee": 0,
        "source": "osm",
        "last_verified_at": "2025-08-26T18:32:20.742Z",
        "verified_by": "ingest-agent"
      }
    },
    {
      "type": "Feature",
      "geometry": {
        "type": "Point",
        "coordinates": [
          -0.2956595,
          51.474243
        ]
      },
      "properties": {
        "id": "osm_node_5862311594",
        "name": "Public Toilets",
        "hours": "24/7",
        "accessible": false,
        "fee": 0,
        "source": "osm",
        "last_verified_at": "2025-08-26T18:32:20.742Z",
        "verified_by": "ingest-agent"
      }
    },
    {
      "type": "Feature",
      "geometry": {
        "type": "Point",
        "coordinates": [
          -0.1473767,
          51.4834793
        ]
      },
      "properties": {
        "id": "osm_node_5885044836",
        "name": "Public Toilets",
        "hours": "24/7",
        "accessible": false,
        "fee": 0,
        "source": "osm",
        "last_verified_at": "2025-08-26T18:32:20.742Z",
        "verified_by": "ingest-agent"
      }
    },
    {
      "type": "Feature",
      "geometry": {
        "type": "Point",
        "coordinates": [
          -0.3291003,
          51.4503848
        ]
      },
      "properties": {
        "id": "osm_node_5991546633",
        "name": "Public Toilets",
        "hours": "Mo-Sa 06:30-20:30; Su 08:30-18:30",
        "accessible": false,
        "fee": 0,
        "source": "osm",
        "last_verified_at": "2025-08-26T18:32:20.742Z",
        "verified_by": "ingest-agent"
      }
    },
    {
      "type": "Feature",
      "geometry": {
        "type": "Point",
        "coordinates": [
          -0.3294566,
          51.4502479
        ]
      },
      "properties": {
        "id": "osm_node_5998153232",
        "name": "Public Toilets",
        "hours": "24/7",
        "accessible": true,
        "fee": 0,
        "source": "osm",
        "last_verified_at": "2025-08-26T18:32:20.742Z",
        "verified_by": "ingest-agent"
      }
    },
    {
      "type": "Feature",
      "geometry": {
        "type": "Point",
        "coordinates": [
          -0.3292076,
          51.4503459
        ]
      },
      "properties": {
        "id": "osm_node_5998153233",
        "name": "Public Toilets",
        "hours": "Mo-Sa 06:30-20:30; Su 08:30-18:30",
        "accessible": false,
        "fee": 0,
        "source": "osm",
        "last_verified_at": "2025-08-26T18:32:20.742Z",
        "verified_by": "ingest-agent"
      }
    },
    {
      "type": "Feature",
      "geometry": {
        "type": "Point",
        "coordinates": [
          -0.0758734,
          51.5072612
        ]
      },
      "properties": {
        "id": "osm_node_6018047359",
        "name": "Public Toilets",
        "hours": "24/7",
        "accessible": false,
        "fee": 0,
        "source": "osm",
        "last_verified_at": "2025-08-26T18:32:20.742Z",
        "verified_by": "ingest-agent"
      }
    },
    {
      "type": "Feature",
      "geometry": {
        "type": "Point",
        "coordinates": [
          -0.1307348,
          51.3763579
        ]
      },
      "properties": {
        "id": "osm_node_6022819586",
        "name": "Public Toilets",
        "hours": "24/7",
        "accessible": false,
        "fee": 0,
        "source": "osm",
        "last_verified_at": "2025-08-26T18:32:20.742Z",
        "verified_by": "ingest-agent"
      }
    },
    {
      "type": "Feature",
      "geometry": {
        "type": "Point",
        "coordinates": [
          -0.0211095,
          51.56215
        ]
      },
      "properties": {
        "id": "osm_node_6037730267",
        "name": "Public Toilets",
        "hours": "24/7",
        "accessible": false,
        "fee": 0,
        "source": "osm",
        "last_verified_at": "2025-08-26T18:32:20.742Z",
        "verified_by": "ingest-agent"
      }
    },
    {
      "type": "Feature",
      "geometry": {
        "type": "Point",
        "coordinates": [
          -0.2096723,
          51.6011717
        ]
      },
      "properties": {
        "id": "osm_node_6058547448",
        "name": "Public Toilets",
        "hours": "24/7",
        "accessible": true,
        "fee": 0,
        "source": "osm",
        "last_verified_at": "2025-08-26T18:32:20.742Z",
        "verified_by": "ingest-agent"
      }
    },
    {
      "type": "Feature",
      "geometry": {
        "type": "Point",
        "coordinates": [
          -0.4492701,
          51.4699279
        ]
      },
      "properties": {
        "id": "osm_node_6083188694",
        "name": "Public Toilets",
        "hours": "24/7",
        "accessible": false,
        "fee": 0,
        "source": "osm",
        "last_verified_at": "2025-08-26T18:32:20.742Z",
        "verified_by": "ingest-agent"
      }
    },
    {
      "type": "Feature",
      "geometry": {
        "type": "Point",
        "coordinates": [
          -0.449134,
          51.4697312
        ]
      },
      "properties": {
        "id": "osm_node_6083767639",
        "name": "Public Toilets",
        "hours": "24/7",
        "accessible": true,
        "fee": 0,
        "source": "osm",
        "last_verified_at": "2025-08-26T18:32:20.742Z",
        "verified_by": "ingest-agent"
      }
    },
    {
      "type": "Feature",
      "geometry": {
        "type": "Point",
        "coordinates": [
          -0.448664,
          51.4692188
        ]
      },
      "properties": {
        "id": "osm_node_6083767651",
        "name": "Public Toilets",
        "hours": "24/7",
        "accessible": false,
        "fee": 0,
        "source": "osm",
        "last_verified_at": "2025-08-26T18:32:20.742Z",
        "verified_by": "ingest-agent"
      }
    },
    {
      "type": "Feature",
      "geometry": {
        "type": "Point",
        "coordinates": [
          -0.1703,
          51.335515
        ]
      },
      "properties": {
        "id": "osm_node_6115440849",
        "name": "Public Toilets",
        "hours": "24/7",
        "accessible": false,
        "fee": 0,
        "source": "osm",
        "last_verified_at": "2025-08-26T18:32:20.742Z",
        "verified_by": "ingest-agent"
      }
    },
    {
      "type": "Feature",
      "geometry": {
        "type": "Point",
        "coordinates": [
          -0.2676275,
          51.4654542
        ]
      },
      "properties": {
        "id": "osm_node_6150633869",
        "name": "Public Toilets",
        "hours": "24/7",
        "accessible": false,
        "fee": 0,
        "source": "osm",
        "last_verified_at": "2025-08-26T18:32:20.742Z",
        "verified_by": "ingest-agent"
      }
    },
    {
      "type": "Feature",
      "geometry": {
        "type": "Point",
        "coordinates": [
          0.1937959,
          51.6085952
        ]
      },
      "properties": {
        "id": "osm_node_6187763335",
        "name": "Public Toilets",
        "hours": "24/7",
        "accessible": true,
        "fee": 0,
        "source": "osm",
        "last_verified_at": "2025-08-26T18:32:20.742Z",
        "verified_by": "ingest-agent"
      }
    },
    {
      "type": "Feature",
      "geometry": {
        "type": "Point",
        "coordinates": [
          -0.1234384,
          51.5114473
        ]
      },
      "properties": {
        "id": "osm_node_6256910047",
        "name": "Public Toilets",
        "hours": "24/7",
        "accessible": false,
        "fee": 50,
        "source": "osm",
        "last_verified_at": "2025-08-26T18:32:20.742Z",
        "verified_by": "ingest-agent"
      }
    },
    {
      "type": "Feature",
      "geometry": {
        "type": "Point",
        "coordinates": [
          -0.1234813,
          51.5114882
        ]
      },
      "properties": {
        "id": "osm_node_6256910048",
        "name": "Public Toilets",
        "hours": "24/7",
        "accessible": false,
        "fee": 50,
        "source": "osm",
        "last_verified_at": "2025-08-26T18:32:20.742Z",
        "verified_by": "ingest-agent"
      }
    },
    {
      "type": "Feature",
      "geometry": {
        "type": "Point",
        "coordinates": [
          -0.118206,
          51.5109363
        ]
      },
      "properties": {
        "id": "osm_node_6259748096",
        "name": "Public Toilets",
        "hours": "24/7",
        "accessible": false,
        "fee": 0,
        "source": "osm",
        "last_verified_at": "2025-08-26T18:32:20.742Z",
        "verified_by": "ingest-agent"
      }
    },
    {
      "type": "Feature",
      "geometry": {
        "type": "Point",
        "coordinates": [
          0.0084545,
          51.5143385
        ]
      },
      "properties": {
        "id": "osm_node_6286377572",
        "name": "Public Toilets",
        "hours": "24/7",
        "accessible": true,
        "fee": 0,
        "source": "osm",
        "last_verified_at": "2025-08-26T18:32:20.742Z",
        "verified_by": "ingest-agent"
      }
    },
    {
      "type": "Feature",
      "geometry": {
        "type": "Point",
        "coordinates": [
          0.0087151,
          51.5140865
        ]
      },
      "properties": {
        "id": "osm_node_6286377573",
        "name": "Public Toilets",
        "hours": "24/7",
        "accessible": false,
        "fee": 0,
        "source": "osm",
        "last_verified_at": "2025-08-26T18:32:20.742Z",
        "verified_by": "ingest-agent"
      }
    },
    {
      "type": "Feature",
      "geometry": {
        "type": "Point",
        "coordinates": [
          -0.4527531,
          51.4412139
        ]
      },
      "properties": {
        "id": "osm_node_6343022013",
        "name": "Public Toilets",
        "hours": "24/7",
        "accessible": true,
        "fee": 0,
        "source": "osm",
        "last_verified_at": "2025-08-26T18:32:20.742Z",
        "verified_by": "ingest-agent"
      }
    },
    {
      "type": "Feature",
      "geometry": {
        "type": "Point",
        "coordinates": [
          -0.1326286,
          51.5284709
        ]
      },
      "properties": {
        "id": "osm_node_6380360270",
        "name": "Public Toilets",
        "hours": "24/7",
        "accessible": true,
        "fee": 0,
        "source": "osm",
        "last_verified_at": "2025-08-26T18:32:20.742Z",
        "verified_by": "ingest-agent"
      }
    },
    {
      "type": "Feature",
      "geometry": {
        "type": "Point",
        "coordinates": [
          -0.0080044,
          51.4483739
        ]
      },
      "properties": {
        "id": "osm_node_6423249001",
        "name": "Public Toilets",
        "hours": "24/7",
        "accessible": true,
        "fee": 0,
        "source": "osm",
        "last_verified_at": "2025-08-26T18:32:20.742Z",
        "verified_by": "ingest-agent"
      }
    },
    {
      "type": "Feature",
      "geometry": {
        "type": "Point",
        "coordinates": [
          -0.4521376,
          51.4711988
        ]
      },
      "properties": {
        "id": "osm_node_6448615485",
        "name": "Public Toilets",
        "hours": "24/7",
        "accessible": true,
        "fee": 0,
        "source": "osm",
        "last_verified_at": "2025-08-26T18:32:20.742Z",
        "verified_by": "ingest-agent"
      }
    },
    {
      "type": "Feature",
      "geometry": {
        "type": "Point",
        "coordinates": [
          -0.2143231,
          51.3558632
        ]
      },
      "properties": {
        "id": "osm_node_6456440095",
        "name": "Public Toilets",
        "hours": "Mo-Fr 06:00-13:30; Sa 06:30-13:30; Su 08:30-14:30",
        "accessible": false,
        "fee": 0,
        "source": "osm",
        "last_verified_at": "2025-08-26T18:32:20.742Z",
        "verified_by": "ingest-agent"
      }
    },
    {
      "type": "Feature",
      "geometry": {
        "type": "Point",
        "coordinates": [
          -0.4480411,
          51.46927
        ]
      },
      "properties": {
        "id": "osm_node_6468153251",
        "name": "Public Toilets",
        "hours": "24/7",
        "accessible": false,
        "fee": 0,
        "source": "osm",
        "last_verified_at": "2025-08-26T18:32:20.742Z",
        "verified_by": "ingest-agent"
      }
    },
    {
      "type": "Feature",
      "geometry": {
        "type": "Point",
        "coordinates": [
          -0.1269117,
          51.5155804
        ]
      },
      "properties": {
        "id": "osm_node_6479019785",
        "name": "Public Toilets",
        "hours": "24/7",
        "accessible": false,
        "fee": 0,
        "source": "osm",
        "last_verified_at": "2025-08-26T18:32:20.742Z",
        "verified_by": "ingest-agent"
      }
    },
    {
      "type": "Feature",
      "geometry": {
        "type": "Point",
        "coordinates": [
          -0.1489344,
          51.5426781
        ]
      },
      "properties": {
        "id": "osm_node_6488376485",
        "name": "Public Toilets",
        "hours": "24/7",
        "accessible": false,
        "fee": 0,
        "source": "osm",
        "last_verified_at": "2025-08-26T18:32:20.742Z",
        "verified_by": "ingest-agent"
      }
    },
    {
      "type": "Feature",
      "geometry": {
        "type": "Point",
        "coordinates": [
          -0.3083502,
          51.4013261
        ]
      },
      "properties": {
        "id": "osm_node_6489248277",
        "name": "Public Toilets",
        "hours": "24/7",
        "accessible": false,
        "fee": 0,
        "source": "osm",
        "last_verified_at": "2025-08-26T18:32:20.742Z",
        "verified_by": "ingest-agent"
      }
    },
    {
      "type": "Feature",
      "geometry": {
        "type": "Point",
        "coordinates": [
          0.0161368,
          51.4893964
        ]
      },
      "properties": {
        "id": "osm_node_6504290089",
        "name": "Public Toilets",
        "hours": "24/7",
        "accessible": true,
        "fee": 0,
        "source": "osm",
        "last_verified_at": "2025-08-26T18:32:20.742Z",
        "verified_by": "ingest-agent"
      }
    },
    {
      "type": "Feature",
      "geometry": {
        "type": "Point",
        "coordinates": [
          -0.2104424,
          51.4979222
        ]
      },
      "properties": {
        "id": "osm_node_6515180156",
        "name": "Public Toilets",
        "hours": "24/7",
        "accessible": true,
        "fee": 0,
        "source": "osm",
        "last_verified_at": "2025-08-26T18:32:20.742Z",
        "verified_by": "ingest-agent"
      }
    },
    {
      "type": "Feature",
      "geometry": {
        "type": "Point",
        "coordinates": [
          -0.1117103,
          51.4627125
        ]
      },
      "properties": {
        "id": "osm_node_6516189584",
        "name": "Public Toilets",
        "hours": "24/7",
        "accessible": false,
        "fee": 0,
        "source": "osm",
        "last_verified_at": "2025-08-26T18:32:20.742Z",
        "verified_by": "ingest-agent"
      }
    },
    {
      "type": "Feature",
      "geometry": {
        "type": "Point",
        "coordinates": [
          -0.1089491,
          51.4494639
        ]
      },
      "properties": {
        "id": "osm_node_6516593059",
        "name": "Public Toilets",
        "hours": "24/7",
        "accessible": false,
        "fee": 0,
        "source": "osm",
        "last_verified_at": "2025-08-26T18:32:20.742Z",
        "verified_by": "ingest-agent"
      }
    },
    {
      "type": "Feature",
      "geometry": {
        "type": "Point",
        "coordinates": [
          -0.1122145,
          51.4636211
        ]
      },
      "properties": {
        "id": "osm_node_6516857902",
        "name": "Public Toilets",
        "hours": "24/7",
        "accessible": false,
        "fee": 0,
        "source": "osm",
        "last_verified_at": "2025-08-26T18:32:20.742Z",
        "verified_by": "ingest-agent"
      }
    },
    {
      "type": "Feature",
      "geometry": {
        "type": "Point",
        "coordinates": [
          -0.0545799,
          51.4950024
        ]
      },
      "properties": {
        "id": "osm_node_6518234248",
        "name": "Public Toilets",
        "hours": "24/7",
        "accessible": false,
        "fee": 0,
        "source": "osm",
        "last_verified_at": "2025-08-26T18:32:20.742Z",
        "verified_by": "ingest-agent"
      }
    },
    {
      "type": "Feature",
      "geometry": {
        "type": "Point",
        "coordinates": [
          -0.1724515,
          51.5427046
        ]
      },
      "properties": {
        "id": "osm_node_6533516565",
        "name": "Public Toilets",
        "hours": "24/7",
        "accessible": true,
        "fee": 0,
        "source": "osm",
        "last_verified_at": "2025-08-26T18:32:20.742Z",
        "verified_by": "ingest-agent"
      }
    },
    {
      "type": "Feature",
      "geometry": {
        "type": "Point",
        "coordinates": [
          -0.2467934,
          51.4679829
        ]
      },
      "properties": {
        "id": "osm_node_6546219301",
        "name": "Public Toilets",
        "hours": "24/7",
        "accessible": false,
        "fee": 0,
        "source": "osm",
        "last_verified_at": "2025-08-26T18:32:20.742Z",
        "verified_by": "ingest-agent"
      }
    },
    {
      "type": "Feature",
      "geometry": {
        "type": "Point",
        "coordinates": [
          -0.2466516,
          51.4680728
        ]
      },
      "properties": {
        "id": "osm_node_6546219302",
        "name": "Public Toilets",
        "hours": "24/7",
        "accessible": true,
        "fee": 0,
        "source": "osm",
        "last_verified_at": "2025-08-26T18:32:20.742Z",
        "verified_by": "ingest-agent"
      }
    },
    {
      "type": "Feature",
      "geometry": {
        "type": "Point",
        "coordinates": [
          -0.2114458,
          51.4881478
        ]
      },
      "properties": {
        "id": "osm_node_6560160725",
        "name": "Public Toilets",
        "hours": "24/7",
        "accessible": false,
        "fee": 0,
        "source": "osm",
        "last_verified_at": "2025-08-26T18:32:20.742Z",
        "verified_by": "ingest-agent"
      }
    },
    {
      "type": "Feature",
      "geometry": {
        "type": "Point",
        "coordinates": [
          -0.212583,
          51.4879324
        ]
      },
      "properties": {
        "id": "osm_node_6560160741",
        "name": "Public Toilets",
        "hours": "24/7",
        "accessible": false,
        "fee": 0,
        "source": "osm",
        "last_verified_at": "2025-08-26T18:32:20.742Z",
        "verified_by": "ingest-agent"
      }
    },
    {
      "type": "Feature",
      "geometry": {
        "type": "Point",
        "coordinates": [
          -0.1262953,
          51.531768
        ]
      },
      "properties": {
        "id": "osm_node_6561669264",
        "name": "Public Toilets",
        "hours": "24/7",
        "accessible": true,
        "fee": 0,
        "source": "osm",
        "last_verified_at": "2025-08-26T18:32:20.742Z",
        "verified_by": "ingest-agent"
      }
    },
    {
      "type": "Feature",
      "geometry": {
        "type": "Point",
        "coordinates": [
          -0.1449165,
          51.4353541
        ]
      },
      "properties": {
        "id": "osm_node_6568064192",
        "name": "Public Toilets",
        "hours": "24/7",
        "accessible": false,
        "fee": 0,
        "source": "osm",
        "last_verified_at": "2025-08-26T18:32:20.742Z",
        "verified_by": "ingest-agent"
      }
    },
    {
      "type": "Feature",
      "geometry": {
        "type": "Point",
        "coordinates": [
          -0.0894683,
          51.5054891
        ]
      },
      "properties": {
        "id": "osm_node_6598856043",
        "name": "Public Toilets",
        "hours": "24/7",
        "accessible": true,
        "fee": 0,
        "source": "osm",
        "last_verified_at": "2025-08-26T18:32:20.742Z",
        "verified_by": "ingest-agent"
      }
    },
    {
      "type": "Feature",
      "geometry": {
        "type": "Point",
        "coordinates": [
          -0.0187327,
          51.4185604
        ]
      },
      "properties": {
        "id": "osm_node_6600832805",
        "name": "Public Toilets",
        "hours": "24/7",
        "accessible": false,
        "fee": 0,
        "source": "osm",
        "last_verified_at": "2025-08-26T18:32:20.742Z",
        "verified_by": "ingest-agent"
      }
    },
    {
      "type": "Feature",
      "geometry": {
        "type": "Point",
        "coordinates": [
          -0.3135414,
          51.4788247
        ]
      },
      "properties": {
        "id": "osm_node_6600986785",
        "name": "Public Toilets",
        "hours": "24/7",
        "accessible": false,
        "fee": 0,
        "source": "osm",
        "last_verified_at": "2025-08-26T18:32:20.742Z",
        "verified_by": "ingest-agent"
      }
    },
    {
      "type": "Feature",
      "geometry": {
        "type": "Point",
        "coordinates": [
          -0.0137926,
          51.5109371
        ]
      },
      "properties": {
        "id": "osm_node_6618806819",
        "name": "Public Toilets",
        "hours": "24/7",
        "accessible": false,
        "fee": 0,
        "source": "osm",
        "last_verified_at": "2025-08-26T18:32:20.742Z",
        "verified_by": "ingest-agent"
      }
    },
    {
      "type": "Feature",
      "geometry": {
        "type": "Point",
        "coordinates": [
          -0.0144884,
          51.5115381
        ]
      },
      "properties": {
        "id": "osm_node_6618806823",
        "name": "Public Toilets",
        "hours": "24/7",
        "accessible": false,
        "fee": 0,
        "source": "osm",
        "last_verified_at": "2025-08-26T18:32:20.742Z",
        "verified_by": "ingest-agent"
      }
    },
    {
      "type": "Feature",
      "geometry": {
        "type": "Point",
        "coordinates": [
          -0.0177401,
          51.4196013
        ]
      },
      "properties": {
        "id": "osm_node_6634154541",
        "name": "Public Toilets",
        "hours": "24/7",
        "accessible": true,
        "fee": 0,
        "source": "osm",
        "last_verified_at": "2025-08-26T18:32:20.742Z",
        "verified_by": "ingest-agent"
      }
    },
    {
      "type": "Feature",
      "geometry": {
        "type": "Point",
        "coordinates": [
          -0.1750974,
          51.5046924
        ]
      },
      "properties": {
        "id": "osm_node_6684935288",
        "name": "Public Toilets",
        "hours": "24/7",
        "accessible": false,
        "fee": 0,
        "source": "osm",
        "last_verified_at": "2025-08-26T18:32:20.742Z",
        "verified_by": "ingest-agent"
      }
    },
    {
      "type": "Feature",
      "geometry": {
        "type": "Point",
        "coordinates": [
          -0.2184577,
          51.5048526
        ]
      },
      "properties": {
        "id": "osm_node_6744402820",
        "name": "Public Toilets",
        "hours": "24/7",
        "accessible": true,
        "fee": 50,
        "source": "osm",
        "last_verified_at": "2025-08-26T18:32:20.742Z",
        "verified_by": "ingest-agent"
      }
    },
    {
      "type": "Feature",
      "geometry": {
        "type": "Point",
        "coordinates": [
          -0.151133,
          51.4797592
        ]
      },
      "properties": {
        "id": "osm_node_6749369683",
        "name": "Public Toilets",
        "hours": "24/7",
        "accessible": false,
        "fee": 0,
        "source": "osm",
        "last_verified_at": "2025-08-26T18:32:20.742Z",
        "verified_by": "ingest-agent"
      }
    },
    {
      "type": "Feature",
      "geometry": {
        "type": "Point",
        "coordinates": [
          -0.2851493,
          51.4770458
        ]
      },
      "properties": {
        "id": "osm_node_6782229094",
        "name": "Public Toilets",
        "hours": "24/7",
        "accessible": false,
        "fee": 0,
        "source": "osm",
        "last_verified_at": "2025-08-26T18:32:20.742Z",
        "verified_by": "ingest-agent"
      }
    },
    {
      "type": "Feature",
      "geometry": {
        "type": "Point",
        "coordinates": [
          -0.2598038,
          51.4593817
        ]
      },
      "properties": {
        "id": "osm_node_6787693511",
        "name": "Public Toilets",
        "hours": "24/7",
        "accessible": true,
        "fee": 0,
        "source": "osm",
        "last_verified_at": "2025-08-26T18:32:20.742Z",
        "verified_by": "ingest-agent"
      }
    },
    {
      "type": "Feature",
      "geometry": {
        "type": "Point",
        "coordinates": [
          -0.1380452,
          51.5011353
        ]
      },
      "properties": {
        "id": "osm_node_6795663398",
        "name": "Public Toilets",
        "hours": "24/7",
        "accessible": false,
        "fee": 0,
        "source": "osm",
        "last_verified_at": "2025-08-26T18:32:20.742Z",
        "verified_by": "ingest-agent"
      }
    },
    {
      "type": "Feature",
      "geometry": {
        "type": "Point",
        "coordinates": [
          -0.1234353,
          51.4862233
        ]
      },
      "properties": {
        "id": "osm_node_6842041287",
        "name": "Public Toilets",
        "hours": "24/7",
        "accessible": false,
        "fee": 0,
        "source": "osm",
        "last_verified_at": "2025-08-26T18:32:20.742Z",
        "verified_by": "ingest-agent"
      }
    },
    {
      "type": "Feature",
      "geometry": {
        "type": "Point",
        "coordinates": [
          -0.1483346,
          51.4924583
        ]
      },
      "properties": {
        "id": "osm_node_6946467435",
        "name": "Public Toilets",
        "hours": "24/7",
        "accessible": false,
        "fee": 0,
        "source": "osm",
        "last_verified_at": "2025-08-26T18:32:20.742Z",
        "verified_by": "ingest-agent"
      }
    },
    {
      "type": "Feature",
      "geometry": {
        "type": "Point",
        "coordinates": [
          0.0231174,
          51.4301841
        ]
      },
      "properties": {
        "id": "osm_node_6959895820",
        "name": "Public Toilets",
        "hours": "24/7",
        "accessible": false,
        "fee": 0,
        "source": "osm",
        "last_verified_at": "2025-08-26T18:32:20.742Z",
        "verified_by": "ingest-agent"
      }
    },
    {
      "type": "Feature",
      "geometry": {
        "type": "Point",
        "coordinates": [
          0.0229508,
          51.4300689
        ]
      },
      "properties": {
        "id": "osm_node_6959895821",
        "name": "Public Toilets",
        "hours": "24/7",
        "accessible": false,
        "fee": 0,
        "source": "osm",
        "last_verified_at": "2025-08-26T18:32:20.742Z",
        "verified_by": "ingest-agent"
      }
    },
    {
      "type": "Feature",
      "geometry": {
        "type": "Point",
        "coordinates": [
          -0.4109048,
          51.4478145
        ]
      },
      "properties": {
        "id": "osm_node_7043270857",
        "name": "Public Toilets",
        "hours": "24/7",
        "accessible": false,
        "fee": 0,
        "source": "osm",
        "last_verified_at": "2025-08-26T18:32:20.742Z",
        "verified_by": "ingest-agent"
      }
    },
    {
      "type": "Feature",
      "geometry": {
        "type": "Point",
        "coordinates": [
          -0.2216424,
          51.5097936
        ]
      },
      "properties": {
        "id": "osm_node_7103058435",
        "name": "Public Toilets",
        "hours": "24/7",
        "accessible": false,
        "fee": 0,
        "source": "osm",
        "last_verified_at": "2025-08-26T18:32:20.742Z",
        "verified_by": "ingest-agent"
      }
    },
    {
      "type": "Feature",
      "geometry": {
        "type": "Point",
        "coordinates": [
          -0.2721685,
          51.5081222
        ]
      },
      "properties": {
        "id": "osm_node_7248526917",
        "name": "Public Toilets",
        "hours": "24/7",
        "accessible": true,
        "fee": 0,
        "source": "osm",
        "last_verified_at": "2025-08-26T18:32:20.742Z",
        "verified_by": "ingest-agent"
      }
    },
    {
      "type": "Feature",
      "geometry": {
        "type": "Point",
        "coordinates": [
          -0.1395094,
          51.4954923
        ]
      },
      "properties": {
        "id": "osm_node_7249858507",
        "name": "Public Toilets",
        "hours": "24/7",
        "accessible": true,
        "fee": 0,
        "source": "osm",
        "last_verified_at": "2025-08-26T18:32:20.742Z",
        "verified_by": "ingest-agent"
      }
    },
    {
      "type": "Feature",
      "geometry": {
        "type": "Point",
        "coordinates": [
          -0.009579,
          51.4915493
        ]
      },
      "properties": {
        "id": "osm_node_7323122485",
        "name": "Public Toilets",
        "hours": "24/7",
        "accessible": false,
        "fee": 0,
        "source": "osm",
        "last_verified_at": "2025-08-26T18:32:20.742Z",
        "verified_by": "ingest-agent"
      }
    },
    {
      "type": "Feature",
      "geometry": {
        "type": "Point",
        "coordinates": [
          0.2204433,
          51.5608379
        ]
      },
      "properties": {
        "id": "osm_node_7394537046",
        "name": "Public Toilets",
        "hours": "24/7",
        "accessible": false,
        "fee": 0,
        "source": "osm",
        "last_verified_at": "2025-08-26T18:32:20.742Z",
        "verified_by": "ingest-agent"
      }
    },
    {
      "type": "Feature",
      "geometry": {
        "type": "Point",
        "coordinates": [
          -0.1386482,
          51.4483925
        ]
      },
      "properties": {
        "id": "osm_node_7537285496",
        "name": "Public Toilets",
        "hours": "24/7",
        "accessible": false,
        "fee": 0,
        "source": "osm",
        "last_verified_at": "2025-08-26T18:32:20.742Z",
        "verified_by": "ingest-agent"
      }
    },
    {
      "type": "Feature",
      "geometry": {
        "type": "Point",
        "coordinates": [
          0.0856322,
          51.5464189
        ]
      },
      "properties": {
        "id": "osm_node_7556986464",
        "name": "Public Toilets",
        "hours": "24/7",
        "accessible": true,
        "fee": 0,
        "source": "osm",
        "last_verified_at": "2025-08-26T18:32:20.742Z",
        "verified_by": "ingest-agent"
      }
    },
    {
      "type": "Feature",
      "geometry": {
        "type": "Point",
        "coordinates": [
          0.0856259,
          51.5463872
        ]
      },
      "properties": {
        "id": "osm_node_7556986465",
        "name": "Public Toilets",
        "hours": "24/7",
        "accessible": false,
        "fee": 0,
        "source": "osm",
        "last_verified_at": "2025-08-26T18:32:20.742Z",
        "verified_by": "ingest-agent"
      }
    },
    {
      "type": "Feature",
      "geometry": {
        "type": "Point",
        "coordinates": [
          0.0856384,
          51.5463756
        ]
      },
      "properties": {
        "id": "osm_node_7556986466",
        "name": "Public Toilets",
        "hours": "24/7",
        "accessible": false,
        "fee": 0,
        "source": "osm",
        "last_verified_at": "2025-08-26T18:32:20.742Z",
        "verified_by": "ingest-agent"
      }
    },
    {
      "type": "Feature",
      "geometry": {
        "type": "Point",
        "coordinates": [
          -0.2513116,
          51.3879272
        ]
      },
      "properties": {
        "id": "osm_node_7600338591",
        "name": "Public Toilets",
        "hours": "24/7",
        "accessible": false,
        "fee": 0,
        "source": "osm",
        "last_verified_at": "2025-08-26T18:32:20.742Z",
        "verified_by": "ingest-agent"
      }
    },
    {
      "type": "Feature",
      "geometry": {
        "type": "Point",
        "coordinates": [
          -0.238287,
          51.5415344
        ]
      },
      "properties": {
        "id": "osm_node_7612629079",
        "name": "Public Toilets",
        "hours": "24/7",
        "accessible": false,
        "fee": 0,
        "source": "osm",
        "last_verified_at": "2025-08-26T18:32:20.742Z",
        "verified_by": "ingest-agent"
      }
    },
    {
      "type": "Feature",
      "geometry": {
        "type": "Point",
        "coordinates": [
          0.1278334,
          51.4885621
        ]
      },
      "properties": {
        "id": "osm_node_7683572941",
        "name": "Public Toilets",
        "hours": "24/7",
        "accessible": false,
        "fee": 0,
        "source": "osm",
        "last_verified_at": "2025-08-26T18:32:20.742Z",
        "verified_by": "ingest-agent"
      }
    },
    {
      "type": "Feature",
      "geometry": {
        "type": "Point",
        "coordinates": [
          -0.1524696,
          51.5138845
        ]
      },
      "properties": {
        "id": "osm_node_7699204186",
        "name": "Public Toilets",
        "hours": "24/7",
        "accessible": true,
        "fee": 50,
        "source": "osm",
        "last_verified_at": "2025-08-26T18:32:20.742Z",
        "verified_by": "ingest-agent"
      }
    },
    {
      "type": "Feature",
      "geometry": {
        "type": "Point",
        "coordinates": [
          -0.3044304,
          51.3921446
        ]
      },
      "properties": {
        "id": "osm_node_7747003063",
        "name": "Public Toilets",
        "hours": "24/7",
        "accessible": true,
        "fee": 0,
        "source": "osm",
        "last_verified_at": "2025-08-26T18:32:20.742Z",
        "verified_by": "ingest-agent"
      }
    },
    {
      "type": "Feature",
      "geometry": {
        "type": "Point",
        "coordinates": [
          -0.3044217,
          51.3921496
        ]
      },
      "properties": {
        "id": "osm_node_7747003064",
        "name": "Public Toilets",
        "hours": "24/7",
        "accessible": false,
        "fee": 0,
        "source": "osm",
        "last_verified_at": "2025-08-26T18:32:20.742Z",
        "verified_by": "ingest-agent"
      }
    },
    {
      "type": "Feature",
      "geometry": {
        "type": "Point",
        "coordinates": [
          -0.3045558,
          51.3923254
        ]
      },
      "properties": {
        "id": "osm_node_7747003065",
        "name": "Public Toilets",
        "hours": "24/7",
        "accessible": true,
        "fee": 0,
        "source": "osm",
        "last_verified_at": "2025-08-26T18:32:20.742Z",
        "verified_by": "ingest-agent"
      }
    },
    {
      "type": "Feature",
      "geometry": {
        "type": "Point",
        "coordinates": [
          -0.3045471,
          51.39233
        ]
      },
      "properties": {
        "id": "osm_node_7747003066",
        "name": "Public Toilets",
        "hours": "24/7",
        "accessible": false,
        "fee": 0,
        "source": "osm",
        "last_verified_at": "2025-08-26T18:32:20.742Z",
        "verified_by": "ingest-agent"
      }
    },
    {
      "type": "Feature",
      "geometry": {
        "type": "Point",
        "coordinates": [
          -0.0328378,
          51.5404119
        ]
      },
      "properties": {
        "id": "osm_node_7770427017",
        "name": "East Side Toilets",
        "hours": "12:00+",
        "accessible": true,
        "fee": 0,
        "source": "osm",
        "last_verified_at": "2025-08-26T18:32:20.742Z",
        "verified_by": "ingest-agent"
      }
    },
    {
      "type": "Feature",
      "geometry": {
        "type": "Point",
        "coordinates": [
          -0.126547,
          51.5366061
        ]
      },
      "properties": {
        "id": "osm_node_7787693082",
        "name": "Public Toilets",
        "hours": "24/7",
        "accessible": false,
        "fee": 0,
        "source": "osm",
        "last_verified_at": "2025-08-26T18:32:20.742Z",
        "verified_by": "ingest-agent"
      }
    },
    {
      "type": "Feature",
      "geometry": {
        "type": "Point",
        "coordinates": [
          -0.2784582,
          51.4711968
        ]
      },
      "properties": {
        "id": "osm_node_7876516362",
        "name": "Public Toilets",
        "hours": "24/7",
        "accessible": false,
        "fee": 0,
        "source": "osm",
        "last_verified_at": "2025-08-26T18:32:20.742Z",
        "verified_by": "ingest-agent"
      }
    },
    {
      "type": "Feature",
      "geometry": {
        "type": "Point",
        "coordinates": [
          -0.1592778,
          51.5093298
        ]
      },
      "properties": {
        "id": "osm_node_7891050276",
        "name": "Public Toilets",
        "hours": "24/7",
        "accessible": false,
        "fee": 0,
        "source": "osm",
        "last_verified_at": "2025-08-26T18:32:20.742Z",
        "verified_by": "ingest-agent"
      }
    },
    {
      "type": "Feature",
      "geometry": {
        "type": "Point",
        "coordinates": [
          -0.1592603,
          51.50929
        ]
      },
      "properties": {
        "id": "osm_node_7891050281",
        "name": "Public Toilets",
        "hours": "24/7",
        "accessible": false,
        "fee": 0,
        "source": "osm",
        "last_verified_at": "2025-08-26T18:32:20.742Z",
        "verified_by": "ingest-agent"
      }
    },
    {
      "type": "Feature",
      "geometry": {
        "type": "Point",
        "coordinates": [
          0.0894507,
          51.3730516
        ]
      },
      "properties": {
        "id": "osm_node_7902557338",
        "name": "Public Toilets",
        "hours": "24/7",
        "accessible": false,
        "fee": 0,
        "source": "osm",
        "last_verified_at": "2025-08-26T18:32:20.742Z",
        "verified_by": "ingest-agent"
      }
    },
    {
      "type": "Feature",
      "geometry": {
        "type": "Point",
        "coordinates": [
          0.0894773,
          51.3730193
        ]
      },
      "properties": {
        "id": "osm_node_7902557339",
        "name": "Public Toilets",
        "hours": "24/7",
        "accessible": false,
        "fee": 0,
        "source": "osm",
        "last_verified_at": "2025-08-26T18:32:20.742Z",
        "verified_by": "ingest-agent"
      }
    },
    {
      "type": "Feature",
      "geometry": {
        "type": "Point",
        "coordinates": [
          -0.1689543,
          51.4901992
        ]
      },
      "properties": {
        "id": "osm_node_7917893442",
        "name": "Public Toilets",
        "hours": "24/7",
        "accessible": false,
        "fee": 0,
        "source": "osm",
        "last_verified_at": "2025-08-26T18:32:20.742Z",
        "verified_by": "ingest-agent"
      }
    },
    {
      "type": "Feature",
      "geometry": {
        "type": "Point",
        "coordinates": [
          -0.1689452,
          51.4901607
        ]
      },
      "properties": {
        "id": "osm_node_7917893447",
        "name": "Public Toilets",
        "hours": "24/7",
        "accessible": false,
        "fee": 0,
        "source": "osm",
        "last_verified_at": "2025-08-26T18:32:20.742Z",
        "verified_by": "ingest-agent"
      }
    },
    {
      "type": "Feature",
      "geometry": {
        "type": "Point",
        "coordinates": [
          -0.0543005,
          51.4940312
        ]
      },
      "properties": {
        "id": "osm_node_7954738233",
        "name": "Public Toilets",
        "hours": "24/7",
        "accessible": false,
        "fee": 0,
        "source": "osm",
        "last_verified_at": "2025-08-26T18:32:20.742Z",
        "verified_by": "ingest-agent"
      }
    },
    {
      "type": "Feature",
      "geometry": {
        "type": "Point",
        "coordinates": [
          -0.1698252,
          51.4969292
        ]
      },
      "properties": {
        "id": "osm_node_7960226793",
        "name": "Public Toilets",
        "hours": "24/7",
        "accessible": true,
        "fee": 0,
        "source": "osm",
        "last_verified_at": "2025-08-26T18:32:20.742Z",
        "verified_by": "ingest-agent"
      }
    },
    {
      "type": "Feature",
      "geometry": {
        "type": "Point",
        "coordinates": [
          -0.3196973,
          51.4476314
        ]
      },
      "properties": {
        "id": "osm_node_8018419582",
        "name": "Public Toilets",
        "hours": "24/7",
        "accessible": true,
        "fee": 0,
        "source": "osm",
        "last_verified_at": "2025-08-26T18:32:20.742Z",
        "verified_by": "ingest-agent"
      }
    },
    {
      "type": "Feature",
      "geometry": {
        "type": "Point",
        "coordinates": [
          0.0580358,
          51.5832572
        ]
      },
      "properties": {
        "id": "osm_node_8087686171",
        "name": "Public Toilets",
        "hours": "24/7",
        "accessible": false,
        "fee": 0,
        "source": "osm",
        "last_verified_at": "2025-08-26T18:32:20.742Z",
        "verified_by": "ingest-agent"
      }
    },
    {
      "type": "Feature",
      "geometry": {
        "type": "Point",
        "coordinates": [
          -0.1904382,
          51.5308375
        ]
      },
      "properties": {
        "id": "osm_node_8096501511",
        "name": "Public Toilets",
        "hours": "24/7",
        "accessible": false,
        "fee": 0,
        "source": "osm",
        "last_verified_at": "2025-08-26T18:32:20.742Z",
        "verified_by": "ingest-agent"
      }
    },
    {
      "type": "Feature",
      "geometry": {
        "type": "Point",
        "coordinates": [
          -0.2240467,
          51.5827437
        ]
      },
      "properties": {
        "id": "osm_node_8259170826",
        "name": "Public Toilets",
        "hours": "24/7",
        "accessible": false,
        "fee": 0,
        "source": "osm",
        "last_verified_at": "2025-08-26T18:32:20.742Z",
        "verified_by": "ingest-agent"
      }
    },
    {
      "type": "Feature",
      "geometry": {
        "type": "Point",
        "coordinates": [
          -0.0617323,
          51.5538976
        ]
      },
      "properties": {
        "id": "osm_node_8410156299",
        "name": "Public Toilets",
        "hours": "24/7",
        "accessible": false,
        "fee": 0,
        "source": "osm",
        "last_verified_at": "2025-08-26T18:32:20.742Z",
        "verified_by": "ingest-agent"
      }
    },
    {
      "type": "Feature",
      "geometry": {
        "type": "Point",
        "coordinates": [
          -0.1797932,
          51.4466547
        ]
      },
      "properties": {
        "id": "osm_node_8421030763",
        "name": "Public Toilets",
        "hours": "24/7",
        "accessible": false,
        "fee": 0,
        "source": "osm",
        "last_verified_at": "2025-08-26T18:32:20.742Z",
        "verified_by": "ingest-agent"
      }
    },
    {
      "type": "Feature",
      "geometry": {
        "type": "Point",
        "coordinates": [
          -0.1348667,
          51.6043949
        ]
      },
      "properties": {
        "id": "osm_node_8498077404",
        "name": "Public Toilets",
        "hours": "24/7",
        "accessible": false,
        "fee": 0,
        "source": "osm",
        "last_verified_at": "2025-08-26T18:32:20.742Z",
        "verified_by": "ingest-agent"
      }
    },
    {
      "type": "Feature",
      "geometry": {
        "type": "Point",
        "coordinates": [
          -0.1237657,
          51.5364459
        ]
      },
      "properties": {
        "id": "osm_node_8498192317",
        "name": "Public Toilets",
        "hours": "24/7",
        "accessible": true,
        "fee": 0,
        "source": "osm",
        "last_verified_at": "2025-08-26T18:32:20.742Z",
        "verified_by": "ingest-agent"
      }
    },
    {
      "type": "Feature",
      "geometry": {
        "type": "Point",
        "coordinates": [
          -0.4753318,
          51.5452804
        ]
      },
      "properties": {
        "id": "osm_node_8591557406",
        "name": "Public Toilets",
        "hours": "24/7",
        "accessible": true,
        "fee": 0,
        "source": "osm",
        "last_verified_at": "2025-08-26T18:32:20.742Z",
        "verified_by": "ingest-agent"
      }
    },
    {
      "type": "Feature",
      "geometry": {
        "type": "Point",
        "coordinates": [
          -0.4753087,
          51.5453046
        ]
      },
      "properties": {
        "id": "osm_node_8591557407",
        "name": "Public Toilets",
        "hours": "24/7",
        "accessible": false,
        "fee": 0,
        "source": "osm",
        "last_verified_at": "2025-08-26T18:32:20.742Z",
        "verified_by": "ingest-agent"
      }
    },
    {
      "type": "Feature",
      "geometry": {
        "type": "Point",
        "coordinates": [
          -0.1660161,
          51.4289484
        ]
      },
      "properties": {
        "id": "osm_node_8608363439",
        "name": "Public Toilets",
        "hours": "24/7",
        "accessible": false,
        "fee": 0,
        "source": "osm",
        "last_verified_at": "2025-08-26T18:32:20.742Z",
        "verified_by": "ingest-agent"
      }
    },
    {
      "type": "Feature",
      "geometry": {
        "type": "Point",
        "coordinates": [
          -0.1663926,
          51.4284146
        ]
      },
      "properties": {
        "id": "osm_node_8608616061",
        "name": "Public Toilets",
        "hours": "24/7",
        "accessible": false,
        "fee": 0,
        "source": "osm",
        "last_verified_at": "2025-08-26T18:32:20.742Z",
        "verified_by": "ingest-agent"
      }
    },
    {
      "type": "Feature",
      "geometry": {
        "type": "Point",
        "coordinates": [
          -0.0749827,
          51.6338026
        ]
      },
      "properties": {
        "id": "osm_node_8621649183",
        "name": "Public Toilets",
        "hours": "24/7",
        "accessible": false,
        "fee": 0,
        "source": "osm",
        "last_verified_at": "2025-08-26T18:32:20.742Z",
        "verified_by": "ingest-agent"
      }
    },
    {
      "type": "Feature",
      "geometry": {
        "type": "Point",
        "coordinates": [
          -0.1571638,
          51.5044825
        ]
      },
      "properties": {
        "id": "osm_node_8639800653",
        "name": "Public Toilets",
        "hours": "Nov-Jan 07:30-16:00; Feb 07:30-17:00; Mar,Oct 07:30-18:00; Apr,Sep 07:30-20:00; May-Aug: 07:30-21:00",
        "accessible": true,
        "fee": 50,
        "source": "osm",
        "last_verified_at": "2025-08-26T18:32:20.742Z",
        "verified_by": "ingest-agent"
      }
    },
    {
      "type": "Feature",
      "geometry": {
        "type": "Point",
        "coordinates": [
          -0.1356559,
          51.4889
        ]
      },
      "properties": {
        "id": "osm_node_8684626523",
        "name": "Public Toilets",
        "hours": "24/7",
        "accessible": false,
        "fee": 0,
        "source": "osm",
        "last_verified_at": "2025-08-26T18:32:20.742Z",
        "verified_by": "ingest-agent"
      }
    },
    {
      "type": "Feature",
      "geometry": {
        "type": "Point",
        "coordinates": [
          -0.2063736,
          51.4213905
        ]
      },
      "properties": {
        "id": "osm_node_8720842604",
        "name": "Public Toilets",
        "hours": "24/7",
        "accessible": false,
        "fee": 0,
        "source": "osm",
        "last_verified_at": "2025-08-26T18:32:20.742Z",
        "verified_by": "ingest-agent"
      }
    },
    {
      "type": "Feature",
      "geometry": {
        "type": "Point",
        "coordinates": [
          -0.0559992,
          51.4357818
        ]
      },
      "properties": {
        "id": "osm_node_8735993388",
        "name": "Public Toilets",
        "hours": "24/7",
        "accessible": true,
        "fee": 0,
        "source": "osm",
        "last_verified_at": "2025-08-26T18:32:20.742Z",
        "verified_by": "ingest-agent"
      }
    },
    {
      "type": "Feature",
      "geometry": {
        "type": "Point",
        "coordinates": [
          -0.3209853,
          51.5136673
        ]
      },
      "properties": {
        "id": "osm_node_8736136183",
        "name": "Public Toilets",
        "hours": "24/7",
        "accessible": true,
        "fee": 0,
        "source": "osm",
        "last_verified_at": "2025-08-26T18:32:20.742Z",
        "verified_by": "ingest-agent"
      }
    },
    {
      "type": "Feature",
      "geometry": {
        "type": "Point",
        "coordinates": [
          0.0155317,
          51.5525984
        ]
      },
      "properties": {
        "id": "osm_node_8781007917",
        "name": "Public Toilets",
        "hours": "24/7",
        "accessible": false,
        "fee": 0,
        "source": "osm",
        "last_verified_at": "2025-08-26T18:32:20.742Z",
        "verified_by": "ingest-agent"
      }
    },
    {
      "type": "Feature",
      "geometry": {
        "type": "Point",
        "coordinates": [
          -0.0571431,
          51.5686014
        ]
      },
      "properties": {
        "id": "osm_node_8786415006",
        "name": "Public Toilets",
        "hours": "24/7",
        "accessible": false,
        "fee": 0,
        "source": "osm",
        "last_verified_at": "2025-08-26T18:32:20.742Z",
        "verified_by": "ingest-agent"
      }
    },
    {
      "type": "Feature",
      "geometry": {
        "type": "Point",
        "coordinates": [
          -0.0215395,
          51.5447396
        ]
      },
      "properties": {
        "id": "osm_node_8919609961",
        "name": "Public Toilets",
        "hours": "24/7",
        "accessible": true,
        "fee": 0,
        "source": "osm",
        "last_verified_at": "2025-08-26T18:32:20.742Z",
        "verified_by": "ingest-agent"
      }
    },
    {
      "type": "Feature",
      "geometry": {
        "type": "Point",
        "coordinates": [
          -0.2603808,
          51.508644
        ]
      },
      "properties": {
        "id": "osm_node_8969112154",
        "name": "Public Toilets",
        "hours": "24/7",
        "accessible": false,
        "fee": 0,
        "source": "osm",
        "last_verified_at": "2025-08-26T18:32:20.742Z",
        "verified_by": "ingest-agent"
      }
    },
    {
      "type": "Feature",
      "geometry": {
        "type": "Point",
        "coordinates": [
          0.1018818,
          51.377563
        ]
      },
      "properties": {
        "id": "osm_node_8972075026",
        "name": "Public Toilets",
        "hours": "24/7",
        "accessible": false,
        "fee": 0,
        "source": "osm",
        "last_verified_at": "2025-08-26T18:32:20.742Z",
        "verified_by": "ingest-agent"
      }
    },
    {
      "type": "Feature",
      "geometry": {
        "type": "Point",
        "coordinates": [
          0.25824,
          51.5441432
        ]
      },
      "properties": {
        "id": "osm_node_9001215578",
        "name": "Public Toilets",
        "hours": "24/7",
        "accessible": false,
        "fee": 0,
        "source": "osm",
        "last_verified_at": "2025-08-26T18:32:20.742Z",
        "verified_by": "ingest-agent"
      }
    },
    {
      "type": "Feature",
      "geometry": {
        "type": "Point",
        "coordinates": [
          0.2587632,
          51.5441077
        ]
      },
      "properties": {
        "id": "osm_node_9001215581",
        "name": "Public Toilets",
        "hours": "24/7",
        "accessible": false,
        "fee": 0,
        "source": "osm",
        "last_verified_at": "2025-08-26T18:32:20.742Z",
        "verified_by": "ingest-agent"
      }
    },
    {
      "type": "Feature",
      "geometry": {
        "type": "Point",
        "coordinates": [
          -0.11958,
          51.4219809
        ]
      },
      "properties": {
        "id": "osm_node_9011471451",
        "name": "Public Toilets",
        "hours": "24/7",
        "accessible": false,
        "fee": 0,
        "source": "osm",
        "last_verified_at": "2025-08-26T18:32:20.742Z",
        "verified_by": "ingest-agent"
      }
    },
    {
      "type": "Feature",
      "geometry": {
        "type": "Point",
        "coordinates": [
          -0.188744,
          51.4023619
        ]
      },
      "properties": {
        "id": "osm_node_9034965484",
        "name": "Public Toilets",
        "hours": "24/7",
        "accessible": false,
        "fee": 0,
        "source": "osm",
        "last_verified_at": "2025-08-26T18:32:20.742Z",
        "verified_by": "ingest-agent"
      }
    },
    {
      "type": "Feature",
      "geometry": {
        "type": "Point",
        "coordinates": [
          -0.1322273,
          51.4947635
        ]
      },
      "properties": {
        "id": "osm_node_9121252098",
        "name": "Public Toilets",
        "hours": "24/7",
        "accessible": false,
        "fee": 0,
        "source": "osm",
        "last_verified_at": "2025-08-26T18:32:20.742Z",
        "verified_by": "ingest-agent"
      }
    },
    {
      "type": "Feature",
      "geometry": {
        "type": "Point",
        "coordinates": [
          0.0509337,
          51.4466128
        ]
      },
      "properties": {
        "id": "osm_node_9132037562",
        "name": "Public Toilets",
        "hours": "24/7",
        "accessible": true,
        "fee": 0,
        "source": "osm",
        "last_verified_at": "2025-08-26T18:32:20.742Z",
        "verified_by": "ingest-agent"
      }
    },
    {
      "type": "Feature",
      "geometry": {
        "type": "Point",
        "coordinates": [
          -0.1239039,
          51.5324697
        ]
      },
      "properties": {
        "id": "osm_node_9136004117",
        "name": "Public Toilets",
        "hours": "Mo-Fr 05:00-25:40; Sa 05:00-25:11; Su 05:30-01:36",
        "accessible": true,
        "fee": 0,
        "source": "osm",
        "last_verified_at": "2025-08-26T18:32:20.742Z",
        "verified_by": "ingest-agent"
      }
    },
    {
      "type": "Feature",
      "geometry": {
        "type": "Point",
        "coordinates": [
          0.0058326,
          51.5003409
        ]
      },
      "properties": {
        "id": "osm_node_9189968285",
        "name": "Public Toilets",
        "hours": "24/7",
        "accessible": false,
        "fee": 0,
        "source": "osm",
        "last_verified_at": "2025-08-26T18:32:20.742Z",
        "verified_by": "ingest-agent"
      }
    },
    {
      "type": "Feature",
      "geometry": {
        "type": "Point",
        "coordinates": [
          0.0056881,
          51.5001291
        ]
      },
      "properties": {
        "id": "osm_node_9189968286",
        "name": "Public Toilets",
        "hours": "Mo-Su 11:00-20:00",
        "accessible": true,
        "fee": 0,
        "source": "osm",
        "last_verified_at": "2025-08-26T18:32:20.742Z",
        "verified_by": "ingest-agent"
      }
    },
    {
      "type": "Feature",
      "geometry": {
        "type": "Point",
        "coordinates": [
          0.0307815,
          51.5393047
        ]
      },
      "properties": {
        "id": "osm_node_9385875096",
        "name": "Public Toilets",
        "hours": "24/7",
        "accessible": false,
        "fee": 0,
        "source": "osm",
        "last_verified_at": "2025-08-26T18:32:20.742Z",
        "verified_by": "ingest-agent"
      }
    },
    {
      "type": "Feature",
      "geometry": {
        "type": "Point",
        "coordinates": [
          -0.0467599,
          51.4959663
        ]
      },
      "properties": {
        "id": "osm_node_9432116190",
        "name": "Public Toilets",
        "hours": "24/7",
        "accessible": true,
        "fee": 0,
        "source": "osm",
        "last_verified_at": "2025-08-26T18:32:20.742Z",
        "verified_by": "ingest-agent"
      }
    },
    {
      "type": "Feature",
      "geometry": {
        "type": "Point",
        "coordinates": [
          -0.3343105,
          51.5916178
        ]
      },
      "properties": {
        "id": "osm_node_9440417195",
        "name": "Public Toilets",
        "hours": "24/7",
        "accessible": true,
        "fee": 0,
        "source": "osm",
        "last_verified_at": "2025-08-26T18:32:20.742Z",
        "verified_by": "ingest-agent"
      }
    },
    {
      "type": "Feature",
      "geometry": {
        "type": "Point",
        "coordinates": [
          -0.3445382,
          51.5842376
        ]
      },
      "properties": {
        "id": "osm_node_9440419227",
        "name": "Public Toilets",
        "hours": "24/7",
        "accessible": false,
        "fee": 0,
        "source": "osm",
        "last_verified_at": "2025-08-26T18:32:20.742Z",
        "verified_by": "ingest-agent"
      }
    },
    {
      "type": "Feature",
      "geometry": {
        "type": "Point",
        "coordinates": [
          -0.194177,
          51.5720816
        ]
      },
      "properties": {
        "id": "osm_node_9448085505",
        "name": "Public Toilets",
        "hours": "24/7",
        "accessible": false,
        "fee": 0,
        "source": "osm",
        "last_verified_at": "2025-08-26T18:32:20.742Z",
        "verified_by": "ingest-agent"
      }
    },
    {
      "type": "Feature",
      "geometry": {
        "type": "Point",
        "coordinates": [
          -0.1941571,
          51.5720761
        ]
      },
      "properties": {
        "id": "osm_node_9448085506",
        "name": "Public Toilets",
        "hours": "24/7",
        "accessible": false,
        "fee": 0,
        "source": "osm",
        "last_verified_at": "2025-08-26T18:32:20.742Z",
        "verified_by": "ingest-agent"
      }
    },
    {
      "type": "Feature",
      "geometry": {
        "type": "Point",
        "coordinates": [
          -0.3007088,
          51.4629203
        ]
      },
      "properties": {
        "id": "osm_node_9487715888",
        "name": "Public Toilets",
        "hours": "24/7",
        "accessible": false,
        "fee": 0,
        "source": "osm",
        "last_verified_at": "2025-08-26T18:32:20.742Z",
        "verified_by": "ingest-agent"
      }
    },
    {
      "type": "Feature",
      "geometry": {
        "type": "Point",
        "coordinates": [
          -0.0308164,
          51.5496399
        ]
      },
      "properties": {
        "id": "osm_node_9500940138",
        "name": "Public Toilets",
        "hours": "24/7",
        "accessible": true,
        "fee": 0,
        "source": "osm",
        "last_verified_at": "2025-08-26T18:32:20.742Z",
        "verified_by": "ingest-agent"
      }
    },
    {
      "type": "Feature",
      "geometry": {
        "type": "Point",
        "coordinates": [
          -0.0093053,
          51.5267725
        ]
      },
      "properties": {
        "id": "osm_node_9501535976",
        "name": "Public Toilets",
        "hours": "24/7",
        "accessible": false,
        "fee": 0,
        "source": "osm",
        "last_verified_at": "2025-08-26T18:32:20.742Z",
        "verified_by": "ingest-agent"
      }
    },
    {
      "type": "Feature",
      "geometry": {
        "type": "Point",
        "coordinates": [
          -0.4494765,
          51.4690047
        ]
      },
      "properties": {
        "id": "osm_node_9508068340",
        "name": "Public Toilets",
        "hours": "24/7",
        "accessible": false,
        "fee": 0,
        "source": "osm",
        "last_verified_at": "2025-08-26T18:32:20.742Z",
        "verified_by": "ingest-agent"
      }
    },
    {
      "type": "Feature",
      "geometry": {
        "type": "Point",
        "coordinates": [
          -0.4480522,
          51.4702592
        ]
      },
      "properties": {
        "id": "osm_node_9508128582",
        "name": "Public Toilets",
        "hours": "24/7",
        "accessible": true,
        "fee": 0,
        "source": "osm",
        "last_verified_at": "2025-08-26T18:32:20.743Z",
        "verified_by": "ingest-agent"
      }
    },
    {
      "type": "Feature",
      "geometry": {
        "type": "Point",
        "coordinates": [
          -0.1683581,
          51.5979003
        ]
      },
      "properties": {
        "id": "osm_node_9557617517",
        "name": "Public Toilets",
        "hours": "24/7",
        "accessible": true,
        "fee": 0,
        "source": "osm",
        "last_verified_at": "2025-08-26T18:32:20.743Z",
        "verified_by": "ingest-agent"
      }
    },
    {
      "type": "Feature",
      "geometry": {
        "type": "Point",
        "coordinates": [
          -0.3018206,
          51.4517484
        ]
      },
      "properties": {
        "id": "osm_node_9575776873",
        "name": "Public Toilets",
        "hours": "24/7",
        "accessible": false,
        "fee": 0,
        "source": "osm",
        "last_verified_at": "2025-08-26T18:32:20.743Z",
        "verified_by": "ingest-agent"
      }
    },
    {
      "type": "Feature",
      "geometry": {
        "type": "Point",
        "coordinates": [
          -0.0245038,
          51.569437
        ]
      },
      "properties": {
        "id": "osm_node_9590027617",
        "name": "Public Toilets",
        "hours": "24/7",
        "accessible": false,
        "fee": 0,
        "source": "osm",
        "last_verified_at": "2025-08-26T18:32:20.743Z",
        "verified_by": "ingest-agent"
      }
    },
    {
      "type": "Feature",
      "geometry": {
        "type": "Point",
        "coordinates": [
          -0.0744501,
          51.5484934
        ]
      },
      "properties": {
        "id": "osm_node_9592404702",
        "name": "Public Toilets",
        "hours": "24/7",
        "accessible": false,
        "fee": 50,
        "source": "osm",
        "last_verified_at": "2025-08-26T18:32:20.743Z",
        "verified_by": "ingest-agent"
      }
    },
    {
      "type": "Feature",
      "geometry": {
        "type": "Point",
        "coordinates": [
          -0.1060619,
          51.534425
        ]
      },
      "properties": {
        "id": "osm_node_9612482197",
        "name": "Public Toilets",
        "hours": "24/7",
        "accessible": false,
        "fee": 0,
        "source": "osm",
        "last_verified_at": "2025-08-26T18:32:20.743Z",
        "verified_by": "ingest-agent"
      }
    },
    {
      "type": "Feature",
      "geometry": {
        "type": "Point",
        "coordinates": [
          -0.3026344,
          51.6190452
        ]
      },
      "properties": {
        "id": "osm_node_9649744603",
        "name": "Public Toilets",
        "hours": "24/7",
        "accessible": false,
        "fee": 0,
        "source": "osm",
        "last_verified_at": "2025-08-26T18:32:20.743Z",
        "verified_by": "ingest-agent"
      }
    },
    {
      "type": "Feature",
      "geometry": {
        "type": "Point",
        "coordinates": [
          -0.02408,
          51.5829922
        ]
      },
      "properties": {
        "id": "osm_node_9661470030",
        "name": "Public Toilets",
        "hours": "24/7",
        "accessible": false,
        "fee": 0,
        "source": "osm",
        "last_verified_at": "2025-08-26T18:32:20.743Z",
        "verified_by": "ingest-agent"
      }
    },
    {
      "type": "Feature",
      "geometry": {
        "type": "Point",
        "coordinates": [
          0.0456794,
          51.6096755
        ]
      },
      "properties": {
        "id": "osm_node_9688217567",
        "name": "Public Toilets",
        "hours": "24/7",
        "accessible": true,
        "fee": 0,
        "source": "osm",
        "last_verified_at": "2025-08-26T18:32:20.743Z",
        "verified_by": "ingest-agent"
      }
    },
    {
      "type": "Feature",
      "geometry": {
        "type": "Point",
        "coordinates": [
          0.0121283,
          51.6094132
        ]
      },
      "properties": {
        "id": "osm_node_9688250941",
        "name": "Public Toilets",
        "hours": "24/7",
        "accessible": false,
        "fee": 0,
        "source": "osm",
        "last_verified_at": "2025-08-26T18:32:20.743Z",
        "verified_by": "ingest-agent"
      }
    },
    {
      "type": "Feature",
      "geometry": {
        "type": "Point",
        "coordinates": [
          -0.2918838,
          51.4986907
        ]
      },
      "properties": {
        "id": "osm_node_9708945130",
        "name": "Public Toilets",
        "hours": "24/7",
        "accessible": false,
        "fee": 0,
        "source": "osm",
        "last_verified_at": "2025-08-26T18:32:20.743Z",
        "verified_by": "ingest-agent"
      }
    },
    {
      "type": "Feature",
      "geometry": {
        "type": "Point",
        "coordinates": [
          0.1576629,
          51.5978134
        ]
      },
      "properties": {
        "id": "osm_node_9714525710",
        "name": "Public Toilets",
        "hours": "24/7",
        "accessible": false,
        "fee": 0,
        "source": "osm",
        "last_verified_at": "2025-08-26T18:32:20.743Z",
        "verified_by": "ingest-agent"
      }
    },
    {
      "type": "Feature",
      "geometry": {
        "type": "Point",
        "coordinates": [
          0.0865691,
          51.5815337
        ]
      },
      "properties": {
        "id": "osm_node_9716267250",
        "name": "Public Toilets",
        "hours": "24/7",
        "accessible": false,
        "fee": 0,
        "source": "osm",
        "last_verified_at": "2025-08-26T18:32:20.743Z",
        "verified_by": "ingest-agent"
      }
    },
    {
      "type": "Feature",
      "geometry": {
        "type": "Point",
        "coordinates": [
          0.0412153,
          51.4951311
        ]
      },
      "properties": {
        "id": "osm_node_9718437793",
        "name": "Public Toilets",
        "hours": "24/7",
        "accessible": true,
        "fee": 0,
        "source": "osm",
        "last_verified_at": "2025-08-26T18:32:20.743Z",
        "verified_by": "ingest-agent"
      }
    },
    {
      "type": "Feature",
      "geometry": {
        "type": "Point",
        "coordinates": [
          -0.4195526,
          51.5078291
        ]
      },
      "properties": {
        "id": "osm_node_9771468117",
        "name": "Public Toilets",
        "hours": "24/7",
        "accessible": false,
        "fee": 0,
        "source": "osm",
        "last_verified_at": "2025-08-26T18:32:20.743Z",
        "verified_by": "ingest-agent"
      }
    },
    {
      "type": "Feature",
      "geometry": {
        "type": "Point",
        "coordinates": [
          -0.46277,
          51.4734094
        ]
      },
      "properties": {
        "id": "osm_node_9778598116",
        "name": "Adjacent to gate 30",
        "hours": "24/7",
        "accessible": false,
        "fee": 0,
        "source": "osm",
        "last_verified_at": "2025-08-26T18:32:20.743Z",
        "verified_by": "ingest-agent"
      }
    },
    {
      "type": "Feature",
      "geometry": {
        "type": "Point",
        "coordinates": [
          -0.4627791,
          51.4734228
        ]
      },
      "properties": {
        "id": "osm_node_9778606849",
        "name": "Adjacent to gate 30",
        "hours": "24/7",
        "accessible": false,
        "fee": 0,
        "source": "osm",
        "last_verified_at": "2025-08-26T18:32:20.743Z",
        "verified_by": "ingest-agent"
      }
    },
    {
      "type": "Feature",
      "geometry": {
        "type": "Point",
        "coordinates": [
          -0.4627788,
          51.4734142
        ]
      },
      "properties": {
        "id": "osm_node_9779025154",
        "name": "Adjacent to gate 30",
        "hours": "24/7",
        "accessible": false,
        "fee": 0,
        "source": "osm",
        "last_verified_at": "2025-08-26T18:32:20.743Z",
        "verified_by": "ingest-agent"
      }
    },
    {
      "type": "Feature",
      "geometry": {
        "type": "Point",
        "coordinates": [
          -0.3029437,
          51.5383447
        ]
      },
      "properties": {
        "id": "osm_node_9801160959",
        "name": "Public Toilets",
        "hours": "24/7",
        "accessible": false,
        "fee": 0,
        "source": "osm",
        "last_verified_at": "2025-08-26T18:32:20.743Z",
        "verified_by": "ingest-agent"
      }
    },
    {
      "type": "Feature",
      "geometry": {
        "type": "Point",
        "coordinates": [
          -0.4075235,
          51.4986031
        ]
      },
      "properties": {
        "id": "osm_node_9801171733",
        "name": "Public Toilets",
        "hours": "24/7",
        "accessible": false,
        "fee": 0,
        "source": "osm",
        "last_verified_at": "2025-08-26T18:32:20.743Z",
        "verified_by": "ingest-agent"
      }
    },
    {
      "type": "Feature",
      "geometry": {
        "type": "Point",
        "coordinates": [
          -0.0133802,
          51.5333152
        ]
      },
      "properties": {
        "id": "osm_node_9829140323",
        "name": "Public Toilets",
        "hours": "24/7",
        "accessible": false,
        "fee": 0,
        "source": "osm",
        "last_verified_at": "2025-08-26T18:32:20.743Z",
        "verified_by": "ingest-agent"
      }
    },
    {
      "type": "Feature",
      "geometry": {
        "type": "Point",
        "coordinates": [
          -0.0199532,
          51.5058485
        ]
      },
      "properties": {
        "id": "osm_node_9845461171",
        "name": "Public Toilets",
        "hours": "24/7",
        "accessible": true,
        "fee": 0,
        "source": "osm",
        "last_verified_at": "2025-08-26T18:32:20.743Z",
        "verified_by": "ingest-agent"
      }
    },
    {
      "type": "Feature",
      "geometry": {
        "type": "Point",
        "coordinates": [
          -0.1773087,
          51.5162905
        ]
      },
      "properties": {
        "id": "osm_node_9861804861",
        "name": "Public Toilets",
        "hours": "24/7",
        "accessible": true,
        "fee": 0,
        "source": "osm",
        "last_verified_at": "2025-08-26T18:32:20.743Z",
        "verified_by": "ingest-agent"
      }
    },
    {
      "type": "Feature",
      "geometry": {
        "type": "Point",
        "coordinates": [
          -0.0855746,
          51.5513765
        ]
      },
      "properties": {
        "id": "osm_node_9876516418",
        "name": "Public Toilets",
        "hours": "24/7",
        "accessible": true,
        "fee": 50,
        "source": "osm",
        "last_verified_at": "2025-08-26T18:32:20.743Z",
        "verified_by": "ingest-agent"
      }
    },
    {
      "type": "Feature",
      "geometry": {
        "type": "Point",
        "coordinates": [
          -0.2060034,
          51.5023601
        ]
      },
      "properties": {
        "id": "osm_node_9892153077",
        "name": "Public Toilets",
        "hours": "24/7",
        "accessible": false,
        "fee": 0,
        "source": "osm",
        "last_verified_at": "2025-08-26T18:32:20.743Z",
        "verified_by": "ingest-agent"
      }
    },
    {
      "type": "Feature",
      "geometry": {
        "type": "Point",
        "coordinates": [
          -0.3969797,
          51.4588328
        ]
      },
      "properties": {
        "id": "osm_node_9906200100",
        "name": "Public Toilets",
        "hours": "24/7",
        "accessible": false,
        "fee": 0,
        "source": "osm",
        "last_verified_at": "2025-08-26T18:32:20.743Z",
        "verified_by": "ingest-agent"
      }
    },
    {
      "type": "Feature",
      "geometry": {
        "type": "Point",
        "coordinates": [
          -0.3985025,
          51.4572192
        ]
      },
      "properties": {
        "id": "osm_node_9906200103",
        "name": "Public Toilets",
        "hours": "24/7",
        "accessible": false,
        "fee": 0,
        "source": "osm",
        "last_verified_at": "2025-08-26T18:32:20.743Z",
        "verified_by": "ingest-agent"
      }
    },
    {
      "type": "Feature",
      "geometry": {
        "type": "Point",
        "coordinates": [
          -0.2256871,
          51.4932253
        ]
      },
      "properties": {
        "id": "osm_node_9968015308",
        "name": "Public Toilets",
        "hours": "Mo-Th 08:00-00:00; Fr 08:00-00:00; Sa 00:00-01:00,08:00-00:00; Su 00:00-01:00,08:00-00:00",
        "accessible": false,
        "fee": 0,
        "source": "osm",
        "last_verified_at": "2025-08-26T18:32:20.743Z",
        "verified_by": "ingest-agent"
      }
    },
    {
      "type": "Feature",
      "geometry": {
        "type": "Point",
        "coordinates": [
          -0.225677,
          51.4932148
        ]
      },
      "properties": {
        "id": "osm_node_9968015309",
        "name": "Public Toilets",
        "hours": "Mo-Th 08:00-00:00; Fr 08:00-00:00; Sa 00:00-01:00,08:00-00:00; Su 00:00-01:00,08:00-00:00",
        "accessible": false,
        "fee": 0,
        "source": "osm",
        "last_verified_at": "2025-08-26T18:32:20.743Z",
        "verified_by": "ingest-agent"
      }
    },
    {
      "type": "Feature",
      "geometry": {
        "type": "Point",
        "coordinates": [
          -0.0141604,
          51.5043993
        ]
      },
      "properties": {
        "id": "osm_node_9993003990",
        "name": "Public Toilets",
        "hours": "24/7",
        "accessible": true,
        "fee": 0,
        "source": "osm",
        "last_verified_at": "2025-08-26T18:32:20.743Z",
        "verified_by": "ingest-agent"
      }
    },
    {
      "type": "Feature",
      "geometry": {
        "type": "Point",
        "coordinates": [
          -0.0141836,
          51.50431
        ]
      },
      "properties": {
        "id": "osm_node_9993003992",
        "name": "Public Toilets",
        "hours": "24/7",
        "accessible": true,
        "fee": 0,
        "source": "osm",
        "last_verified_at": "2025-08-26T18:32:20.743Z",
        "verified_by": "ingest-agent"
      }
    },
    {
      "type": "Feature",
      "geometry": {
        "type": "Point",
        "coordinates": [
          -0.0172404,
          51.5044835
        ]
      },
      "properties": {
        "id": "osm_node_9995352756",
        "name": "Public Toilets",
        "hours": "24/7",
        "accessible": false,
        "fee": 0,
        "source": "osm",
        "last_verified_at": "2025-08-26T18:32:20.743Z",
        "verified_by": "ingest-agent"
      }
    },
    {
      "type": "Feature",
      "geometry": {
        "type": "Point",
        "coordinates": [
          -0.0229162,
          51.5060251
        ]
      },
      "properties": {
        "id": "osm_node_9995468461",
        "name": "Public Toilets",
        "hours": "24/7",
        "accessible": false,
        "fee": 0,
        "source": "osm",
        "last_verified_at": "2025-08-26T18:32:20.743Z",
        "verified_by": "ingest-agent"
      }
    },
    {
      "type": "Feature",
      "geometry": {
        "type": "Point",
        "coordinates": [
          -0.0176699,
          51.504963
        ]
      },
      "properties": {
        "id": "osm_node_9995686982",
        "name": "Public Toilets",
        "hours": "24/7",
        "accessible": false,
        "fee": 0,
        "source": "osm",
        "last_verified_at": "2025-08-26T18:32:20.743Z",
        "verified_by": "ingest-agent"
      }
    },
    {
      "type": "Feature",
      "geometry": {
        "type": "Point",
        "coordinates": [
          -0.4288115,
          51.5781698
        ]
      },
      "properties": {
        "id": "osm_node_9999469509",
        "name": "Public Toilets",
        "hours": "24/7",
        "accessible": false,
        "fee": 0,
        "source": "osm",
        "last_verified_at": "2025-08-26T18:32:20.743Z",
        "verified_by": "ingest-agent"
      }
    },
    {
      "type": "Feature",
      "geometry": {
        "type": "Point",
        "coordinates": [
          -0.0135757,
          51.5021664
        ]
      },
      "properties": {
        "id": "osm_node_9999530507",
        "name": "Public Toilets",
        "hours": "24/7",
        "accessible": false,
        "fee": 0,
        "source": "osm",
        "last_verified_at": "2025-08-26T18:32:20.743Z",
        "verified_by": "ingest-agent"
      }
    },
    {
      "type": "Feature",
      "geometry": {
        "type": "Point",
        "coordinates": [
          -0.0683935,
          51.3624045
        ]
      },
      "properties": {
        "id": "osm_node_9999707324",
        "name": "Public Toilets",
        "hours": "24/7",
        "accessible": true,
        "fee": 0,
        "source": "osm",
        "last_verified_at": "2025-08-26T18:32:20.743Z",
        "verified_by": "ingest-agent"
      }
    },
    {
      "type": "Feature",
      "geometry": {
        "type": "Point",
        "coordinates": [
          -0.1469583,
          51.4824917
        ]
      },
      "properties": {
        "id": "osm_node_10013334507",
        "name": "Public Toilets",
        "hours": "24/7",
        "accessible": true,
        "fee": 0,
        "source": "osm",
        "last_verified_at": "2025-08-26T18:32:20.743Z",
        "verified_by": "ingest-agent"
      }
    },
    {
      "type": "Feature",
      "geometry": {
        "type": "Point",
        "coordinates": [
          -0.0871084,
          51.5935798
        ]
      },
      "properties": {
        "id": "osm_node_10025349222",
        "name": "Public Toilets",
        "hours": "24/7",
        "accessible": true,
        "fee": 0,
        "source": "osm",
        "last_verified_at": "2025-08-26T18:32:20.743Z",
        "verified_by": "ingest-agent"
      }
    },
    {
      "type": "Feature",
      "geometry": {
        "type": "Point",
        "coordinates": [
          -0.1525197,
          51.5143027
        ]
      },
      "properties": {
        "id": "osm_node_10036256615",
        "name": "Public Toilets",
        "hours": "24/7",
        "accessible": false,
        "fee": 0,
        "source": "osm",
        "last_verified_at": "2025-08-26T18:32:20.743Z",
        "verified_by": "ingest-agent"
      }
    },
    {
      "type": "Feature",
      "geometry": {
        "type": "Point",
        "coordinates": [
          -0.1534125,
          51.5143129
        ]
      },
      "properties": {
        "id": "osm_node_10036261758",
        "name": "Public Toilets",
        "hours": "24/7",
        "accessible": false,
        "fee": 0,
        "source": "osm",
        "last_verified_at": "2025-08-26T18:32:20.743Z",
        "verified_by": "ingest-agent"
      }
    },
    {
      "type": "Feature",
      "geometry": {
        "type": "Point",
        "coordinates": [
          0.1214336,
          51.4912152
        ]
      },
      "properties": {
        "id": "osm_node_10050461608",
        "name": "Public Toilets",
        "hours": "24/7",
        "accessible": true,
        "fee": 0,
        "source": "osm",
        "last_verified_at": "2025-08-26T18:32:20.743Z",
        "verified_by": "ingest-agent"
      }
    },
    {
      "type": "Feature",
      "geometry": {
        "type": "Point",
        "coordinates": [
          -0.2000171,
          51.4997574
        ]
      },
      "properties": {
        "id": "osm_node_10050471803",
        "name": "Public Toilets",
        "hours": "24/7",
        "accessible": true,
        "fee": 0,
        "source": "osm",
        "last_verified_at": "2025-08-26T18:32:20.743Z",
        "verified_by": "ingest-agent"
      }
    },
    {
      "type": "Feature",
      "geometry": {
        "type": "Point",
        "coordinates": [
          -0.127125,
          51.5158631
        ]
      },
      "properties": {
        "id": "osm_node_10050478330",
        "name": "Public Toilets",
        "hours": "24/7",
        "accessible": false,
        "fee": 0,
        "source": "osm",
        "last_verified_at": "2025-08-26T18:32:20.743Z",
        "verified_by": "ingest-agent"
      }
    },
    {
      "type": "Feature",
      "geometry": {
        "type": "Point",
        "coordinates": [
          -0.0142958,
          51.4657749
        ]
      },
      "properties": {
        "id": "osm_node_10074946874",
        "name": "Public Toilets",
        "hours": "Mo-Sa 06:10-22:00; Su 08:10-22:00",
        "accessible": false,
        "fee": 0,
        "source": "osm",
        "last_verified_at": "2025-08-26T18:32:20.743Z",
        "verified_by": "ingest-agent"
      }
    },
    {
      "type": "Feature",
      "geometry": {
        "type": "Point",
        "coordinates": [
          -0.0141555,
          51.4656991
        ]
      },
      "properties": {
        "id": "osm_node_10074946875",
        "name": "Public Toilets",
        "hours": "Mo-Sa 06:10-22:00; Su 08:10-22:00",
        "accessible": true,
        "fee": 0,
        "source": "osm",
        "last_verified_at": "2025-08-26T18:32:20.743Z",
        "verified_by": "ingest-agent"
      }
    },
    {
      "type": "Feature",
      "geometry": {
        "type": "Point",
        "coordinates": [
          -0.0141671,
          51.4657048
        ]
      },
      "properties": {
        "id": "osm_node_10081168255",
        "name": "Public Toilets",
        "hours": "Mo-Sa 06:10-22:00; Su 08:10-22:00",
        "accessible": true,
        "fee": 0,
        "source": "osm",
        "last_verified_at": "2025-08-26T18:32:20.743Z",
        "verified_by": "ingest-agent"
      }
    },
    {
      "type": "Feature",
      "geometry": {
        "type": "Point",
        "coordinates": [
          -0.0040222,
          51.5067035
        ]
      },
      "properties": {
        "id": "osm_node_10081951638",
        "name": "Public Toilets",
        "hours": "24/7",
        "accessible": false,
        "fee": 0,
        "source": "osm",
        "last_verified_at": "2025-08-26T18:32:20.743Z",
        "verified_by": "ingest-agent"
      }
    },
    {
      "type": "Feature",
      "geometry": {
        "type": "Point",
        "coordinates": [
          -0.017169,
          51.4538411
        ]
      },
      "properties": {
        "id": "osm_node_10106407694",
        "name": "Public Toilets",
        "hours": "24/7",
        "accessible": true,
        "fee": 0,
        "source": "osm",
        "last_verified_at": "2025-08-26T18:32:20.743Z",
        "verified_by": "ingest-agent"
      }
    },
    {
      "type": "Feature",
      "geometry": {
        "type": "Point",
        "coordinates": [
          -0.1950412,
          51.4686883
        ]
      },
      "properties": {
        "id": "osm_node_10120810835",
        "name": "Public Toilets",
        "hours": "24/7",
        "accessible": false,
        "fee": 0,
        "source": "osm",
        "last_verified_at": "2025-08-26T18:32:20.743Z",
        "verified_by": "ingest-agent"
      }
    },
    {
      "type": "Feature",
      "geometry": {
        "type": "Point",
        "coordinates": [
          -0.1305466,
          51.5105723
        ]
      },
      "properties": {
        "id": "osm_node_10148000879",
        "name": "Public Toilets",
        "hours": "24/7",
        "accessible": false,
        "fee": 50,
        "source": "osm",
        "last_verified_at": "2025-08-26T18:32:20.743Z",
        "verified_by": "ingest-agent"
      }
    },
    {
      "type": "Feature",
      "geometry": {
        "type": "Point",
        "coordinates": [
          -0.0483464,
          51.6102997
        ]
      },
      "properties": {
        "id": "osm_node_10155567233",
        "name": "Public Toilets",
        "hours": "24/7",
        "accessible": false,
        "fee": 0,
        "source": "osm",
        "last_verified_at": "2025-08-26T18:32:20.743Z",
        "verified_by": "ingest-agent"
      }
    },
    {
      "type": "Feature",
      "geometry": {
        "type": "Point",
        "coordinates": [
          -0.1529357,
          51.5437638
        ]
      },
      "properties": {
        "id": "osm_node_10157069710",
        "name": "Public Toilets",
        "hours": "24/7",
        "accessible": false,
        "fee": 0,
        "source": "osm",
        "last_verified_at": "2025-08-26T18:32:20.743Z",
        "verified_by": "ingest-agent"
      }
    },
    {
      "type": "Feature",
      "geometry": {
        "type": "Point",
        "coordinates": [
          -0.1816282,
          51.5480077
        ]
      },
      "properties": {
        "id": "osm_node_10169136063",
        "name": "Public Toilets",
        "hours": "Mo-Th 06:00-24:30; Fr-Sa 06:00-25:00; Su 07:00-24:15",
        "accessible": true,
        "fee": 0,
        "source": "osm",
        "last_verified_at": "2025-08-26T18:32:20.743Z",
        "verified_by": "ingest-agent"
      }
    },
    {
      "type": "Feature",
      "geometry": {
        "type": "Point",
        "coordinates": [
          -0.1815664,
          51.5479981
        ]
      },
      "properties": {
        "id": "osm_node_10169136064",
        "name": "Public Toilets",
        "hours": "Mo-Th 06:00-24:30; Fr-Sa 06:00-25:00; Su 07:00-24:15",
        "accessible": true,
        "fee": 0,
        "source": "osm",
        "last_verified_at": "2025-08-26T18:32:20.743Z",
        "verified_by": "ingest-agent"
      }
    },
    {
      "type": "Feature",
      "geometry": {
        "type": "Point",
        "coordinates": [
          0.054901,
          51.4910436
        ]
      },
      "properties": {
        "id": "osm_node_10206899975",
        "name": "Public Toilets",
        "hours": "24/7",
        "accessible": false,
        "fee": 0,
        "source": "osm",
        "last_verified_at": "2025-08-26T18:32:20.743Z",
        "verified_by": "ingest-agent"
      }
    },
    {
      "type": "Feature",
      "geometry": {
        "type": "Point",
        "coordinates": [
          -0.1484775,
          51.5422813
        ]
      },
      "properties": {
        "id": "osm_node_10208090099",
        "name": "Public Toilets",
        "hours": "24/7",
        "accessible": false,
        "fee": 50,
        "source": "osm",
        "last_verified_at": "2025-08-26T18:32:20.743Z",
        "verified_by": "ingest-agent"
      }
    },
    {
      "type": "Feature",
      "geometry": {
        "type": "Point",
        "coordinates": [
          -0.0474897,
          51.4976268
        ]
      },
      "properties": {
        "id": "osm_node_10219881986",
        "name": "Public Toilets",
        "hours": "24/7",
        "accessible": true,
        "fee": 0,
        "source": "osm",
        "last_verified_at": "2025-08-26T18:32:20.743Z",
        "verified_by": "ingest-agent"
      }
    },
    {
      "type": "Feature",
      "geometry": {
        "type": "Point",
        "coordinates": [
          -0.3406265,
          51.6240466
        ]
      },
      "properties": {
        "id": "osm_node_10244976851",
        "name": "Public Toilets",
        "hours": "24/7",
        "accessible": false,
        "fee": 0,
        "source": "osm",
        "last_verified_at": "2025-08-26T18:32:20.743Z",
        "verified_by": "ingest-agent"
      }
    },
    {
      "type": "Feature",
      "geometry": {
        "type": "Point",
        "coordinates": [
          0.0317297,
          51.4868307
        ]
      },
      "properties": {
        "id": "osm_node_10271288962",
        "name": "Public Toilets",
        "hours": "24/7",
        "accessible": false,
        "fee": 0,
        "source": "osm",
        "last_verified_at": "2025-08-26T18:32:20.743Z",
        "verified_by": "ingest-agent"
      }
    },
    {
      "type": "Feature",
      "geometry": {
        "type": "Point",
        "coordinates": [
          -0.452166,
          51.4711755
        ]
      },
      "properties": {
        "id": "osm_node_10276194516",
        "name": "Public Toilets",
        "hours": "24/7",
        "accessible": true,
        "fee": 0,
        "source": "osm",
        "last_verified_at": "2025-08-26T18:32:20.743Z",
        "verified_by": "ingest-agent"
      }
    },
    {
      "type": "Feature",
      "geometry": {
        "type": "Point",
        "coordinates": [
          -0.1942389,
          51.5015877
        ]
      },
      "properties": {
        "id": "osm_node_10284526318",
        "name": "Public Toilets",
        "hours": "24/7",
        "accessible": false,
        "fee": 0,
        "source": "osm",
        "last_verified_at": "2025-08-26T18:32:20.743Z",
        "verified_by": "ingest-agent"
      }
    },
    {
      "type": "Feature",
      "geometry": {
        "type": "Point",
        "coordinates": [
          -0.4494779,
          51.4690376
        ]
      },
      "properties": {
        "id": "osm_node_10289380503",
        "name": "Public Toilets",
        "hours": "24/7",
        "accessible": false,
        "fee": 0,
        "source": "osm",
        "last_verified_at": "2025-08-26T18:32:20.743Z",
        "verified_by": "ingest-agent"
      }
    },
    {
      "type": "Feature",
      "geometry": {
        "type": "Point",
        "coordinates": [
          -0.4494369,
          51.469027
        ]
      },
      "properties": {
        "id": "osm_node_10289380504",
        "name": "Public Toilets",
        "hours": "24/7",
        "accessible": false,
        "fee": 0,
        "source": "osm",
        "last_verified_at": "2025-08-26T18:32:20.743Z",
        "verified_by": "ingest-agent"
      }
    },
    {
      "type": "Feature",
      "geometry": {
        "type": "Point",
        "coordinates": [
          -0.0060567,
          51.5432863
        ]
      },
      "properties": {
        "id": "osm_node_10293535789",
        "name": "Public Toilets",
        "hours": "24/7",
        "accessible": false,
        "fee": 0,
        "source": "osm",
        "last_verified_at": "2025-08-26T18:32:20.743Z",
        "verified_by": "ingest-agent"
      }
    },
    {
      "type": "Feature",
      "geometry": {
        "type": "Point",
        "coordinates": [
          -0.0047449,
          51.5433729
        ]
      },
      "properties": {
        "id": "osm_node_10294904202",
        "name": "Public Toilets",
        "hours": "24/7",
        "accessible": true,
        "fee": 0,
        "source": "osm",
        "last_verified_at": "2025-08-26T18:32:20.743Z",
        "verified_by": "ingest-agent"
      }
    },
    {
      "type": "Feature",
      "geometry": {
        "type": "Point",
        "coordinates": [
          0.1212842,
          51.4912083
        ]
      },
      "properties": {
        "id": "osm_node_10314652909",
        "name": "Public Toilets",
        "hours": "24/7",
        "accessible": false,
        "fee": 0,
        "source": "osm",
        "last_verified_at": "2025-08-26T18:32:20.743Z",
        "verified_by": "ingest-agent"
      }
    },
    {
      "type": "Feature",
      "geometry": {
        "type": "Point",
        "coordinates": [
          -0.1922183,
          51.5481478
        ]
      },
      "properties": {
        "id": "osm_node_10568610277",
        "name": "Public Toilets",
        "hours": "24/7",
        "accessible": true,
        "fee": 0,
        "source": "osm",
        "last_verified_at": "2025-08-26T18:32:20.743Z",
        "verified_by": "ingest-agent"
      }
    },
    {
      "type": "Feature",
      "geometry": {
        "type": "Point",
        "coordinates": [
          -0.4429282,
          51.4710242
        ]
      },
      "properties": {
        "id": "osm_node_10588153351",
        "name": "Public Toilets",
        "hours": "24/7",
        "accessible": false,
        "fee": 0,
        "source": "osm",
        "last_verified_at": "2025-08-26T18:32:20.743Z",
        "verified_by": "ingest-agent"
      }
    },
    {
      "type": "Feature",
      "geometry": {
        "type": "Point",
        "coordinates": [
          0.2183783,
          51.6073084
        ]
      },
      "properties": {
        "id": "osm_node_10605794334",
        "name": "Public Toilets",
        "hours": "24/7",
        "accessible": true,
        "fee": 0,
        "source": "osm",
        "last_verified_at": "2025-08-26T18:32:20.743Z",
        "verified_by": "ingest-agent"
      }
    },
    {
      "type": "Feature",
      "geometry": {
        "type": "Point",
        "coordinates": [
          -0.2235735,
          51.4918148
        ]
      },
      "properties": {
        "id": "osm_node_10691722012",
        "name": "Public Toilets",
        "hours": "Mo-Sa 05:30-22:30; Su 07:00-22:30",
        "accessible": true,
        "fee": 50,
        "source": "osm",
        "last_verified_at": "2025-08-26T18:32:20.743Z",
        "verified_by": "ingest-agent"
      }
    },
    {
      "type": "Feature",
      "geometry": {
        "type": "Point",
        "coordinates": [
          -0.1287001,
          51.5087773
        ]
      },
      "properties": {
        "id": "osm_node_10699089647",
        "name": "Public Toilets",
        "hours": "24/7",
        "accessible": false,
        "fee": 0,
        "source": "osm",
        "last_verified_at": "2025-08-26T18:32:20.743Z",
        "verified_by": "ingest-agent"
      }
    },
    {
      "type": "Feature",
      "geometry": {
        "type": "Point",
        "coordinates": [
          -0.1505216,
          51.5310507
        ]
      },
      "properties": {
        "id": "osm_node_10699089659",
        "name": "Public Toilets",
        "hours": "24/7",
        "accessible": false,
        "fee": 0,
        "source": "osm",
        "last_verified_at": "2025-08-26T18:32:20.743Z",
        "verified_by": "ingest-agent"
      }
    },
    {
      "type": "Feature",
      "geometry": {
        "type": "Point",
        "coordinates": [
          -0.3362,
          51.557124
        ]
      },
      "properties": {
        "id": "osm_node_10721296868",
        "name": "Public Toilets",
        "hours": "24/7",
        "accessible": false,
        "fee": 0,
        "source": "osm",
        "last_verified_at": "2025-08-26T18:32:20.743Z",
        "verified_by": "ingest-agent"
      }
    },
    {
      "type": "Feature",
      "geometry": {
        "type": "Point",
        "coordinates": [
          -0.2696034,
          51.5073399
        ]
      },
      "properties": {
        "id": "osm_node_10744129569",
        "name": "Public Toilets",
        "hours": "24/7",
        "accessible": false,
        "fee": 0,
        "source": "osm",
        "last_verified_at": "2025-08-26T18:32:20.743Z",
        "verified_by": "ingest-agent"
      }
    },
    {
      "type": "Feature",
      "geometry": {
        "type": "Point",
        "coordinates": [
          -0.0466952,
          51.4953893
        ]
      },
      "properties": {
        "id": "osm_node_10745161073",
        "name": "Public Toilets",
        "hours": "24/7",
        "accessible": false,
        "fee": 0,
        "source": "osm",
        "last_verified_at": "2025-08-26T18:32:20.743Z",
        "verified_by": "ingest-agent"
      }
    },
    {
      "type": "Feature",
      "geometry": {
        "type": "Point",
        "coordinates": [
          -0.0938714,
          51.4682278
        ]
      },
      "properties": {
        "id": "osm_node_10753735271",
        "name": "Public Toilets",
        "hours": "24/7",
        "accessible": true,
        "fee": 0,
        "source": "osm",
        "last_verified_at": "2025-08-26T18:32:20.743Z",
        "verified_by": "ingest-agent"
      }
    },
    {
      "type": "Feature",
      "geometry": {
        "type": "Point",
        "coordinates": [
          -0.0940353,
          51.4681873
        ]
      },
      "properties": {
        "id": "osm_node_10753735272",
        "name": "Public Toilets",
        "hours": "24/7",
        "accessible": true,
        "fee": 0,
        "source": "osm",
        "last_verified_at": "2025-08-26T18:32:20.743Z",
        "verified_by": "ingest-agent"
      }
    },
    {
      "type": "Feature",
      "geometry": {
        "type": "Point",
        "coordinates": [
          0.0003123,
          51.5305393
        ]
      },
      "properties": {
        "id": "osm_node_10775067311",
        "name": "Public Toilets",
        "hours": "24/7",
        "accessible": false,
        "fee": 0,
        "source": "osm",
        "last_verified_at": "2025-08-26T18:32:20.743Z",
        "verified_by": "ingest-agent"
      }
    },
    {
      "type": "Feature",
      "geometry": {
        "type": "Point",
        "coordinates": [
          0.0452093,
          51.4893867
        ]
      },
      "properties": {
        "id": "osm_node_10776461369",
        "name": "Public Toilets",
        "hours": "24/7",
        "accessible": false,
        "fee": 0,
        "source": "osm",
        "last_verified_at": "2025-08-26T18:32:20.743Z",
        "verified_by": "ingest-agent"
      }
    },
    {
      "type": "Feature",
      "geometry": {
        "type": "Point",
        "coordinates": [
          0.0451657,
          51.4894109
        ]
      },
      "properties": {
        "id": "osm_node_10776461370",
        "name": "Public Toilets",
        "hours": "24/7",
        "accessible": false,
        "fee": 0,
        "source": "osm",
        "last_verified_at": "2025-08-26T18:32:20.743Z",
        "verified_by": "ingest-agent"
      }
    },
    {
      "type": "Feature",
      "geometry": {
        "type": "Point",
        "coordinates": [
          -0.2216863,
          51.5698613
        ]
      },
      "properties": {
        "id": "osm_node_10780450557",
        "name": "Public Toilets",
        "hours": "Mo-Su 10:00-19:00",
        "accessible": true,
        "fee": 0,
        "source": "osm",
        "last_verified_at": "2025-08-26T18:32:20.743Z",
        "verified_by": "ingest-agent"
      }
    },
    {
      "type": "Feature",
      "geometry": {
        "type": "Point",
        "coordinates": [
          -0.143773,
          51.4822429
        ]
      },
      "properties": {
        "id": "osm_node_10795396728",
        "name": "Public Toilets",
        "hours": "24/7",
        "accessible": true,
        "fee": 0,
        "source": "osm",
        "last_verified_at": "2025-08-26T18:32:20.743Z",
        "verified_by": "ingest-agent"
      }
    },
    {
      "type": "Feature",
      "geometry": {
        "type": "Point",
        "coordinates": [
          -0.0933234,
          51.5199306
        ]
      },
      "properties": {
        "id": "osm_node_10798970431",
        "name": "Public Toilets",
        "hours": "24/7",
        "accessible": false,
        "fee": 0,
        "source": "osm",
        "last_verified_at": "2025-08-26T18:32:20.743Z",
        "verified_by": "ingest-agent"
      }
    },
    {
      "type": "Feature",
      "geometry": {
        "type": "Point",
        "coordinates": [
          -0.2060948,
          51.4375245
        ]
      },
      "properties": {
        "id": "osm_node_10801355908",
        "name": "Public Toilets",
        "hours": "24/7",
        "accessible": false,
        "fee": 0,
        "source": "osm",
        "last_verified_at": "2025-08-26T18:32:20.743Z",
        "verified_by": "ingest-agent"
      }
    },
    {
      "type": "Feature",
      "geometry": {
        "type": "Point",
        "coordinates": [
          -0.0599533,
          51.569082
        ]
      },
      "properties": {
        "id": "osm_node_10801664622",
        "name": "Public Toilets",
        "hours": "24/7",
        "accessible": false,
        "fee": 0,
        "source": "osm",
        "last_verified_at": "2025-08-26T18:32:20.743Z",
        "verified_by": "ingest-agent"
      }
    },
    {
      "type": "Feature",
      "geometry": {
        "type": "Point",
        "coordinates": [
          -0.1524635,
          51.6345855
        ]
      },
      "properties": {
        "id": "osm_node_10805287419",
        "name": "Public Toilets",
        "hours": "24/7",
        "accessible": false,
        "fee": 0,
        "source": "osm",
        "last_verified_at": "2025-08-26T18:32:20.743Z",
        "verified_by": "ingest-agent"
      }
    },
    {
      "type": "Feature",
      "geometry": {
        "type": "Point",
        "coordinates": [
          -0.1577081,
          51.5359087
        ]
      },
      "properties": {
        "id": "osm_node_10816551519",
        "name": "Public Toilets",
        "hours": "24/7",
        "accessible": false,
        "fee": 0,
        "source": "osm",
        "last_verified_at": "2025-08-26T18:32:20.743Z",
        "verified_by": "ingest-agent"
      }
    },
    {
      "type": "Feature",
      "geometry": {
        "type": "Point",
        "coordinates": [
          -0.0180187,
          51.5290071
        ]
      },
      "properties": {
        "id": "osm_node_10819236561",
        "name": "Public Toilets",
        "hours": "24/7",
        "accessible": false,
        "fee": 0,
        "source": "osm",
        "last_verified_at": "2025-08-26T18:32:20.743Z",
        "verified_by": "ingest-agent"
      }
    },
    {
      "type": "Feature",
      "geometry": {
        "type": "Point",
        "coordinates": [
          0.0253625,
          51.4645819
        ]
      },
      "properties": {
        "id": "osm_node_10822821396",
        "name": "Public Toilets",
        "hours": "24/7",
        "accessible": false,
        "fee": 0,
        "source": "osm",
        "last_verified_at": "2025-08-26T18:32:20.743Z",
        "verified_by": "ingest-agent"
      }
    },
    {
      "type": "Feature",
      "geometry": {
        "type": "Point",
        "coordinates": [
          0.191102,
          51.5200437
        ]
      },
      "properties": {
        "id": "osm_node_10858781787",
        "name": "Public Toilets",
        "hours": "24/7",
        "accessible": false,
        "fee": 0,
        "source": "osm",
        "last_verified_at": "2025-08-26T18:32:20.743Z",
        "verified_by": "ingest-agent"
      }
    },
    {
      "type": "Feature",
      "geometry": {
        "type": "Point",
        "coordinates": [
          0.0667603,
          51.5215312
        ]
      },
      "properties": {
        "id": "osm_node_10875976967",
        "name": "Public Toilets",
        "hours": "24/7",
        "accessible": false,
        "fee": 0,
        "source": "osm",
        "last_verified_at": "2025-08-26T18:32:20.743Z",
        "verified_by": "ingest-agent"
      }
    },
    {
      "type": "Feature",
      "geometry": {
        "type": "Point",
        "coordinates": [
          0.1195499,
          51.4189825
        ]
      },
      "properties": {
        "id": "osm_node_10940225924",
        "name": "Public Toilets",
        "hours": "24/7",
        "accessible": false,
        "fee": 0,
        "source": "osm",
        "last_verified_at": "2025-08-26T18:32:20.743Z",
        "verified_by": "ingest-agent"
      }
    },
    {
      "type": "Feature",
      "geometry": {
        "type": "Point",
        "coordinates": [
          -0.1198641,
          51.4950787
        ]
      },
      "properties": {
        "id": "osm_node_10981567788",
        "name": "Public Toilets",
        "hours": "24/7",
        "accessible": true,
        "fee": 0,
        "source": "osm",
        "last_verified_at": "2025-08-26T18:32:20.743Z",
        "verified_by": "ingest-agent"
      }
    },
    {
      "type": "Feature",
      "geometry": {
        "type": "Point",
        "coordinates": [
          -0.1486158,
          51.5349774
        ]
      },
      "properties": {
        "id": "osm_node_10994805431",
        "name": "Public Toilets",
        "hours": "24/7",
        "accessible": true,
        "fee": 0,
        "source": "osm",
        "last_verified_at": "2025-08-26T18:32:20.743Z",
        "verified_by": "ingest-agent"
      }
    },
    {
      "type": "Feature",
      "geometry": {
        "type": "Point",
        "coordinates": [
          -0.1108348,
          51.3891401
        ]
      },
      "properties": {
        "id": "osm_node_10995777568",
        "name": "Public Toilets",
        "hours": "24/7",
        "accessible": true,
        "fee": 0,
        "source": "osm",
        "last_verified_at": "2025-08-26T18:32:20.743Z",
        "verified_by": "ingest-agent"
      }
    },
    {
      "type": "Feature",
      "geometry": {
        "type": "Point",
        "coordinates": [
          -0.1262858,
          51.535333
        ]
      },
      "properties": {
        "id": "osm_node_11008684675",
        "name": "Public Toilets",
        "hours": "24/7",
        "accessible": false,
        "fee": 0,
        "source": "osm",
        "last_verified_at": "2025-08-26T18:32:20.743Z",
        "verified_by": "ingest-agent"
      }
    },
    {
      "type": "Feature",
      "geometry": {
        "type": "Point",
        "coordinates": [
          -0.2318678,
          51.5983505
        ]
      },
      "properties": {
        "id": "osm_node_11017359687",
        "name": "Public Toilets",
        "hours": "24/7",
        "accessible": false,
        "fee": 0,
        "source": "osm",
        "last_verified_at": "2025-08-26T18:32:20.743Z",
        "verified_by": "ingest-agent"
      }
    },
    {
      "type": "Feature",
      "geometry": {
        "type": "Point",
        "coordinates": [
          -0.2317576,
          51.5983503
        ]
      },
      "properties": {
        "id": "osm_node_11019510527",
        "name": "Public Toilets",
        "hours": "24/7",
        "accessible": false,
        "fee": 0,
        "source": "osm",
        "last_verified_at": "2025-08-26T18:32:20.743Z",
        "verified_by": "ingest-agent"
      }
    },
    {
      "type": "Feature",
      "geometry": {
        "type": "Point",
        "coordinates": [
          -0.1257858,
          51.5222213
        ]
      },
      "properties": {
        "id": "osm_node_11030241005",
        "name": "Public Toilets",
        "hours": "24/7",
        "accessible": false,
        "fee": 0,
        "source": "osm",
        "last_verified_at": "2025-08-26T18:32:20.743Z",
        "verified_by": "ingest-agent"
      }
    },
    {
      "type": "Feature",
      "geometry": {
        "type": "Point",
        "coordinates": [
          -0.146958,
          51.542025
        ]
      },
      "properties": {
        "id": "osm_node_11035652705",
        "name": "Public Toilets",
        "hours": "24/7",
        "accessible": false,
        "fee": 0,
        "source": "osm",
        "last_verified_at": "2025-08-26T18:32:20.743Z",
        "verified_by": "ingest-agent"
      }
    },
    {
      "type": "Feature",
      "geometry": {
        "type": "Point",
        "coordinates": [
          -0.023762,
          51.5075659
        ]
      },
      "properties": {
        "id": "osm_node_11071583573",
        "name": "Public Toilets",
        "hours": "10:00-17:00",
        "accessible": false,
        "fee": 0,
        "source": "osm",
        "last_verified_at": "2025-08-26T18:32:20.743Z",
        "verified_by": "ingest-agent"
      }
    },
    {
      "type": "Feature",
      "geometry": {
        "type": "Point",
        "coordinates": [
          -0.0005859,
          51.4518223
        ]
      },
      "properties": {
        "id": "osm_node_11073520868",
        "name": "Public Toilets",
        "hours": "06:00-19:00",
        "accessible": false,
        "fee": 0,
        "source": "osm",
        "last_verified_at": "2025-08-26T18:32:20.743Z",
        "verified_by": "ingest-agent"
      }
    },
    {
      "type": "Feature",
      "geometry": {
        "type": "Point",
        "coordinates": [
          -0.1776613,
          51.5165083
        ]
      },
      "properties": {
        "id": "osm_node_11074686329",
        "name": "Public Toilets",
        "hours": "24/7",
        "accessible": false,
        "fee": 0,
        "source": "osm",
        "last_verified_at": "2025-08-26T18:32:20.743Z",
        "verified_by": "ingest-agent"
      }
    },
    {
      "type": "Feature",
      "geometry": {
        "type": "Point",
        "coordinates": [
          -0.3136687,
          51.4781426
        ]
      },
      "properties": {
        "id": "osm_node_11075001305",
        "name": "Public Toilets",
        "hours": "24/7",
        "accessible": false,
        "fee": 0,
        "source": "osm",
        "last_verified_at": "2025-08-26T18:32:20.743Z",
        "verified_by": "ingest-agent"
      }
    },
    {
      "type": "Feature",
      "geometry": {
        "type": "Point",
        "coordinates": [
          -0.0004493,
          51.5032807
        ]
      },
      "properties": {
        "id": "osm_node_11081872572",
        "name": "Public Toilets",
        "hours": "24/7",
        "accessible": false,
        "fee": 0,
        "source": "osm",
        "last_verified_at": "2025-08-26T18:32:20.743Z",
        "verified_by": "ingest-agent"
      }
    },
    {
      "type": "Feature",
      "geometry": {
        "type": "Point",
        "coordinates": [
          -0.0241186,
          51.4601596
        ]
      },
      "properties": {
        "id": "osm_node_11083957868",
        "name": "Public Toilets",
        "hours": "24/7",
        "accessible": true,
        "fee": 0,
        "source": "osm",
        "last_verified_at": "2025-08-26T18:32:20.743Z",
        "verified_by": "ingest-agent"
      }
    },
    {
      "type": "Feature",
      "geometry": {
        "type": "Point",
        "coordinates": [
          -0.1736491,
          51.5025132
        ]
      },
      "properties": {
        "id": "osm_node_11083960514",
        "name": "Public Toilets",
        "hours": "24/7",
        "accessible": false,
        "fee": 0,
        "source": "osm",
        "last_verified_at": "2025-08-26T18:32:20.743Z",
        "verified_by": "ingest-agent"
      }
    },
    {
      "type": "Feature",
      "geometry": {
        "type": "Point",
        "coordinates": [
          -0.0639502,
          51.4188237
        ]
      },
      "properties": {
        "id": "osm_node_11083961496",
        "name": "Public Toilets",
        "hours": "24/7",
        "accessible": false,
        "fee": 0,
        "source": "osm",
        "last_verified_at": "2025-08-26T18:32:20.743Z",
        "verified_by": "ingest-agent"
      }
    },
    {
      "type": "Feature",
      "geometry": {
        "type": "Point",
        "coordinates": [
          -0.0608841,
          51.4174865
        ]
      },
      "properties": {
        "id": "osm_node_11083989164",
        "name": "Public Toilets",
        "hours": "24/7",
        "accessible": false,
        "fee": 0,
        "source": "osm",
        "last_verified_at": "2025-08-26T18:32:20.743Z",
        "verified_by": "ingest-agent"
      }
    },
    {
      "type": "Feature",
      "geometry": {
        "type": "Point",
        "coordinates": [
          -0.0607472,
          51.4176294
        ]
      },
      "properties": {
        "id": "osm_node_11083991492",
        "name": "Public Toilets",
        "hours": "24/7",
        "accessible": false,
        "fee": 0,
        "source": "osm",
        "last_verified_at": "2025-08-26T18:32:20.743Z",
        "verified_by": "ingest-agent"
      }
    },
    {
      "type": "Feature",
      "geometry": {
        "type": "Point",
        "coordinates": [
          0.0007412,
          51.4768079
        ]
      },
      "properties": {
        "id": "osm_node_11083995327",
        "name": "Public Toilets",
        "hours": "\"check cafe opening hours\"",
        "accessible": false,
        "fee": 0,
        "source": "osm",
        "last_verified_at": "2025-08-26T18:32:20.743Z",
        "verified_by": "ingest-agent"
      }
    },
    {
      "type": "Feature",
      "geometry": {
        "type": "Point",
        "coordinates": [
          -0.2449056,
          51.38139
        ]
      },
      "properties": {
        "id": "osm_node_11093805372",
        "name": "Public Toilets",
        "hours": "24/7",
        "accessible": false,
        "fee": 0,
        "source": "osm",
        "last_verified_at": "2025-08-26T18:32:20.743Z",
        "verified_by": "ingest-agent"
      }
    },
    {
      "type": "Feature",
      "geometry": {
        "type": "Point",
        "coordinates": [
          -0.0189262,
          51.50247
        ]
      },
      "properties": {
        "id": "osm_node_11109932006",
        "name": "Jubilee Place Toilets",
        "hours": "24/7",
        "accessible": true,
        "fee": 0,
        "source": "osm",
        "last_verified_at": "2025-08-26T18:32:20.743Z",
        "verified_by": "ingest-agent"
      }
    },
    {
      "type": "Feature",
      "geometry": {
        "type": "Point",
        "coordinates": [
          -0.0141665,
          51.5043699
        ]
      },
      "properties": {
        "id": "osm_node_11109932009",
        "name": "Baby Change",
        "hours": "24/7",
        "accessible": true,
        "fee": 0,
        "source": "osm",
        "last_verified_at": "2025-08-26T18:32:20.743Z",
        "verified_by": "ingest-agent"
      }
    },
    {
      "type": "Feature",
      "geometry": {
        "type": "Point",
        "coordinates": [
          -0.0200149,
          51.5055197
        ]
      },
      "properties": {
        "id": "osm_node_11110587499",
        "name": "Public Toilets",
        "hours": "24/7",
        "accessible": true,
        "fee": 0,
        "source": "osm",
        "last_verified_at": "2025-08-26T18:32:20.743Z",
        "verified_by": "ingest-agent"
      }
    },
    {
      "type": "Feature",
      "geometry": {
        "type": "Point",
        "coordinates": [
          0.114166,
          51.4812551
        ]
      },
      "properties": {
        "id": "osm_node_11112857785",
        "name": "Public Toilets",
        "hours": "24/7",
        "accessible": false,
        "fee": 0,
        "source": "osm",
        "last_verified_at": "2025-08-26T18:32:20.743Z",
        "verified_by": "ingest-agent"
      }
    },
    {
      "type": "Feature",
      "geometry": {
        "type": "Point",
        "coordinates": [
          0.0167449,
          51.404538
        ]
      },
      "properties": {
        "id": "osm_node_11114256896",
        "name": "Public Toilets",
        "hours": "24/7",
        "accessible": true,
        "fee": 0,
        "source": "osm",
        "last_verified_at": "2025-08-26T18:32:20.743Z",
        "verified_by": "ingest-agent"
      }
    },
    {
      "type": "Feature",
      "geometry": {
        "type": "Point",
        "coordinates": [
          -0.008843,
          51.5559763
        ]
      },
      "properties": {
        "id": "osm_node_11115701982",
        "name": "Public Toilets",
        "hours": "24/7",
        "accessible": false,
        "fee": 0,
        "source": "osm",
        "last_verified_at": "2025-08-26T18:32:20.743Z",
        "verified_by": "ingest-agent"
      }
    },
    {
      "type": "Feature",
      "geometry": {
        "type": "Point",
        "coordinates": [
          -0.0889423,
          51.4898743
        ]
      },
      "properties": {
        "id": "osm_node_11143987815",
        "name": "Dawes Street",
        "hours": "Tu-Fr 07:30-17:30",
        "accessible": false,
        "fee": 0,
        "source": "osm",
        "last_verified_at": "2025-08-26T18:32:20.743Z",
        "verified_by": "ingest-agent"
      }
    },
    {
      "type": "Feature",
      "geometry": {
        "type": "Point",
        "coordinates": [
          -0.1189239,
          51.5243642
        ]
      },
      "properties": {
        "id": "osm_node_11146069081",
        "name": "Public Toilets",
        "hours": "24/7",
        "accessible": false,
        "fee": 0,
        "source": "osm",
        "last_verified_at": "2025-08-26T18:32:20.743Z",
        "verified_by": "ingest-agent"
      }
    },
    {
      "type": "Feature",
      "geometry": {
        "type": "Point",
        "coordinates": [
          0.1158984,
          51.5191512
        ]
      },
      "properties": {
        "id": "osm_node_11148199972",
        "name": "Public Toilets",
        "hours": "24/7",
        "accessible": true,
        "fee": 0,
        "source": "osm",
        "last_verified_at": "2025-08-26T18:32:20.743Z",
        "verified_by": "ingest-agent"
      }
    },
    {
      "type": "Feature",
      "geometry": {
        "type": "Point",
        "coordinates": [
          0.0274891,
          51.5082878
        ]
      },
      "properties": {
        "id": "osm_node_11149801756",
        "name": "Public Toilets",
        "hours": "24/7",
        "accessible": true,
        "fee": 0,
        "source": "osm",
        "last_verified_at": "2025-08-26T18:32:20.743Z",
        "verified_by": "ingest-agent"
      }
    },
    {
      "type": "Feature",
      "geometry": {
        "type": "Point",
        "coordinates": [
          0.0304763,
          51.5082611
        ]
      },
      "properties": {
        "id": "osm_node_11149801761",
        "name": "Public Toilets",
        "hours": "24/7",
        "accessible": true,
        "fee": 0,
        "source": "osm",
        "last_verified_at": "2025-08-26T18:32:20.743Z",
        "verified_by": "ingest-agent"
      }
    },
    {
      "type": "Feature",
      "geometry": {
        "type": "Point",
        "coordinates": [
          0.0320856,
          51.5082612
        ]
      },
      "properties": {
        "id": "osm_node_11149801766",
        "name": "Public Toilets",
        "hours": "24/7",
        "accessible": true,
        "fee": 0,
        "source": "osm",
        "last_verified_at": "2025-08-26T18:32:20.743Z",
        "verified_by": "ingest-agent"
      }
    },
    {
      "type": "Feature",
      "geometry": {
        "type": "Point",
        "coordinates": [
          0.0288271,
          51.5082708
        ]
      },
      "properties": {
        "id": "osm_node_11149801772",
        "name": "Public Toilets",
        "hours": "24/7",
        "accessible": true,
        "fee": 0,
        "source": "osm",
        "last_verified_at": "2025-08-26T18:32:20.743Z",
        "verified_by": "ingest-agent"
      }
    },
    {
      "type": "Feature",
      "geometry": {
        "type": "Point",
        "coordinates": [
          -0.4204357,
          51.5032046
        ]
      },
      "properties": {
        "id": "osm_node_11150685616",
        "name": "Station toilets (Platform 4)",
        "hours": "24/7",
        "accessible": true,
        "fee": 0,
        "source": "osm",
        "last_verified_at": "2025-08-26T18:32:20.743Z",
        "verified_by": "ingest-agent"
      }
    },
    {
      "type": "Feature",
      "geometry": {
        "type": "Point",
        "coordinates": [
          -0.098715,
          51.4985796
        ]
      },
      "properties": {
        "id": "osm_node_11162933890",
        "name": "Public Toilets",
        "hours": "24/7",
        "accessible": false,
        "fee": 0,
        "source": "osm",
        "last_verified_at": "2025-08-26T18:32:20.743Z",
        "verified_by": "ingest-agent"
      }
    },
    {
      "type": "Feature",
      "geometry": {
        "type": "Point",
        "coordinates": [
          -0.0980808,
          51.4936008
        ]
      },
      "properties": {
        "id": "osm_node_11163031241",
        "name": "Public Toilets",
        "hours": "24/7",
        "accessible": false,
        "fee": 0,
        "source": "osm",
        "last_verified_at": "2025-08-26T18:32:20.743Z",
        "verified_by": "ingest-agent"
      }
    },
    {
      "type": "Feature",
      "geometry": {
        "type": "Point",
        "coordinates": [
          0.0183424,
          51.3999854
        ]
      },
      "properties": {
        "id": "osm_node_11197588863",
        "name": "Public Toilets",
        "hours": "24/7",
        "accessible": true,
        "fee": 50,
        "source": "osm",
        "last_verified_at": "2025-08-26T18:32:20.743Z",
        "verified_by": "ingest-agent"
      }
    },
    {
      "type": "Feature",
      "geometry": {
        "type": "Point",
        "coordinates": [
          0.0167985,
          51.4052748
        ]
      },
      "properties": {
        "id": "osm_node_11197699503",
        "name": "Public Toilets",
        "hours": "24/7",
        "accessible": true,
        "fee": 0,
        "source": "osm",
        "last_verified_at": "2025-08-26T18:32:20.743Z",
        "verified_by": "ingest-agent"
      }
    },
    {
      "type": "Feature",
      "geometry": {
        "type": "Point",
        "coordinates": [
          -0.0092885,
          51.4827103
        ]
      },
      "properties": {
        "id": "osm_node_11197951161",
        "name": "Public Toilets",
        "hours": "24/7",
        "accessible": false,
        "fee": 0,
        "source": "osm",
        "last_verified_at": "2025-08-26T18:32:20.743Z",
        "verified_by": "ingest-agent"
      }
    },
    {
      "type": "Feature",
      "geometry": {
        "type": "Point",
        "coordinates": [
          -0.1191459,
          51.5026633
        ]
      },
      "properties": {
        "id": "osm_node_11200482437",
        "name": "Public Toilets",
        "hours": "24/7",
        "accessible": false,
        "fee": 0,
        "source": "osm",
        "last_verified_at": "2025-08-26T18:32:20.743Z",
        "verified_by": "ingest-agent"
      }
    },
    {
      "type": "Feature",
      "geometry": {
        "type": "Point",
        "coordinates": [
          -0.0052558,
          51.4811604
        ]
      },
      "properties": {
        "id": "osm_node_11210635529",
        "name": "Public Toilets",
        "hours": "24/7",
        "accessible": true,
        "fee": 0,
        "source": "osm",
        "last_verified_at": "2025-08-26T18:32:20.743Z",
        "verified_by": "ingest-agent"
      }
    },
    {
      "type": "Feature",
      "geometry": {
        "type": "Point",
        "coordinates": [
          -0.266856,
          51.5169707
        ]
      },
      "properties": {
        "id": "osm_node_11219730498",
        "name": "Public Toilets",
        "hours": "24/7",
        "accessible": true,
        "fee": 0,
        "source": "osm",
        "last_verified_at": "2025-08-26T18:32:20.743Z",
        "verified_by": "ingest-agent"
      }
    },
    {
      "type": "Feature",
      "geometry": {
        "type": "Point",
        "coordinates": [
          -0.3015376,
          51.5150033
        ]
      },
      "properties": {
        "id": "osm_node_11220555564",
        "name": "Public Toilets",
        "hours": "24/7",
        "accessible": false,
        "fee": 0,
        "source": "osm",
        "last_verified_at": "2025-08-26T18:32:20.743Z",
        "verified_by": "ingest-agent"
      }
    },
    {
      "type": "Feature",
      "geometry": {
        "type": "Point",
        "coordinates": [
          -0.4868503,
          51.4702432
        ]
      },
      "properties": {
        "id": "osm_node_11247569544",
        "name": "Public Toilets",
        "hours": "24/7",
        "accessible": false,
        "fee": 0,
        "source": "osm",
        "last_verified_at": "2025-08-26T18:32:20.743Z",
        "verified_by": "ingest-agent"
      }
    },
    {
      "type": "Feature",
      "geometry": {
        "type": "Point",
        "coordinates": [
          -0.1939541,
          51.6505185
        ]
      },
      "properties": {
        "id": "osm_node_11247857099",
        "name": "Public Toilets",
        "hours": "24/7",
        "accessible": false,
        "fee": 0,
        "source": "osm",
        "last_verified_at": "2025-08-26T18:32:20.743Z",
        "verified_by": "ingest-agent"
      }
    },
    {
      "type": "Feature",
      "geometry": {
        "type": "Point",
        "coordinates": [
          -0.1360057,
          51.5032889
        ]
      },
      "properties": {
        "id": "osm_node_11264428271",
        "name": "Public Toilets",
        "hours": "24/7",
        "accessible": true,
        "fee": 20,
        "source": "osm",
        "last_verified_at": "2025-08-26T18:32:20.743Z",
        "verified_by": "ingest-agent"
      }
    },
    {
      "type": "Feature",
      "geometry": {
        "type": "Point",
        "coordinates": [
          -0.1193641,
          51.5028217
        ]
      },
      "properties": {
        "id": "osm_node_11264813369",
        "name": "Public Toilets",
        "hours": "24/7",
        "accessible": false,
        "fee": 0,
        "source": "osm",
        "last_verified_at": "2025-08-26T18:32:20.743Z",
        "verified_by": "ingest-agent"
      }
    },
    {
      "type": "Feature",
      "geometry": {
        "type": "Point",
        "coordinates": [
          -0.4811712,
          51.4719828
        ]
      },
      "properties": {
        "id": "osm_node_11295786292",
        "name": "Public Toilets",
        "hours": "24/7",
        "accessible": true,
        "fee": 0,
        "source": "osm",
        "last_verified_at": "2025-08-26T18:32:20.743Z",
        "verified_by": "ingest-agent"
      }
    },
    {
      "type": "Feature",
      "geometry": {
        "type": "Point",
        "coordinates": [
          -0.2063052,
          51.4214931
        ]
      },
      "properties": {
        "id": "osm_node_11327784378",
        "name": "Public Toilets",
        "hours": "24/7",
        "accessible": true,
        "fee": 0,
        "source": "osm",
        "last_verified_at": "2025-08-26T18:32:20.743Z",
        "verified_by": "ingest-agent"
      }
    },
    {
      "type": "Feature",
      "geometry": {
        "type": "Point",
        "coordinates": [
          -0.0275598,
          51.477745
        ]
      },
      "properties": {
        "id": "osm_node_11330011417",
        "name": "Public Toilets",
        "hours": "Mo-Fr 09:00-15:00; Sa 10:00-15:00",
        "accessible": true,
        "fee": 0,
        "source": "osm",
        "last_verified_at": "2025-08-26T18:32:20.743Z",
        "verified_by": "ingest-agent"
      }
    },
    {
      "type": "Feature",
      "geometry": {
        "type": "Point",
        "coordinates": [
          -0.0248024,
          51.4777709
        ]
      },
      "properties": {
        "id": "osm_node_11330011418",
        "name": "Public Toilets",
        "hours": "Mo-Fr 09:00-19:00 Sat 09:00-17:00",
        "accessible": false,
        "fee": 0,
        "source": "osm",
        "last_verified_at": "2025-08-26T18:32:20.743Z",
        "verified_by": "ingest-agent"
      }
    },
    {
      "type": "Feature",
      "geometry": {
        "type": "Point",
        "coordinates": [
          -0.1276252,
          51.4910161
        ]
      },
      "properties": {
        "id": "osm_node_11343081254",
        "name": "Public Toilets",
        "hours": "24/7",
        "accessible": true,
        "fee": 0,
        "source": "osm",
        "last_verified_at": "2025-08-26T18:32:20.743Z",
        "verified_by": "ingest-agent"
      }
    },
    {
      "type": "Feature",
      "geometry": {
        "type": "Point",
        "coordinates": [
          -0.1263016,
          51.5139625
        ]
      },
      "properties": {
        "id": "osm_node_11348824549",
        "name": "Public Toilets",
        "hours": "24/7",
        "accessible": false,
        "fee": 0,
        "source": "osm",
        "last_verified_at": "2025-08-26T18:32:20.743Z",
        "verified_by": "ingest-agent"
      }
    },
    {
      "type": "Feature",
      "geometry": {
        "type": "Point",
        "coordinates": [
          0.0483536,
          51.4808361
        ]
      },
      "properties": {
        "id": "osm_node_11361938708",
        "name": "Public Toilets",
        "hours": "24/7",
        "accessible": false,
        "fee": 0,
        "source": "osm",
        "last_verified_at": "2025-08-26T18:32:20.743Z",
        "verified_by": "ingest-agent"
      }
    },
    {
      "type": "Feature",
      "geometry": {
        "type": "Point",
        "coordinates": [
          -0.1534631,
          51.533899
        ]
      },
      "properties": {
        "id": "osm_node_11387550349",
        "name": "Public Toilets",
        "hours": "24/7",
        "accessible": false,
        "fee": 0,
        "source": "osm",
        "last_verified_at": "2025-08-26T18:32:20.743Z",
        "verified_by": "ingest-agent"
      }
    },
    {
      "type": "Feature",
      "geometry": {
        "type": "Point",
        "coordinates": [
          -0.1533825,
          51.5361429
        ]
      },
      "properties": {
        "id": "osm_node_11387574481",
        "name": "Public Toilets",
        "hours": "24/7",
        "accessible": true,
        "fee": 0,
        "source": "osm",
        "last_verified_at": "2025-08-26T18:32:20.743Z",
        "verified_by": "ingest-agent"
      }
    },
    {
      "type": "Feature",
      "geometry": {
        "type": "Point",
        "coordinates": [
          -0.1516408,
          51.533901
        ]
      },
      "properties": {
        "id": "osm_node_11388500928",
        "name": "Public Toilets",
        "hours": "24/7",
        "accessible": false,
        "fee": 0,
        "source": "osm",
        "last_verified_at": "2025-08-26T18:32:20.743Z",
        "verified_by": "ingest-agent"
      }
    },
    {
      "type": "Feature",
      "geometry": {
        "type": "Point",
        "coordinates": [
          -0.1560915,
          51.5352648
        ]
      },
      "properties": {
        "id": "osm_node_11388531770",
        "name": "Public Toilets",
        "hours": "24/7",
        "accessible": false,
        "fee": 0,
        "source": "osm",
        "last_verified_at": "2025-08-26T18:32:20.743Z",
        "verified_by": "ingest-agent"
      }
    },
    {
      "type": "Feature",
      "geometry": {
        "type": "Point",
        "coordinates": [
          -0.0571583,
          51.5436812
        ]
      },
      "properties": {
        "id": "osm_node_11391697958",
        "name": "Public Toilets",
        "hours": "24/7",
        "accessible": true,
        "fee": 0,
        "source": "osm",
        "last_verified_at": "2025-08-26T18:32:20.743Z",
        "verified_by": "ingest-agent"
      }
    },
    {
      "type": "Feature",
      "geometry": {
        "type": "Point",
        "coordinates": [
          -0.389606,
          51.5063358
        ]
      },
      "properties": {
        "id": "osm_node_11436031609",
        "name": "Public Toilets",
        "hours": "24/7",
        "accessible": false,
        "fee": 0,
        "source": "osm",
        "last_verified_at": "2025-08-26T18:32:20.743Z",
        "verified_by": "ingest-agent"
      }
    },
    {
      "type": "Feature",
      "geometry": {
        "type": "Point",
        "coordinates": [
          -0.2095249,
          51.5254068
        ]
      },
      "properties": {
        "id": "osm_node_11482488670",
        "name": "Public Toilets",
        "hours": "24/7",
        "accessible": false,
        "fee": 0,
        "source": "osm",
        "last_verified_at": "2025-08-26T18:32:20.743Z",
        "verified_by": "ingest-agent"
      }
    },
    {
      "type": "Feature",
      "geometry": {
        "type": "Point",
        "coordinates": [
          -0.237211,
          51.5162648
        ]
      },
      "properties": {
        "id": "osm_node_11559951132",
        "name": "Public Toilets",
        "hours": "24/7",
        "accessible": false,
        "fee": 0,
        "source": "osm",
        "last_verified_at": "2025-08-26T18:32:20.743Z",
        "verified_by": "ingest-agent"
      }
    },
    {
      "type": "Feature",
      "geometry": {
        "type": "Point",
        "coordinates": [
          0.0079664,
          51.4763659
        ]
      },
      "properties": {
        "id": "osm_node_11708708471",
        "name": "Maze Hill Toilets",
        "hours": "Mo-Su 08:00-18:00",
        "accessible": true,
        "fee": 0,
        "source": "osm",
        "last_verified_at": "2025-08-26T18:32:20.743Z",
        "verified_by": "ingest-agent"
      }
    },
    {
      "type": "Feature",
      "geometry": {
        "type": "Point",
        "coordinates": [
          -0.2352363,
          51.4748422
        ]
      },
      "properties": {
        "id": "osm_node_11741445147",
        "name": "Public Toilets",
        "hours": "24/7",
        "accessible": true,
        "fee": 0,
        "source": "osm",
        "last_verified_at": "2025-08-26T18:32:20.743Z",
        "verified_by": "ingest-agent"
      }
    },
    {
      "type": "Feature",
      "geometry": {
        "type": "Point",
        "coordinates": [
          -0.2304368,
          51.4753902
        ]
      },
      "properties": {
        "id": "osm_node_11741445148",
        "name": "Public Toilets",
        "hours": "24/7",
        "accessible": false,
        "fee": 0,
        "source": "osm",
        "last_verified_at": "2025-08-26T18:32:20.743Z",
        "verified_by": "ingest-agent"
      }
    },
    {
      "type": "Feature",
      "geometry": {
        "type": "Point",
        "coordinates": [
          -0.2565461,
          51.4362681
        ]
      },
      "properties": {
        "id": "osm_node_11741484410",
        "name": "Public Toilets",
        "hours": "24/7",
        "accessible": false,
        "fee": 50,
        "source": "osm",
        "last_verified_at": "2025-08-26T18:32:20.743Z",
        "verified_by": "ingest-agent"
      }
    },
    {
      "type": "Feature",
      "geometry": {
        "type": "Point",
        "coordinates": [
          -0.1758517,
          51.4968061
        ]
      },
      "properties": {
        "id": "osm_node_11763635968",
        "name": "Public Toilets",
        "hours": "24/7",
        "accessible": true,
        "fee": 0,
        "source": "osm",
        "last_verified_at": "2025-08-26T18:32:20.743Z",
        "verified_by": "ingest-agent"
      }
    },
    {
      "type": "Feature",
      "geometry": {
        "type": "Point",
        "coordinates": [
          0.0500292,
          51.5036606
        ]
      },
      "properties": {
        "id": "osm_node_11772125094",
        "name": "Public Toilets",
        "hours": "24/7",
        "accessible": false,
        "fee": 0,
        "source": "osm",
        "last_verified_at": "2025-08-26T18:32:20.743Z",
        "verified_by": "ingest-agent"
      }
    },
    {
      "type": "Feature",
      "geometry": {
        "type": "Point",
        "coordinates": [
          0.0522719,
          51.5037273
        ]
      },
      "properties": {
        "id": "osm_node_11772125095",
        "name": "Public Toilets",
        "hours": "24/7",
        "accessible": false,
        "fee": 0,
        "source": "osm",
        "last_verified_at": "2025-08-26T18:32:20.743Z",
        "verified_by": "ingest-agent"
      }
    },
    {
      "type": "Feature",
      "geometry": {
        "type": "Point",
        "coordinates": [
          -0.0061478,
          51.4828439
        ]
      },
      "properties": {
        "id": "osm_node_11816748599",
        "name": "Public Toilets",
        "hours": "24/7",
        "accessible": false,
        "fee": 0,
        "source": "osm",
        "last_verified_at": "2025-08-26T18:32:20.744Z",
        "verified_by": "ingest-agent"
      }
    },
    {
      "type": "Feature",
      "geometry": {
        "type": "Point",
        "coordinates": [
          -0.2994266,
          51.5407539
        ]
      },
      "properties": {
        "id": "osm_node_11829379775",
        "name": "Public Toilets",
        "hours": "Mo-Su 07:00-19:00",
        "accessible": false,
        "fee": 0,
        "source": "osm",
        "last_verified_at": "2025-08-26T18:32:20.744Z",
        "verified_by": "ingest-agent"
      }
    },
    {
      "type": "Feature",
      "geometry": {
        "type": "Point",
        "coordinates": [
          -0.1465473,
          51.4822693
        ]
      },
      "properties": {
        "id": "osm_node_11832782811",
        "name": "Public Toilets",
        "hours": "24/7",
        "accessible": false,
        "fee": 0,
        "source": "osm",
        "last_verified_at": "2025-08-26T18:32:20.744Z",
        "verified_by": "ingest-agent"
      }
    },
    {
      "type": "Feature",
      "geometry": {
        "type": "Point",
        "coordinates": [
          -0.2324296,
          51.529392
        ]
      },
      "properties": {
        "id": "osm_node_11838323476",
        "name": "Public Toilets",
        "hours": "24/7",
        "accessible": false,
        "fee": 0,
        "source": "osm",
        "last_verified_at": "2025-08-26T18:32:20.744Z",
        "verified_by": "ingest-agent"
      }
    },
    {
      "type": "Feature",
      "geometry": {
        "type": "Point",
        "coordinates": [
          -0.2309173,
          51.5280632
        ]
      },
      "properties": {
        "id": "osm_node_11838355326",
        "name": "Public Toilets",
        "hours": "Sa 09:00-13:00 Su 11:00-15:00",
        "accessible": false,
        "fee": 0,
        "source": "osm",
        "last_verified_at": "2025-08-26T18:32:20.744Z",
        "verified_by": "ingest-agent"
      }
    },
    {
      "type": "Feature",
      "geometry": {
        "type": "Point",
        "coordinates": [
          -0.2919531,
          51.4989371
        ]
      },
      "properties": {
        "id": "osm_node_11863040811",
        "name": "Public Toilets",
        "hours": "24/7",
        "accessible": false,
        "fee": 0,
        "source": "osm",
        "last_verified_at": "2025-08-26T18:32:20.744Z",
        "verified_by": "ingest-agent"
      }
    },
    {
      "type": "Feature",
      "geometry": {
        "type": "Point",
        "coordinates": [
          -0.0905702,
          51.5110712
        ]
      },
      "properties": {
        "id": "osm_node_11866295817",
        "name": "Public Toilets",
        "hours": "24/7",
        "accessible": false,
        "fee": 0,
        "source": "osm",
        "last_verified_at": "2025-08-26T18:32:20.744Z",
        "verified_by": "ingest-agent"
      }
    },
    {
      "type": "Feature",
      "geometry": {
        "type": "Point",
        "coordinates": [
          -0.1454651,
          51.4814386
        ]
      },
      "properties": {
        "id": "osm_node_11867212665",
        "name": "Public Toilets",
        "hours": "24/7",
        "accessible": false,
        "fee": 0,
        "source": "osm",
        "last_verified_at": "2025-08-26T18:32:20.744Z",
        "verified_by": "ingest-agent"
      }
    },
    {
      "type": "Feature",
      "geometry": {
        "type": "Point",
        "coordinates": [
          -0.0287147,
          51.5052333
        ]
      },
      "properties": {
        "id": "osm_node_11899240948",
        "name": "Public Toilets",
        "hours": "24/7",
        "accessible": false,
        "fee": 0,
        "source": "osm",
        "last_verified_at": "2025-08-26T18:32:20.744Z",
        "verified_by": "ingest-agent"
      }
    },
    {
      "type": "Feature",
      "geometry": {
        "type": "Point",
        "coordinates": [
          -0.0286905,
          51.5051966
        ]
      },
      "properties": {
        "id": "osm_node_11899240949",
        "name": "Public Toilets",
        "hours": "24/7",
        "accessible": false,
        "fee": 0,
        "source": "osm",
        "last_verified_at": "2025-08-26T18:32:20.744Z",
        "verified_by": "ingest-agent"
      }
    },
    {
      "type": "Feature",
      "geometry": {
        "type": "Point",
        "coordinates": [
          -0.0186278,
          51.5062453
        ]
      },
      "properties": {
        "id": "osm_node_11919196912",
        "name": "Crossrail Place Toilets",
        "hours": "24/7",
        "accessible": false,
        "fee": 0,
        "source": "osm",
        "last_verified_at": "2025-08-26T18:32:20.744Z",
        "verified_by": "ingest-agent"
      }
    },
    {
      "type": "Feature",
      "geometry": {
        "type": "Point",
        "coordinates": [
          -0.0759426,
          51.5072763
        ]
      },
      "properties": {
        "id": "osm_node_11942067115",
        "name": "Public Toilets",
        "hours": "24/7",
        "accessible": true,
        "fee": 0,
        "source": "osm",
        "last_verified_at": "2025-08-26T18:32:20.744Z",
        "verified_by": "ingest-agent"
      }
    },
    {
      "type": "Feature",
      "geometry": {
        "type": "Point",
        "coordinates": [
          -0.0752773,
          51.5074166
        ]
      },
      "properties": {
        "id": "osm_node_11942067283",
        "name": "Public Toilets",
        "hours": "24/7",
        "accessible": false,
        "fee": 0,
        "source": "osm",
        "last_verified_at": "2025-08-26T18:32:20.744Z",
        "verified_by": "ingest-agent"
      }
    },
    {
      "type": "Feature",
      "geometry": {
        "type": "Point",
        "coordinates": [
          -0.2401435,
          51.5973268
        ]
      },
      "properties": {
        "id": "osm_node_11952376341",
        "name": "Public Toilets",
        "hours": "24/7",
        "accessible": false,
        "fee": 0,
        "source": "osm",
        "last_verified_at": "2025-08-26T18:32:20.744Z",
        "verified_by": "ingest-agent"
      }
    },
    {
      "type": "Feature",
      "geometry": {
        "type": "Point",
        "coordinates": [
          -0.1141246,
          51.5031937
        ]
      },
      "properties": {
        "id": "osm_node_12033233365",
        "name": "Public Toilets",
        "hours": "24/7",
        "accessible": true,
        "fee": 0,
        "source": "osm",
        "last_verified_at": "2025-08-26T18:32:20.744Z",
        "verified_by": "ingest-agent"
      }
    },
    {
      "type": "Feature",
      "geometry": {
        "type": "Point",
        "coordinates": [
          -0.1381908,
          51.5081428
        ]
      },
      "properties": {
        "id": "osm_node_12043262869",
        "name": "Public Toilets",
        "hours": "Mo-Sa 10:00-20:00",
        "accessible": false,
        "fee": 0,
        "source": "osm",
        "last_verified_at": "2025-08-26T18:32:20.744Z",
        "verified_by": "ingest-agent"
      }
    },
    {
      "type": "Feature",
      "geometry": {
        "type": "Point",
        "coordinates": [
          -0.1429031,
          51.540038
        ]
      },
      "properties": {
        "id": "osm_node_12048865599",
        "name": "Public Toilets",
        "hours": "24/7",
        "accessible": false,
        "fee": 0,
        "source": "osm",
        "last_verified_at": "2025-08-26T18:32:20.744Z",
        "verified_by": "ingest-agent"
      }
    },
    {
      "type": "Feature",
      "geometry": {
        "type": "Point",
        "coordinates": [
          -0.1701664,
          51.4633987
        ]
      },
      "properties": {
        "id": "osm_node_12052450687",
        "name": "Public Toilets",
        "hours": "Mo-Sa 06:30-23:00; Su 07:00-23:00",
        "accessible": true,
        "fee": 0,
        "source": "osm",
        "last_verified_at": "2025-08-26T18:32:20.744Z",
        "verified_by": "ingest-agent"
      }
    },
    {
      "type": "Feature",
      "geometry": {
        "type": "Point",
        "coordinates": [
          -0.1570225,
          51.6052923
        ]
      },
      "properties": {
        "id": "osm_node_12054694453",
        "name": "Public Toilets",
        "hours": "24/7",
        "accessible": true,
        "fee": 0,
        "source": "osm",
        "last_verified_at": "2025-08-26T18:32:20.744Z",
        "verified_by": "ingest-agent"
      }
    },
    {
      "type": "Feature",
      "geometry": {
        "type": "Point",
        "coordinates": [
          -0.1688212,
          51.5991345
        ]
      },
      "properties": {
        "id": "osm_node_12054694454",
        "name": "Public Toilets",
        "hours": "24/7",
        "accessible": true,
        "fee": 0,
        "source": "osm",
        "last_verified_at": "2025-08-26T18:32:20.744Z",
        "verified_by": "ingest-agent"
      }
    },
    {
      "type": "Feature",
      "geometry": {
        "type": "Point",
        "coordinates": [
          -0.1711405,
          51.6007734
        ]
      },
      "properties": {
        "id": "osm_node_12054694455",
        "name": "Public Toilets",
        "hours": "24/7",
        "accessible": false,
        "fee": 0,
        "source": "osm",
        "last_verified_at": "2025-08-26T18:32:20.744Z",
        "verified_by": "ingest-agent"
      }
    },
    {
      "type": "Feature",
      "geometry": {
        "type": "Point",
        "coordinates": [
          -0.1815731,
          51.5920455
        ]
      },
      "properties": {
        "id": "osm_node_12054854290",
        "name": "Public Toilets",
        "hours": "24/7",
        "accessible": false,
        "fee": 0,
        "source": "osm",
        "last_verified_at": "2025-08-26T18:32:20.744Z",
        "verified_by": "ingest-agent"
      }
    },
    {
      "type": "Feature",
      "geometry": {
        "type": "Point",
        "coordinates": [
          -0.1943676,
          51.5967301
        ]
      },
      "properties": {
        "id": "osm_node_12057238008",
        "name": "Public Toilets",
        "hours": "24/7",
        "accessible": false,
        "fee": 0,
        "source": "osm",
        "last_verified_at": "2025-08-26T18:32:20.744Z",
        "verified_by": "ingest-agent"
      }
    },
    {
      "type": "Feature",
      "geometry": {
        "type": "Point",
        "coordinates": [
          -0.4822505,
          51.5460429
        ]
      },
      "properties": {
        "id": "osm_node_12096414258",
        "name": "Public Toilets",
        "hours": "24/7",
        "accessible": false,
        "fee": 0,
        "source": "osm",
        "last_verified_at": "2025-08-26T18:32:20.744Z",
        "verified_by": "ingest-agent"
      }
    },
    {
      "type": "Feature",
      "geometry": {
        "type": "Point",
        "coordinates": [
          -0.1116312,
          51.4521718
        ]
      },
      "properties": {
        "id": "osm_node_12102717487",
        "name": "Public Toilets",
        "hours": "24/7",
        "accessible": false,
        "fee": 0,
        "source": "osm",
        "last_verified_at": "2025-08-26T18:32:20.744Z",
        "verified_by": "ingest-agent"
      }
    },
    {
      "type": "Feature",
      "geometry": {
        "type": "Point",
        "coordinates": [
          -0.141299,
          51.4977096
        ]
      },
      "properties": {
        "id": "osm_node_12103116883",
        "name": "Public Toilets",
        "hours": "Mo-Fr 09:00-17:00",
        "accessible": true,
        "fee": 0,
        "source": "osm",
        "last_verified_at": "2025-08-26T18:32:20.744Z",
        "verified_by": "ingest-agent"
      }
    },
    {
      "type": "Feature",
      "geometry": {
        "type": "Point",
        "coordinates": [
          -0.1775841,
          51.4962305
        ]
      },
      "properties": {
        "id": "osm_node_12116796392",
        "name": "Public Toilets",
        "hours": "24/7",
        "accessible": true,
        "fee": 0,
        "source": "osm",
        "last_verified_at": "2025-08-26T18:32:20.744Z",
        "verified_by": "ingest-agent"
      }
    },
    {
      "type": "Feature",
      "geometry": {
        "type": "Point",
        "coordinates": [
          -0.0843186,
          51.4836466
        ]
      },
      "properties": {
        "id": "osm_node_12135958695",
        "name": "Public Toilets",
        "hours": "24/7",
        "accessible": true,
        "fee": 0,
        "source": "osm",
        "last_verified_at": "2025-08-26T18:32:20.744Z",
        "verified_by": "ingest-agent"
      }
    },
    {
      "type": "Feature",
      "geometry": {
        "type": "Point",
        "coordinates": [
          -0.0456341,
          51.4949176
        ]
      },
      "properties": {
        "id": "osm_node_12138682277",
        "name": "Public Toilets",
        "hours": "24/7",
        "accessible": true,
        "fee": 0,
        "source": "osm",
        "last_verified_at": "2025-08-26T18:32:20.744Z",
        "verified_by": "ingest-agent"
      }
    },
    {
      "type": "Feature",
      "geometry": {
        "type": "Point",
        "coordinates": [
          -0.1667787,
          51.5716313
        ]
      },
      "properties": {
        "id": "osm_node_12139648704",
        "name": "Public Toilets",
        "hours": "24/7",
        "accessible": false,
        "fee": 0,
        "source": "osm",
        "last_verified_at": "2025-08-26T18:32:20.744Z",
        "verified_by": "ingest-agent"
      }
    },
    {
      "type": "Feature",
      "geometry": {
        "type": "Point",
        "coordinates": [
          -0.3201178,
          51.4262815
        ]
      },
      "properties": {
        "id": "osm_node_12171830135",
        "name": "Public Toilets",
        "hours": "24/7",
        "accessible": false,
        "fee": 0,
        "source": "osm",
        "last_verified_at": "2025-08-26T18:32:20.744Z",
        "verified_by": "ingest-agent"
      }
    },
    {
      "type": "Feature",
      "geometry": {
        "type": "Point",
        "coordinates": [
          -0.0540135,
          51.419176
        ]
      },
      "properties": {
        "id": "osm_node_12178206027",
        "name": "Public Toilets",
        "hours": "24/7",
        "accessible": true,
        "fee": 0,
        "source": "osm",
        "last_verified_at": "2025-08-26T18:32:20.744Z",
        "verified_by": "ingest-agent"
      }
    },
    {
      "type": "Feature",
      "geometry": {
        "type": "Point",
        "coordinates": [
          -0.0541136,
          51.4191955
        ]
      },
      "properties": {
        "id": "osm_node_12178206028",
        "name": "Public Toilets",
        "hours": "24/7",
        "accessible": true,
        "fee": 0,
        "source": "osm",
        "last_verified_at": "2025-08-26T18:32:20.744Z",
        "verified_by": "ingest-agent"
      }
    },
    {
      "type": "Feature",
      "geometry": {
        "type": "Point",
        "coordinates": [
          -0.3424875,
          51.4210247
        ]
      },
      "properties": {
        "id": "osm_node_12183519732",
        "name": "Public Toilets",
        "hours": "24/7",
        "accessible": false,
        "fee": 0,
        "source": "osm",
        "last_verified_at": "2025-08-26T18:32:20.744Z",
        "verified_by": "ingest-agent"
      }
    },
    {
      "type": "Feature",
      "geometry": {
        "type": "Point",
        "coordinates": [
          0.0574062,
          51.514637
        ]
      },
      "properties": {
        "id": "osm_node_12183823872",
        "name": "Public Toilets",
        "hours": "24/7",
        "accessible": false,
        "fee": 0,
        "source": "osm",
        "last_verified_at": "2025-08-26T18:32:20.744Z",
        "verified_by": "ingest-agent"
      }
    },
    {
      "type": "Feature",
      "geometry": {
        "type": "Point",
        "coordinates": [
          -0.1188217,
          51.5011808
        ]
      },
      "properties": {
        "id": "osm_node_12183994717",
        "name": "Public Toilets",
        "hours": "24/7",
        "accessible": false,
        "fee": 0,
        "source": "osm",
        "last_verified_at": "2025-08-26T18:32:20.744Z",
        "verified_by": "ingest-agent"
      }
    },
    {
      "type": "Feature",
      "geometry": {
        "type": "Point",
        "coordinates": [
          -0.0724465,
          51.5204263
        ]
      },
      "properties": {
        "id": "osm_node_12185383193",
        "name": "Public Toilets",
        "hours": "24/7",
        "accessible": false,
        "fee": 0,
        "source": "osm",
        "last_verified_at": "2025-08-26T18:32:20.744Z",
        "verified_by": "ingest-agent"
      }
    },
    {
      "type": "Feature",
      "geometry": {
        "type": "Point",
        "coordinates": [
          -0.1279377,
          51.5297846
        ]
      },
      "properties": {
        "id": "osm_node_12197556262",
        "name": "Public Toilets",
        "hours": "24/7",
        "accessible": false,
        "fee": 0,
        "source": "osm",
        "last_verified_at": "2025-08-26T18:32:20.744Z",
        "verified_by": "ingest-agent"
      }
    },
    {
      "type": "Feature",
      "geometry": {
        "type": "Point",
        "coordinates": [
          -0.1047522,
          51.5197783
        ]
      },
      "properties": {
        "id": "osm_node_12207193490",
        "name": "Public Toilets",
        "hours": "24/7",
        "accessible": false,
        "fee": 0,
        "source": "osm",
        "last_verified_at": "2025-08-26T18:32:20.744Z",
        "verified_by": "ingest-agent"
      }
    },
    {
      "type": "Feature",
      "geometry": {
        "type": "Point",
        "coordinates": [
          -0.0789691,
          51.511708
        ]
      },
      "properties": {
        "id": "osm_node_12222287877",
        "name": "Public Toilets",
        "hours": "24/7",
        "accessible": false,
        "fee": 0,
        "source": "osm",
        "last_verified_at": "2025-08-26T18:32:20.744Z",
        "verified_by": "ingest-agent"
      }
    },
    {
      "type": "Feature",
      "geometry": {
        "type": "Point",
        "coordinates": [
          -0.1105386,
          51.5965132
        ]
      },
      "properties": {
        "id": "osm_node_12233241519",
        "name": "Public Toilets",
        "hours": "Mo-Sa 07:00-23:00; Su 11:00-17:00",
        "accessible": false,
        "fee": 0,
        "source": "osm",
        "last_verified_at": "2025-08-26T18:32:20.744Z",
        "verified_by": "ingest-agent"
      }
    },
    {
      "type": "Feature",
      "geometry": {
        "type": "Point",
        "coordinates": [
          -0.148517,
          51.4582868
        ]
      },
      "properties": {
        "id": "osm_node_12248007385",
        "name": "Public Toilets",
        "hours": "24/7",
        "accessible": true,
        "fee": 0,
        "source": "osm",
        "last_verified_at": "2025-08-26T18:32:20.744Z",
        "verified_by": "ingest-agent"
      }
    },
    {
      "type": "Feature",
      "geometry": {
        "type": "Point",
        "coordinates": [
          -0.1570117,
          51.4814342
        ]
      },
      "properties": {
        "id": "osm_node_12250550961",
        "name": "Public Toilets",
        "hours": "24/7",
        "accessible": false,
        "fee": 0,
        "source": "osm",
        "last_verified_at": "2025-08-26T18:32:20.744Z",
        "verified_by": "ingest-agent"
      }
    },
    {
      "type": "Feature",
      "geometry": {
        "type": "Point",
        "coordinates": [
          -0.1428988,
          51.5066023
        ]
      },
      "properties": {
        "id": "osm_node_12279370541",
        "name": "Public Toilets",
        "hours": "24/7",
        "accessible": false,
        "fee": 50,
        "source": "osm",
        "last_verified_at": "2025-08-26T18:32:20.744Z",
        "verified_by": "ingest-agent"
      }
    },
    {
      "type": "Feature",
      "geometry": {
        "type": "Point",
        "coordinates": [
          -0.1428386,
          51.5066287
        ]
      },
      "properties": {
        "id": "osm_node_12279370580",
        "name": "Public Toilets",
        "hours": "24/7",
        "accessible": false,
        "fee": 50,
        "source": "osm",
        "last_verified_at": "2025-08-26T18:32:20.744Z",
        "verified_by": "ingest-agent"
      }
    },
    {
      "type": "Feature",
      "geometry": {
        "type": "Point",
        "coordinates": [
          -0.135462,
          51.5092463
        ]
      },
      "properties": {
        "id": "osm_node_12307747122",
        "name": "Public Toilets",
        "hours": "24/7",
        "accessible": false,
        "fee": 0,
        "source": "osm",
        "last_verified_at": "2025-08-26T18:32:20.744Z",
        "verified_by": "ingest-agent"
      }
    },
    {
      "type": "Feature",
      "geometry": {
        "type": "Point",
        "coordinates": [
          -0.1437695,
          51.5399745
        ]
      },
      "properties": {
        "id": "osm_node_12309412523",
        "name": "Public Toilets",
        "hours": "24/7",
        "accessible": false,
        "fee": 0,
        "source": "osm",
        "last_verified_at": "2025-08-26T18:32:20.744Z",
        "verified_by": "ingest-agent"
      }
    },
    {
      "type": "Feature",
      "geometry": {
        "type": "Point",
        "coordinates": [
          -0.1265705,
          51.5088394
        ]
      },
      "properties": {
        "id": "osm_node_12309412524",
        "name": "Public Toilets",
        "hours": "24/7",
        "accessible": false,
        "fee": 0,
        "source": "osm",
        "last_verified_at": "2025-08-26T18:32:20.744Z",
        "verified_by": "ingest-agent"
      }
    },
    {
      "type": "Feature",
      "geometry": {
        "type": "Point",
        "coordinates": [
          -0.1402597,
          51.5135181
        ]
      },
      "properties": {
        "id": "osm_node_12310155959",
        "name": "Public Toilets",
        "hours": "24/7",
        "accessible": false,
        "fee": 0,
        "source": "osm",
        "last_verified_at": "2025-08-26T18:32:20.744Z",
        "verified_by": "ingest-agent"
      }
    },
    {
      "type": "Feature",
      "geometry": {
        "type": "Point",
        "coordinates": [
          -0.0031906,
          51.5414861
        ]
      },
      "properties": {
        "id": "osm_node_12311501320",
        "name": "Public Toilets",
        "hours": "24/7",
        "accessible": true,
        "fee": 0,
        "source": "osm",
        "last_verified_at": "2025-08-26T18:32:20.744Z",
        "verified_by": "ingest-agent"
      }
    },
    {
      "type": "Feature",
      "geometry": {
        "type": "Point",
        "coordinates": [
          0.0061417,
          51.5869849
        ]
      },
      "properties": {
        "id": "osm_node_12311730416",
        "name": "Public Toilets",
        "hours": "24/7",
        "accessible": true,
        "fee": 0,
        "source": "osm",
        "last_verified_at": "2025-08-26T18:32:20.744Z",
        "verified_by": "ingest-agent"
      }
    },
    {
      "type": "Feature",
      "geometry": {
        "type": "Point",
        "coordinates": [
          -0.0955317,
          51.4661513
        ]
      },
      "properties": {
        "id": "osm_node_12324121917",
        "name": "Public Toilets",
        "hours": "24/7",
        "accessible": true,
        "fee": 0,
        "source": "osm",
        "last_verified_at": "2025-08-26T18:32:20.744Z",
        "verified_by": "ingest-agent"
      }
    },
    {
      "type": "Feature",
      "geometry": {
        "type": "Point",
        "coordinates": [
          -0.1171325,
          51.5883656
        ]
      },
      "properties": {
        "id": "osm_node_12324835519",
        "name": "Public Toilets",
        "hours": "Mo-Sa 08:00-22:00; Su 11:00-17:00",
        "accessible": true,
        "fee": 0,
        "source": "osm",
        "last_verified_at": "2025-08-26T18:32:20.744Z",
        "verified_by": "ingest-agent"
      }
    },
    {
      "type": "Feature",
      "geometry": {
        "type": "Point",
        "coordinates": [
          -0.2577352,
          51.4843119
        ]
      },
      "properties": {
        "id": "osm_node_12327267706",
        "name": "Public Toilets",
        "hours": "24/7",
        "accessible": false,
        "fee": 0,
        "source": "osm",
        "last_verified_at": "2025-08-26T18:32:20.744Z",
        "verified_by": "ingest-agent"
      }
    },
    {
      "type": "Feature",
      "geometry": {
        "type": "Point",
        "coordinates": [
          -0.120406,
          51.5819878
        ]
      },
      "properties": {
        "id": "osm_node_12329797218",
        "name": "Bus Driver Facilities",
        "hours": "24/7",
        "accessible": false,
        "fee": 0,
        "source": "osm",
        "last_verified_at": "2025-08-26T18:32:20.744Z",
        "verified_by": "ingest-agent"
      }
    },
    {
      "type": "Feature",
      "geometry": {
        "type": "Point",
        "coordinates": [
          -0.0532672,
          51.5469692
        ]
      },
      "properties": {
        "id": "osm_node_12336682129",
        "name": "Public Toilets",
        "hours": "24/7",
        "accessible": false,
        "fee": 0,
        "source": "osm",
        "last_verified_at": "2025-08-26T18:32:20.744Z",
        "verified_by": "ingest-agent"
      }
    },
    {
      "type": "Feature",
      "geometry": {
        "type": "Point",
        "coordinates": [
          -0.027094,
          51.4565783
        ]
      },
      "properties": {
        "id": "osm_node_12346229131",
        "name": "Public Toilets",
        "hours": "Mo-Su 10:00-15:45",
        "accessible": true,
        "fee": 0,
        "source": "osm",
        "last_verified_at": "2025-08-26T18:32:20.744Z",
        "verified_by": "ingest-agent"
      }
    },
    {
      "type": "Feature",
      "geometry": {
        "type": "Point",
        "coordinates": [
          -0.0722012,
          51.5205737
        ]
      },
      "properties": {
        "id": "osm_node_12350657827",
        "name": "Public Toilets",
        "hours": "24/7",
        "accessible": true,
        "fee": 0,
        "source": "osm",
        "last_verified_at": "2025-08-26T18:32:20.744Z",
        "verified_by": "ingest-agent"
      }
    },
    {
      "type": "Feature",
      "geometry": {
        "type": "Point",
        "coordinates": [
          0.0448821,
          51.5579292
        ]
      },
      "properties": {
        "id": "osm_node_12368227643",
        "name": "Public Toilets",
        "hours": "24/7",
        "accessible": false,
        "fee": 0,
        "source": "osm",
        "last_verified_at": "2025-08-26T18:32:20.744Z",
        "verified_by": "ingest-agent"
      }
    },
    {
      "type": "Feature",
      "geometry": {
        "type": "Point",
        "coordinates": [
          -0.1494371,
          51.6517771
        ]
      },
      "properties": {
        "id": "osm_node_12389246292",
        "name": "Cockfosters Men's Toilets",
        "hours": "24/7",
        "accessible": false,
        "fee": 0,
        "source": "osm",
        "last_verified_at": "2025-08-26T18:32:20.744Z",
        "verified_by": "ingest-agent"
      }
    },
    {
      "type": "Feature",
      "geometry": {
        "type": "Point",
        "coordinates": [
          0.0170667,
          51.634619
        ]
      },
      "properties": {
        "id": "osm_node_12398691750",
        "name": "Public Toilets",
        "hours": "24/7",
        "accessible": true,
        "fee": 0,
        "source": "osm",
        "last_verified_at": "2025-08-26T18:32:20.744Z",
        "verified_by": "ingest-agent"
      }
    },
    {
      "type": "Feature",
      "geometry": {
        "type": "Point",
        "coordinates": [
          -0.0751641,
          51.5828525
        ]
      },
      "properties": {
        "id": "osm_node_12401731039",
        "name": "Public Toilets",
        "hours": "24/7",
        "accessible": false,
        "fee": 0,
        "source": "osm",
        "last_verified_at": "2025-08-26T18:32:20.744Z",
        "verified_by": "ingest-agent"
      }
    },
    {
      "type": "Feature",
      "geometry": {
        "type": "Point",
        "coordinates": [
          0.075358,
          51.4489381
        ]
      },
      "properties": {
        "id": "osm_node_12423409615",
        "name": "Public Toilets",
        "hours": "24/7",
        "accessible": false,
        "fee": 0,
        "source": "osm",
        "last_verified_at": "2025-08-26T18:32:20.744Z",
        "verified_by": "ingest-agent"
      }
    },
    {
      "type": "Feature",
      "geometry": {
        "type": "Point",
        "coordinates": [
          0.0753875,
          51.4489398
        ]
      },
      "properties": {
        "id": "osm_node_12423409616",
        "name": "Public Toilets",
        "hours": "24/7",
        "accessible": false,
        "fee": 0,
        "source": "osm",
        "last_verified_at": "2025-08-26T18:32:20.744Z",
        "verified_by": "ingest-agent"
      }
    },
    {
      "type": "Feature",
      "geometry": {
        "type": "Point",
        "coordinates": [
          -0.0225513,
          51.5418321
        ]
      },
      "properties": {
        "id": "osm_node_12424752195",
        "name": "Public Toilets",
        "hours": "24/7",
        "accessible": false,
        "fee": 0,
        "source": "osm",
        "last_verified_at": "2025-08-26T18:32:20.744Z",
        "verified_by": "ingest-agent"
      }
    },
    {
      "type": "Feature",
      "geometry": {
        "type": "Point",
        "coordinates": [
          -0.4432764,
          51.4700431
        ]
      },
      "properties": {
        "id": "osm_node_12459472026",
        "name": "Public Toilets",
        "hours": "24/7",
        "accessible": false,
        "fee": 0,
        "source": "osm",
        "last_verified_at": "2025-08-26T18:32:20.744Z",
        "verified_by": "ingest-agent"
      }
    },
    {
      "type": "Feature",
      "geometry": {
        "type": "Point",
        "coordinates": [
          -0.1351658,
          51.541176
        ]
      },
      "properties": {
        "id": "osm_node_12486844164",
        "name": "Public Toilets",
        "hours": "24/7",
        "accessible": true,
        "fee": 0,
        "source": "osm",
        "last_verified_at": "2025-08-26T18:32:20.744Z",
        "verified_by": "ingest-agent"
      }
    },
    {
      "type": "Feature",
      "geometry": {
        "type": "Point",
        "coordinates": [
          -0.1267647,
          51.5193607
        ]
      },
      "properties": {
        "id": "osm_node_12492681001",
        "name": "Public Toilets",
        "hours": "24/7",
        "accessible": false,
        "fee": 0,
        "source": "osm",
        "last_verified_at": "2025-08-26T18:32:20.744Z",
        "verified_by": "ingest-agent"
      }
    },
    {
      "type": "Feature",
      "geometry": {
        "type": "Point",
        "coordinates": [
          -0.2457027,
          51.5463192
        ]
      },
      "properties": {
        "id": "osm_node_12498732563",
        "name": "Public Toilets",
        "hours": "8:00 - 16:00",
        "accessible": false,
        "fee": 0,
        "source": "osm",
        "last_verified_at": "2025-08-26T18:32:20.744Z",
        "verified_by": "ingest-agent"
      }
    },
    {
      "type": "Feature",
      "geometry": {
        "type": "Point",
        "coordinates": [
          -0.2376476,
          51.5439546
        ]
      },
      "properties": {
        "id": "osm_node_12498736640",
        "name": "Public Toilets",
        "hours": "24/7",
        "accessible": false,
        "fee": 0,
        "source": "osm",
        "last_verified_at": "2025-08-26T18:32:20.744Z",
        "verified_by": "ingest-agent"
      }
    },
    {
      "type": "Feature",
      "geometry": {
        "type": "Point",
        "coordinates": [
          0.1030561,
          51.6015427
        ]
      },
      "properties": {
        "id": "osm_node_12512063544",
        "name": "Public Toilets",
        "hours": "24/7",
        "accessible": false,
        "fee": 0,
        "source": "osm",
        "last_verified_at": "2025-08-26T18:32:20.744Z",
        "verified_by": "ingest-agent"
      }
    },
    {
      "type": "Feature",
      "geometry": {
        "type": "Point",
        "coordinates": [
          -0.2724795,
          51.6058394
        ]
      },
      "properties": {
        "id": "osm_node_12538755472",
        "name": "Public Toilets",
        "hours": "24/7",
        "accessible": false,
        "fee": 0,
        "source": "osm",
        "last_verified_at": "2025-08-26T18:32:20.744Z",
        "verified_by": "ingest-agent"
      }
    },
    {
      "type": "Feature",
      "geometry": {
        "type": "Point",
        "coordinates": [
          -0.0231886,
          51.5011581
        ]
      },
      "properties": {
        "id": "osm_node_12547728600",
        "name": "Public Toilets",
        "hours": "24/7",
        "accessible": false,
        "fee": 0,
        "source": "osm",
        "last_verified_at": "2025-08-26T18:32:20.744Z",
        "verified_by": "ingest-agent"
      }
    },
    {
      "type": "Feature",
      "geometry": {
        "type": "Point",
        "coordinates": [
          -0.0727651,
          51.5208242
        ]
      },
      "properties": {
        "id": "osm_node_12552151418",
        "name": "Public Toilets",
        "hours": "24/7",
        "accessible": false,
        "fee": 0,
        "source": "osm",
        "last_verified_at": "2025-08-26T18:32:20.744Z",
        "verified_by": "ingest-agent"
      }
    },
    {
      "type": "Feature",
      "geometry": {
        "type": "Point",
        "coordinates": [
          -0.4571518,
          51.4698343
        ]
      },
      "properties": {
        "id": "osm_node_12567446088",
        "name": "Public Toilets",
        "hours": "24/7",
        "accessible": true,
        "fee": 0,
        "source": "osm",
        "last_verified_at": "2025-08-26T18:32:20.744Z",
        "verified_by": "ingest-agent"
      }
    },
    {
      "type": "Feature",
      "geometry": {
        "type": "Point",
        "coordinates": [
          -0.0081133,
          51.4827412
        ]
      },
      "properties": {
        "id": "osm_node_12609649901",
        "name": "Public Toilets",
        "hours": "24/7",
        "accessible": false,
        "fee": 0,
        "source": "osm",
        "last_verified_at": "2025-08-26T18:32:20.744Z",
        "verified_by": "ingest-agent"
      }
    },
    {
      "type": "Feature",
      "geometry": {
        "type": "Point",
        "coordinates": [
          -0.3239555,
          51.4315195
        ]
      },
      "properties": {
        "id": "osm_node_12622865663",
        "name": "Public Toilets",
        "hours": "24/7",
        "accessible": false,
        "fee": 0,
        "source": "osm",
        "last_verified_at": "2025-08-26T18:32:20.744Z",
        "verified_by": "ingest-agent"
      }
    },
    {
      "type": "Feature",
      "geometry": {
        "type": "Point",
        "coordinates": [
          -0.1029795,
          51.5114577
        ]
      },
      "properties": {
        "id": "osm_node_12662996350",
        "name": "Public Toilets",
        "hours": "24/7",
        "accessible": false,
        "fee": 0,
        "source": "osm",
        "last_verified_at": "2025-08-26T18:32:20.744Z",
        "verified_by": "ingest-agent"
      }
    },
    {
      "type": "Feature",
      "geometry": {
        "type": "Point",
        "coordinates": [
          -0.0178333,
          51.5276561
        ]
      },
      "properties": {
        "id": "osm_node_12672651857",
        "name": "Public Toilets",
        "hours": "24/7",
        "accessible": false,
        "fee": 0,
        "source": "osm",
        "last_verified_at": "2025-08-26T18:32:20.744Z",
        "verified_by": "ingest-agent"
      }
    },
    {
      "type": "Feature",
      "geometry": {
        "type": "Point",
        "coordinates": [
          -0.0304691,
          51.5234741
        ]
      },
      "properties": {
        "id": "osm_node_12696079874",
        "name": "Public Toilets",
        "hours": "24/7",
        "accessible": true,
        "fee": 0,
        "source": "osm",
        "last_verified_at": "2025-08-26T18:32:20.744Z",
        "verified_by": "ingest-agent"
      }
    },
    {
      "type": "Feature",
      "geometry": {
        "type": "Point",
        "coordinates": [
          -0.4093135,
          51.6005466
        ]
      },
      "properties": {
        "id": "osm_node_12700377255",
        "name": "Public Toilets",
        "hours": "24/7",
        "accessible": false,
        "fee": 0,
        "source": "osm",
        "last_verified_at": "2025-08-26T18:32:20.744Z",
        "verified_by": "ingest-agent"
      }
    },
    {
      "type": "Feature",
      "geometry": {
        "type": "Point",
        "coordinates": [
          -0.0133886,
          51.4780958
        ]
      },
      "properties": {
        "id": "osm_node_12710341810",
        "name": "Public Toilets",
        "hours": "24/7",
        "accessible": false,
        "fee": 0,
        "source": "osm",
        "last_verified_at": "2025-08-26T18:32:20.744Z",
        "verified_by": "ingest-agent"
      }
    },
    {
      "type": "Feature",
      "geometry": {
        "type": "Point",
        "coordinates": [
          -0.072744,
          51.5067348
        ]
      },
      "properties": {
        "id": "osm_node_12712824643",
        "name": "Public Toilets",
        "hours": "24/7",
        "accessible": true,
        "fee": 0,
        "source": "osm",
        "last_verified_at": "2025-08-26T18:32:20.744Z",
        "verified_by": "ingest-agent"
      }
    },
    {
      "type": "Feature",
      "geometry": {
        "type": "Point",
        "coordinates": [
          -0.0727687,
          51.5068413
        ]
      },
      "properties": {
        "id": "osm_node_12712824644",
        "name": "Public Toilets",
        "hours": "24/7",
        "accessible": false,
        "fee": 0,
        "source": "osm",
        "last_verified_at": "2025-08-26T18:32:20.744Z",
        "verified_by": "ingest-agent"
      }
    },
    {
      "type": "Feature",
      "geometry": {
        "type": "Point",
        "coordinates": [
          -0.0268127,
          51.5442484
        ]
      },
      "properties": {
        "id": "osm_node_12713758973",
        "name": "Public Toilets",
        "hours": "24/7",
        "accessible": false,
        "fee": 0,
        "source": "osm",
        "last_verified_at": "2025-08-26T18:32:20.744Z",
        "verified_by": "ingest-agent"
      }
    },
    {
      "type": "Feature",
      "geometry": {
        "type": "Point",
        "coordinates": [
          -0.0854704,
          51.5045257
        ]
      },
      "properties": {
        "id": "osm_node_12714591431",
        "name": "Public Toilets",
        "hours": "24/7",
        "accessible": false,
        "fee": 0,
        "source": "osm",
        "last_verified_at": "2025-08-26T18:32:20.744Z",
        "verified_by": "ingest-agent"
      }
    },
    {
      "type": "Feature",
      "geometry": {
        "type": "Point",
        "coordinates": [
          0.0749013,
          51.5507917
        ]
      },
      "properties": {
        "id": "osm_node_12716980881",
        "name": "Public Toilets",
        "hours": "24/7",
        "accessible": true,
        "fee": 0,
        "source": "osm",
        "last_verified_at": "2025-08-26T18:32:20.744Z",
        "verified_by": "ingest-agent"
      }
    },
    {
      "type": "Feature",
      "geometry": {
        "type": "Point",
        "coordinates": [
          -0.4761979,
          51.4717348
        ]
      },
      "properties": {
        "id": "osm_node_12722599533",
        "name": "Public Toilets",
        "hours": "24/7",
        "accessible": false,
        "fee": 0,
        "source": "osm",
        "last_verified_at": "2025-08-26T18:32:20.744Z",
        "verified_by": "ingest-agent"
      }
    },
    {
      "type": "Feature",
      "geometry": {
        "type": "Point",
        "coordinates": [
          -0.4760453,
          51.4717305
        ]
      },
      "properties": {
        "id": "osm_node_12722633992",
        "name": "Public Toilets",
        "hours": "24/7",
        "accessible": false,
        "fee": 0,
        "source": "osm",
        "last_verified_at": "2025-08-26T18:32:20.744Z",
        "verified_by": "ingest-agent"
      }
    },
    {
      "type": "Feature",
      "geometry": {
        "type": "Point",
        "coordinates": [
          -0.1158555,
          51.4970633
        ]
      },
      "properties": {
        "id": "osm_node_12722637460",
        "name": "Public Toilets",
        "hours": "24/7",
        "accessible": false,
        "fee": 0,
        "source": "osm",
        "last_verified_at": "2025-08-26T18:32:20.744Z",
        "verified_by": "ingest-agent"
      }
    },
    {
      "type": "Feature",
      "geometry": {
        "type": "Point",
        "coordinates": [
          0.0373153,
          51.5028144
        ]
      },
      "properties": {
        "id": "osm_node_12758356830",
        "name": "Public Toilets",
        "hours": "24/7",
        "accessible": false,
        "fee": 0,
        "source": "osm",
        "last_verified_at": "2025-08-26T18:32:20.744Z",
        "verified_by": "ingest-agent"
      }
    },
    {
      "type": "Feature",
      "geometry": {
        "type": "Point",
        "coordinates": [
          -0.2939405,
          51.4839525
        ]
      },
      "properties": {
        "id": "osm_node_12790540570",
        "name": "Public Toilets",
        "hours": "24/7",
        "accessible": true,
        "fee": 0,
        "source": "osm",
        "last_verified_at": "2025-08-26T18:32:20.744Z",
        "verified_by": "ingest-agent"
      }
    },
    {
      "type": "Feature",
      "geometry": {
        "type": "Point",
        "coordinates": [
          -0.2942093,
          51.4838738
        ]
      },
      "properties": {
        "id": "osm_node_12790540571",
        "name": "Public Toilets",
        "hours": "24/7",
        "accessible": false,
        "fee": 0,
        "source": "osm",
        "last_verified_at": "2025-08-26T18:32:20.744Z",
        "verified_by": "ingest-agent"
      }
    },
    {
      "type": "Feature",
      "geometry": {
        "type": "Point",
        "coordinates": [
          -0.2940801,
          51.4838641
        ]
      },
      "properties": {
        "id": "osm_node_12790540572",
        "name": "Public Toilets",
        "hours": "24/7",
        "accessible": true,
        "fee": 0,
        "source": "osm",
        "last_verified_at": "2025-08-26T18:32:20.744Z",
        "verified_by": "ingest-agent"
      }
    },
    {
      "type": "Feature",
      "geometry": {
        "type": "Point",
        "coordinates": [
          -0.141414,
          51.5155534
        ]
      },
      "properties": {
        "id": "osm_node_12817708461",
        "name": "Public Toilets",
        "hours": "Mo-Sa 10:00-20:00; Su 12:00-18:00",
        "accessible": true,
        "fee": 0,
        "source": "osm",
        "last_verified_at": "2025-08-26T18:32:20.744Z",
        "verified_by": "ingest-agent"
      }
    },
    {
      "type": "Feature",
      "geometry": {
        "type": "Point",
        "coordinates": [
          -0.3369819,
          51.5804955
        ]
      },
      "properties": {
        "id": "osm_node_12823751673",
        "name": "Public Toilets",
        "hours": "24/7",
        "accessible": true,
        "fee": 0,
        "source": "osm",
        "last_verified_at": "2025-08-26T18:32:20.744Z",
        "verified_by": "ingest-agent"
      }
    },
    {
      "type": "Feature",
      "geometry": {
        "type": "Point",
        "coordinates": [
          -0.12924,
          51.5087141
        ]
      },
      "properties": {
        "id": "osm_node_12855147394",
        "name": "Public Toilets",
        "hours": "24/7",
        "accessible": false,
        "fee": 0,
        "source": "osm",
        "last_verified_at": "2025-08-26T18:32:20.744Z",
        "verified_by": "ingest-agent"
      }
    },
    {
      "type": "Feature",
      "geometry": {
        "type": "Point",
        "coordinates": [
          -0.2192869,
          51.5034309
        ]
      },
      "properties": {
        "id": "osm_node_12878632141",
        "name": "Public Toilets",
        "hours": "24/7",
        "accessible": false,
        "fee": 0,
        "source": "osm",
        "last_verified_at": "2025-08-26T18:32:20.744Z",
        "verified_by": "ingest-agent"
      }
    },
    {
      "type": "Feature",
      "geometry": {
        "type": "Point",
        "coordinates": [
          0.0257245,
          51.5041889
        ]
      },
      "properties": {
        "id": "osm_node_12880496689",
        "name": "Public Toilets",
        "hours": "24/7",
        "accessible": false,
        "fee": 0,
        "source": "osm",
        "last_verified_at": "2025-08-26T18:32:20.744Z",
        "verified_by": "ingest-agent"
      }
    },
    {
      "type": "Feature",
      "geometry": {
        "type": "Point",
        "coordinates": [
          -0.1377431,
          51.549796
        ]
      },
      "properties": {
        "id": "osm_node_12898801093",
        "name": "Public Toilets",
        "hours": "24/7",
        "accessible": false,
        "fee": 0,
        "source": "osm",
        "last_verified_at": "2025-08-26T18:32:20.744Z",
        "verified_by": "ingest-agent"
      }
    },
    {
      "type": "Feature",
      "geometry": {
        "type": "Point",
        "coordinates": [
          0.0679017,
          51.4558262
        ]
      },
      "properties": {
        "id": "osm_node_12917089210",
        "name": "Public Toilets",
        "hours": "24/7",
        "accessible": false,
        "fee": 0,
        "source": "osm",
        "last_verified_at": "2025-08-26T18:32:20.744Z",
        "verified_by": "ingest-agent"
      }
    },
    {
      "type": "Feature",
      "geometry": {
        "type": "Point",
        "coordinates": [
          -0.0771844,
          51.5261685
        ]
      },
      "properties": {
        "id": "osm_node_12949375846",
        "name": "Public Toilets",
        "hours": "24/7",
        "accessible": true,
        "fee": 0,
        "source": "osm",
        "last_verified_at": "2025-08-26T18:32:20.744Z",
        "verified_by": "ingest-agent"
      }
    },
    {
      "type": "Feature",
      "geometry": {
        "type": "Point",
        "coordinates": [
          -0.1885262,
          51.5160108
        ]
      },
      "properties": {
        "id": "osm_node_12952052305",
        "name": "Public Toilets",
        "hours": "24/7",
        "accessible": false,
        "fee": 0,
        "source": "osm",
        "last_verified_at": "2025-08-26T18:32:20.744Z",
        "verified_by": "ingest-agent"
      }
    },
    {
      "type": "Feature",
      "geometry": {
        "type": "Point",
        "coordinates": [
          -0.3387432,
          51.4031356
        ]
      },
      "properties": {
        "id": "osm_node_12954446068",
        "name": "Public Toilets",
        "hours": "24/7",
        "accessible": true,
        "fee": 0,
        "source": "osm",
        "last_verified_at": "2025-08-26T18:32:20.744Z",
        "verified_by": "ingest-agent"
      }
    },
    {
      "type": "Feature",
      "geometry": {
        "type": "Point",
        "coordinates": [
          -0.3387919,
          51.4055173
        ]
      },
      "properties": {
        "id": "osm_node_12954446069",
        "name": "Public Toilets",
        "hours": "24/7",
        "accessible": false,
        "fee": 0,
        "source": "osm",
        "last_verified_at": "2025-08-26T18:32:20.744Z",
        "verified_by": "ingest-agent"
      }
    },
    {
      "type": "Feature",
      "geometry": {
        "type": "Point",
        "coordinates": [
          -0.1562685,
          51.5223878
        ]
      },
      "properties": {
        "id": "osm_node_12957095244",
        "name": "Public Toilets",
        "hours": "24/7",
        "accessible": false,
        "fee": 0,
        "source": "osm",
        "last_verified_at": "2025-08-26T18:32:20.744Z",
        "verified_by": "ingest-agent"
      }
    },
    {
      "type": "Feature",
      "geometry": {
        "type": "Point",
        "coordinates": [
          -0.1567487,
          51.5225392
        ]
      },
      "properties": {
        "id": "osm_node_12957095248",
        "name": "Public Toilets",
        "hours": "24/7",
        "accessible": false,
        "fee": 0,
        "source": "osm",
        "last_verified_at": "2025-08-26T18:32:20.744Z",
        "verified_by": "ingest-agent"
      }
    },
    {
      "type": "Feature",
      "geometry": {
        "type": "Point",
        "coordinates": [
          -0.3292955,
          51.450487
        ]
      },
      "properties": {
        "id": "osm_node_12987665963",
        "name": "Public Toilets",
        "hours": "Mo-Sa 06:30-20:30; Su 08:30-18:30",
        "accessible": false,
        "fee": 0,
        "source": "osm",
        "last_verified_at": "2025-08-26T18:32:20.744Z",
        "verified_by": "ingest-agent"
      }
    },
    {
      "type": "Feature",
      "geometry": {
        "type": "Point",
        "coordinates": [
          -0.3291882,
          51.4505259
        ]
      },
      "properties": {
        "id": "osm_node_12987665964",
        "name": "Public Toilets",
        "hours": "Mo-Sa 06:30-20:30; Su 08:30-18:30",
        "accessible": false,
        "fee": 0,
        "source": "osm",
        "last_verified_at": "2025-08-26T18:32:20.744Z",
        "verified_by": "ingest-agent"
      }
    },
    {
      "type": "Feature",
      "geometry": {
        "type": "Point",
        "coordinates": [
          -0.1662403,
          51.3686765
        ]
      },
      "properties": {
        "id": "osm_node_12996436591",
        "name": "Public Toilets",
        "hours": "24/7",
        "accessible": false,
        "fee": 0,
        "source": "osm",
        "last_verified_at": "2025-08-26T18:32:20.744Z",
        "verified_by": "ingest-agent"
      }
    },
    {
      "type": "Feature",
      "geometry": {
        "type": "Point",
        "coordinates": [
          -0.3023312,
          51.5127815
        ]
      },
      "properties": {
        "id": "osm_node_13009710255",
        "name": "Public Toilets",
        "hours": "24/7",
        "accessible": true,
        "fee": 0,
        "source": "osm",
        "last_verified_at": "2025-08-26T18:32:20.744Z",
        "verified_by": "ingest-agent"
      }
    },
    {
      "type": "Feature",
      "geometry": {
        "type": "Point",
        "coordinates": [
          -0.2902221,
          51.4790977
        ]
      },
      "properties": {
        "id": "osm_node_13014143038",
        "name": "Public Toilets",
        "hours": "24/7",
        "accessible": false,
        "fee": 0,
        "source": "osm",
        "last_verified_at": "2025-08-26T18:32:20.744Z",
        "verified_by": "ingest-agent"
      }
    },
    {
      "type": "Feature",
      "geometry": {
        "type": "Point",
        "coordinates": [
          -0.2902018,
          51.4791269
        ]
      },
      "properties": {
        "id": "osm_node_13014143039",
        "name": "Public Toilets",
        "hours": "24/7",
        "accessible": true,
        "fee": 0,
        "source": "osm",
        "last_verified_at": "2025-08-26T18:32:20.744Z",
        "verified_by": "ingest-agent"
      }
    },
    {
      "type": "Feature",
      "geometry": {
        "type": "Point",
        "coordinates": [
          -0.1291752,
          51.419265
        ]
      },
      "properties": {
        "id": "osm_node_13015816076",
        "name": "Public Toilets",
        "hours": "24/7",
        "accessible": true,
        "fee": 0,
        "source": "osm",
        "last_verified_at": "2025-08-26T18:32:20.744Z",
        "verified_by": "ingest-agent"
      }
    },
    {
      "type": "Feature",
      "geometry": {
        "type": "Point",
        "coordinates": [
          -0.0756405,
          51.5289169
        ]
      },
      "properties": {
        "id": "osm_node_13021039933",
        "name": "Public Toilets",
        "hours": "24/7",
        "accessible": false,
        "fee": 0,
        "source": "osm",
        "last_verified_at": "2025-08-26T18:32:20.744Z",
        "verified_by": "ingest-agent"
      }
    },
    {
      "type": "Feature",
      "geometry": {
        "type": "Point",
        "coordinates": [
          -0.1541144,
          51.6375786
        ]
      },
      "properties": {
        "id": "osm_node_13038347182",
        "name": "Public Toilets",
        "hours": "24/7",
        "accessible": false,
        "fee": 0,
        "source": "osm",
        "last_verified_at": "2025-08-26T18:32:20.744Z",
        "verified_by": "ingest-agent"
      }
    },
    {
      "type": "Feature",
      "geometry": {
        "type": "Point",
        "coordinates": [
          0.0476535,
          51.5590327
        ]
      },
      "properties": {
        "id": "osm_node_13048158571",
        "name": "Public Toilets",
        "hours": "24/7",
        "accessible": false,
        "fee": 0,
        "source": "osm",
        "last_verified_at": "2025-08-26T18:32:20.744Z",
        "verified_by": "ingest-agent"
      }
    },
    {
      "type": "Feature",
      "geometry": {
        "type": "Point",
        "coordinates": [
          0.0473048,
          51.5590077
        ]
      },
      "properties": {
        "id": "osm_node_13048158572",
        "name": "Public Toilets",
        "hours": "24/7",
        "accessible": false,
        "fee": 0,
        "source": "osm",
        "last_verified_at": "2025-08-26T18:32:20.744Z",
        "verified_by": "ingest-agent"
      }
    },
    {
      "type": "Feature",
      "geometry": {
        "type": "Point",
        "coordinates": [
          0.0508493,
          51.5576077
        ]
      },
      "properties": {
        "id": "osm_node_13048158574",
        "name": "Public Toilets",
        "hours": "24/7",
        "accessible": false,
        "fee": 0,
        "source": "osm",
        "last_verified_at": "2025-08-26T18:32:20.744Z",
        "verified_by": "ingest-agent"
      }
    },
    {
      "type": "Feature",
      "geometry": {
        "type": "Point",
        "coordinates": [
          0.0509881,
          51.557548
        ]
      },
      "properties": {
        "id": "osm_node_13048158575",
        "name": "Public Toilets",
        "hours": "24/7",
        "accessible": false,
        "fee": 0,
        "source": "osm",
        "last_verified_at": "2025-08-26T18:32:20.744Z",
        "verified_by": "ingest-agent"
      }
    },
    {
      "type": "Feature",
      "geometry": {
        "type": "Point",
        "coordinates": [
          -0.0827067,
          51.4465503
        ]
      },
      "properties": {
        "id": "osm_way_5028979",
        "name": "Public Toilets",
        "hours": "24/7",
        "accessible": false,
        "fee": 0,
        "source": "osm",
        "last_verified_at": "2025-08-26T18:32:20.744Z",
        "verified_by": "ingest-agent"
      }
    },
    {
      "type": "Feature",
      "geometry": {
        "type": "Point",
        "coordinates": [
          -0.1756836,
          51.5113555
        ]
      },
      "properties": {
        "id": "osm_way_27186039",
        "name": "Public Toilets",
        "hours": "24/7",
        "accessible": true,
        "fee": 50,
        "source": "osm",
        "last_verified_at": "2025-08-26T18:32:20.744Z",
        "verified_by": "ingest-agent"
      }
    },
    {
      "type": "Feature",
      "geometry": {
        "type": "Point",
        "coordinates": [
          -0.0939515,
          51.4638973
        ]
      },
      "properties": {
        "id": "osm_way_27412448",
        "name": "Public Toilets",
        "hours": "24/7",
        "accessible": false,
        "fee": 0,
        "source": "osm",
        "last_verified_at": "2025-08-26T18:32:20.744Z",
        "verified_by": "ingest-agent"
      }
    },
    {
      "type": "Feature",
      "geometry": {
        "type": "Point",
        "coordinates": [
          -0.1735929,
          51.5642392
        ]
      },
      "properties": {
        "id": "osm_way_30076261",
        "name": "Public Toilets",
        "hours": "24/7",
        "accessible": false,
        "fee": 0,
        "source": "osm",
        "last_verified_at": "2025-08-26T18:32:20.744Z",
        "verified_by": "ingest-agent"
      }
    },
    {
      "type": "Feature",
      "geometry": {
        "type": "Point",
        "coordinates": [
          -0.1846713,
          51.5736472
        ]
      },
      "properties": {
        "id": "osm_way_30683760",
        "name": "Public Toilets",
        "hours": "24/7",
        "accessible": false,
        "fee": 0,
        "source": "osm",
        "last_verified_at": "2025-08-26T18:32:20.744Z",
        "verified_by": "ingest-agent"
      }
    },
    {
      "type": "Feature",
      "geometry": {
        "type": "Point",
        "coordinates": [
          -0.2061816,
          51.409146
        ]
      },
      "properties": {
        "id": "osm_way_35953047",
        "name": "Public Toilets",
        "hours": "24/7",
        "accessible": false,
        "fee": 0,
        "source": "osm",
        "last_verified_at": "2025-08-26T18:32:20.744Z",
        "verified_by": "ingest-agent"
      }
    },
    {
      "type": "Feature",
      "geometry": {
        "type": "Point",
        "coordinates": [
          0.0536643,
          51.331239
        ]
      },
      "properties": {
        "id": "osm_way_36831536",
        "name": "Public Toilets",
        "hours": "24/7",
        "accessible": false,
        "fee": 0,
        "source": "osm",
        "last_verified_at": "2025-08-26T18:32:20.744Z",
        "verified_by": "ingest-agent"
      }
    },
    {
      "type": "Feature",
      "geometry": {
        "type": "Point",
        "coordinates": [
          -0.0636319,
          51.4194591
        ]
      },
      "properties": {
        "id": "osm_way_39356745",
        "name": "Public Toilets",
        "hours": "24/7",
        "accessible": true,
        "fee": 0,
        "source": "osm",
        "last_verified_at": "2025-08-26T18:32:20.744Z",
        "verified_by": "ingest-agent"
      }
    },
    {
      "type": "Feature",
      "geometry": {
        "type": "Point",
        "coordinates": [
          -0.1592985,
          51.4798935
        ]
      },
      "properties": {
        "id": "osm_way_60705332",
        "name": "Public Toilets",
        "hours": "24/7",
        "accessible": true,
        "fee": 0,
        "source": "osm",
        "last_verified_at": "2025-08-26T18:32:20.744Z",
        "verified_by": "ingest-agent"
      }
    },
    {
      "type": "Feature",
      "geometry": {
        "type": "Point",
        "coordinates": [
          -0.1488698,
          51.5705507
        ]
      },
      "properties": {
        "id": "osm_way_61888549",
        "name": "Public Toilets",
        "hours": "24/7",
        "accessible": false,
        "fee": 0,
        "source": "osm",
        "last_verified_at": "2025-08-26T18:32:20.744Z",
        "verified_by": "ingest-agent"
      }
    },
    {
      "type": "Feature",
      "geometry": {
        "type": "Point",
        "coordinates": [
          -0.2111056,
          51.5342122
        ]
      },
      "properties": {
        "id": "osm_way_78538614",
        "name": "Public Toilets",
        "hours": "24/7",
        "accessible": true,
        "fee": 0,
        "source": "osm",
        "last_verified_at": "2025-08-26T18:32:20.744Z",
        "verified_by": "ingest-agent"
      }
    },
    {
      "type": "Feature",
      "geometry": {
        "type": "Point",
        "coordinates": [
          -0.0618709,
          51.4583858
        ]
      },
      "properties": {
        "id": "osm_way_81679182",
        "name": "Peckham Rye Park",
        "hours": "Mo-Su 07:30-16:30",
        "accessible": true,
        "fee": 0,
        "source": "osm",
        "last_verified_at": "2025-08-26T18:32:20.744Z",
        "verified_by": "ingest-agent"
      }
    },
    {
      "type": "Feature",
      "geometry": {
        "type": "Point",
        "coordinates": [
          -0.1153725,
          51.5169485
        ]
      },
      "properties": {
        "id": "osm_way_97237877",
        "name": "Public Toilets",
        "hours": "09:00-18:00",
        "accessible": false,
        "fee": 0,
        "source": "osm",
        "last_verified_at": "2025-08-26T18:32:20.744Z",
        "verified_by": "ingest-agent"
      }
    },
    {
      "type": "Feature",
      "geometry": {
        "type": "Point",
        "coordinates": [
          -0.1457523,
          51.4569975
        ]
      },
      "properties": {
        "id": "osm_way_99420379",
        "name": "Public Toilets",
        "hours": "24/7",
        "accessible": false,
        "fee": 0,
        "source": "osm",
        "last_verified_at": "2025-08-26T18:32:20.744Z",
        "verified_by": "ingest-agent"
      }
    },
    {
      "type": "Feature",
      "geometry": {
        "type": "Point",
        "coordinates": [
          -0.296084,
          51.4496743
        ]
      },
      "properties": {
        "id": "osm_way_99798841",
        "name": "Public Toilets",
        "hours": "24/7",
        "accessible": false,
        "fee": 50,
        "source": "osm",
        "last_verified_at": "2025-08-26T18:32:20.744Z",
        "verified_by": "ingest-agent"
      }
    },
    {
      "type": "Feature",
      "geometry": {
        "type": "Point",
        "coordinates": [
          -0.1496487,
          51.6565291
        ]
      },
      "properties": {
        "id": "osm_way_100427472",
        "name": "Public Toilets",
        "hours": "24/7",
        "accessible": false,
        "fee": 0,
        "source": "osm",
        "last_verified_at": "2025-08-26T18:32:20.744Z",
        "verified_by": "ingest-agent"
      }
    },
    {
      "type": "Feature",
      "geometry": {
        "type": "Point",
        "coordinates": [
          -0.2017319,
          51.4616378
        ]
      },
      "properties": {
        "id": "osm_way_108954891",
        "name": "Public Toilets",
        "hours": "24/7",
        "accessible": true,
        "fee": 0,
        "source": "osm",
        "last_verified_at": "2025-08-26T18:32:20.744Z",
        "verified_by": "ingest-agent"
      }
    },
    {
      "type": "Feature",
      "geometry": {
        "type": "Point",
        "coordinates": [
          -0.1086872,
          51.5337997
        ]
      },
      "properties": {
        "id": "osm_way_119438262",
        "name": "Public Toilets",
        "hours": "24/7",
        "accessible": false,
        "fee": 0,
        "source": "osm",
        "last_verified_at": "2025-08-26T18:32:20.744Z",
        "verified_by": "ingest-agent"
      }
    },
    {
      "type": "Feature",
      "geometry": {
        "type": "Point",
        "coordinates": [
          -0.1226033,
          51.5780987
        ]
      },
      "properties": {
        "id": "osm_way_128803649",
        "name": "Public Toilets",
        "hours": "24/7",
        "accessible": false,
        "fee": 0,
        "source": "osm",
        "last_verified_at": "2025-08-26T18:32:20.744Z",
        "verified_by": "ingest-agent"
      }
    },
    {
      "type": "Feature",
      "geometry": {
        "type": "Point",
        "coordinates": [
          -0.1612204,
          51.5080268
        ]
      },
      "properties": {
        "id": "osm_way_137342146",
        "name": "Public Toilets",
        "hours": "07:30-dusk",
        "accessible": true,
        "fee": 50,
        "source": "osm",
        "last_verified_at": "2025-08-26T18:32:20.744Z",
        "verified_by": "ingest-agent"
      }
    },
    {
      "type": "Feature",
      "geometry": {
        "type": "Point",
        "coordinates": [
          -0.0727425,
          51.5737714
        ]
      },
      "properties": {
        "id": "osm_way_142306066",
        "name": "Public Toilets",
        "hours": "24/7",
        "accessible": false,
        "fee": 0,
        "source": "osm",
        "last_verified_at": "2025-08-26T18:32:20.744Z",
        "verified_by": "ingest-agent"
      }
    },
    {
      "type": "Feature",
      "geometry": {
        "type": "Point",
        "coordinates": [
          -0.0736678,
          51.4372831
        ]
      },
      "properties": {
        "id": "osm_way_145180510",
        "name": "Public Toilets",
        "hours": "24/7",
        "accessible": false,
        "fee": 0,
        "source": "osm",
        "last_verified_at": "2025-08-26T18:32:20.744Z",
        "verified_by": "ingest-agent"
      }
    },
    {
      "type": "Feature",
      "geometry": {
        "type": "Point",
        "coordinates": [
          -0.1877367,
          51.4204692
        ]
      },
      "properties": {
        "id": "osm_way_160648987",
        "name": "Public Toilets",
        "hours": "24/7",
        "accessible": false,
        "fee": 0,
        "source": "osm",
        "last_verified_at": "2025-08-26T18:32:20.744Z",
        "verified_by": "ingest-agent"
      }
    },
    {
      "type": "Feature",
      "geometry": {
        "type": "Point",
        "coordinates": [
          -0.1281931,
          51.4216785
        ]
      },
      "properties": {
        "id": "osm_way_165775786",
        "name": "Public Toilets",
        "hours": "24/7",
        "accessible": false,
        "fee": 0,
        "source": "osm",
        "last_verified_at": "2025-08-26T18:32:20.744Z",
        "verified_by": "ingest-agent"
      }
    },
    {
      "type": "Feature",
      "geometry": {
        "type": "Point",
        "coordinates": [
          -0.1069026,
          51.5179579
        ]
      },
      "properties": {
        "id": "osm_way_172307738",
        "name": "Public Toilets",
        "hours": "24/7",
        "accessible": false,
        "fee": 0,
        "source": "osm",
        "last_verified_at": "2025-08-26T18:32:20.744Z",
        "verified_by": "ingest-agent"
      }
    },
    {
      "type": "Feature",
      "geometry": {
        "type": "Point",
        "coordinates": [
          -0.1259743,
          51.4374325
        ]
      },
      "properties": {
        "id": "osm_way_178407434",
        "name": "Public Toilets",
        "hours": "24/7",
        "accessible": true,
        "fee": 0,
        "source": "osm",
        "last_verified_at": "2025-08-26T18:32:20.744Z",
        "verified_by": "ingest-agent"
      }
    },
    {
      "type": "Feature",
      "geometry": {
        "type": "Point",
        "coordinates": [
          -0.2565458,
          51.4362674
        ]
      },
      "properties": {
        "id": "osm_way_179017265",
        "name": "Public Toilets",
        "hours": "Oct Su[-1] - Mar Su[-1] Mo-Su,PH 06:00-19:00; Mar Su[-1] - Oct Su[-1] Mo-Su,PH 06:00-21:00",
        "accessible": true,
        "fee": 50,
        "source": "osm",
        "last_verified_at": "2025-08-26T18:32:20.744Z",
        "verified_by": "ingest-agent"
      }
    },
    {
      "type": "Feature",
      "geometry": {
        "type": "Point",
        "coordinates": [
          -0.1572174,
          51.5044942
        ]
      },
      "properties": {
        "id": "osm_way_186635652",
        "name": "Public Toilets",
        "hours": "Nov-Jan 07:30-16:00; Feb 07:30-17:00; Mar,Oct 07:30-18:00; Apr,Sep 07:30-20:00; May-Aug: 07:30-21:00",
        "accessible": true,
        "fee": 50,
        "source": "osm",
        "last_verified_at": "2025-08-26T18:32:20.744Z",
        "verified_by": "ingest-agent"
      }
    },
    {
      "type": "Feature",
      "geometry": {
        "type": "Point",
        "coordinates": [
          -0.1022249,
          51.5905688
        ]
      },
      "properties": {
        "id": "osm_way_190522089",
        "name": "Public Toilets",
        "hours": "24/7",
        "accessible": false,
        "fee": 0,
        "source": "osm",
        "last_verified_at": "2025-08-26T18:32:20.744Z",
        "verified_by": "ingest-agent"
      }
    },
    {
      "type": "Feature",
      "geometry": {
        "type": "Point",
        "coordinates": [
          -0.0141405,
          51.5125342
        ]
      },
      "properties": {
        "id": "osm_way_191304275",
        "name": "Public Toilets",
        "hours": "24/7",
        "accessible": false,
        "fee": 0,
        "source": "osm",
        "last_verified_at": "2025-08-26T18:32:20.744Z",
        "verified_by": "ingest-agent"
      }
    },
    {
      "type": "Feature",
      "geometry": {
        "type": "Point",
        "coordinates": [
          -0.0918435,
          51.3679276
        ]
      },
      "properties": {
        "id": "osm_way_193799559",
        "name": "Public Toilets",
        "hours": "Mo-Su 09:00-15:00",
        "accessible": false,
        "fee": 0,
        "source": "osm",
        "last_verified_at": "2025-08-26T18:32:20.744Z",
        "verified_by": "ingest-agent"
      }
    },
    {
      "type": "Feature",
      "geometry": {
        "type": "Point",
        "coordinates": [
          -0.155157,
          51.5357546
        ]
      },
      "properties": {
        "id": "osm_way_201507858",
        "name": "Public Toilets",
        "hours": "24/7",
        "accessible": false,
        "fee": 0,
        "source": "osm",
        "last_verified_at": "2025-08-26T18:32:20.744Z",
        "verified_by": "ingest-agent"
      }
    },
    {
      "type": "Feature",
      "geometry": {
        "type": "Point",
        "coordinates": [
          0.0232434,
          51.3883735
        ]
      },
      "properties": {
        "id": "osm_way_202051428",
        "name": "Public Toilets",
        "hours": "24/7",
        "accessible": false,
        "fee": 0,
        "source": "osm",
        "last_verified_at": "2025-08-26T18:32:20.744Z",
        "verified_by": "ingest-agent"
      }
    },
    {
      "type": "Feature",
      "geometry": {
        "type": "Point",
        "coordinates": [
          -0.1860811,
          51.6061944
        ]
      },
      "properties": {
        "id": "osm_way_203185891",
        "name": "Public Toilets",
        "hours": "24/7",
        "accessible": false,
        "fee": 0,
        "source": "osm",
        "last_verified_at": "2025-08-26T18:32:20.744Z",
        "verified_by": "ingest-agent"
      }
    },
    {
      "type": "Feature",
      "geometry": {
        "type": "Point",
        "coordinates": [
          -0.293607,
          51.4427328
        ]
      },
      "properties": {
        "id": "osm_way_210271395",
        "name": "Public Toilets",
        "hours": "24/7",
        "accessible": true,
        "fee": 0,
        "source": "osm",
        "last_verified_at": "2025-08-26T18:32:20.744Z",
        "verified_by": "ingest-agent"
      }
    },
    {
      "type": "Feature",
      "geometry": {
        "type": "Point",
        "coordinates": [
          -0.0426791,
          51.5333878
        ]
      },
      "properties": {
        "id": "osm_way_221540560",
        "name": "Lakeside Pavilion Toilets",
        "hours": "24/7",
        "accessible": true,
        "fee": 0,
        "source": "osm",
        "last_verified_at": "2025-08-26T18:32:20.744Z",
        "verified_by": "ingest-agent"
      }
    },
    {
      "type": "Feature",
      "geometry": {
        "type": "Point",
        "coordinates": [
          -0.0344287,
          51.5386982
        ]
      },
      "properties": {
        "id": "osm_way_221542461",
        "name": "Public Toilets",
        "hours": "24/7",
        "accessible": false,
        "fee": 0,
        "source": "osm",
        "last_verified_at": "2025-08-26T18:32:20.744Z",
        "verified_by": "ingest-agent"
      }
    },
    {
      "type": "Feature",
      "geometry": {
        "type": "Point",
        "coordinates": [
          -0.3483118,
          51.5121752
        ]
      },
      "properties": {
        "id": "osm_way_221618008",
        "name": "Public Toilets",
        "hours": "24/7",
        "accessible": false,
        "fee": 0,
        "source": "osm",
        "last_verified_at": "2025-08-26T18:32:20.744Z",
        "verified_by": "ingest-agent"
      }
    },
    {
      "type": "Feature",
      "geometry": {
        "type": "Point",
        "coordinates": [
          0.0732518,
          51.3193544
        ]
      },
      "properties": {
        "id": "osm_way_221792776",
        "name": "Cudham Wyse Cricket Club Pavilion",
        "hours": "24/7",
        "accessible": false,
        "fee": 0,
        "source": "osm",
        "last_verified_at": "2025-08-26T18:32:20.744Z",
        "verified_by": "ingest-agent"
      }
    },
    {
      "type": "Feature",
      "geometry": {
        "type": "Point",
        "coordinates": [
          0.0289637,
          51.3390925
        ]
      },
      "properties": {
        "id": "osm_way_227763451",
        "name": "Public Toilets",
        "hours": "24/7",
        "accessible": false,
        "fee": 0,
        "source": "osm",
        "last_verified_at": "2025-08-26T18:32:20.744Z",
        "verified_by": "ingest-agent"
      }
    },
    {
      "type": "Feature",
      "geometry": {
        "type": "Point",
        "coordinates": [
          -0.0957484,
          51.6097823
        ]
      },
      "properties": {
        "id": "osm_way_235060412",
        "name": "Public Toilets",
        "hours": "24/7",
        "accessible": false,
        "fee": 0,
        "source": "osm",
        "last_verified_at": "2025-08-26T18:32:20.744Z",
        "verified_by": "ingest-agent"
      }
    },
    {
      "type": "Feature",
      "geometry": {
        "type": "Point",
        "coordinates": [
          -0.2962345,
          51.5536394
        ]
      },
      "properties": {
        "id": "osm_way_249185484",
        "name": "Public Toilets",
        "hours": "24/7",
        "accessible": false,
        "fee": 0,
        "source": "osm",
        "last_verified_at": "2025-08-26T18:32:20.744Z",
        "verified_by": "ingest-agent"
      }
    },
    {
      "type": "Feature",
      "geometry": {
        "type": "Point",
        "coordinates": [
          0.1198839,
          51.4564324
        ]
      },
      "properties": {
        "id": "osm_way_262943809",
        "name": "Public Toilets",
        "hours": "24/7",
        "accessible": false,
        "fee": 0,
        "source": "osm",
        "last_verified_at": "2025-08-26T18:32:20.744Z",
        "verified_by": "ingest-agent"
      }
    },
    {
      "type": "Feature",
      "geometry": {
        "type": "Point",
        "coordinates": [
          -0.1346187,
          51.2984771
        ]
      },
      "properties": {
        "id": "osm_way_270582403",
        "name": "Public Toilets",
        "hours": "24/7",
        "accessible": true,
        "fee": 0,
        "source": "osm",
        "last_verified_at": "2025-08-26T18:32:20.744Z",
        "verified_by": "ingest-agent"
      }
    },
    {
      "type": "Feature",
      "geometry": {
        "type": "Point",
        "coordinates": [
          -0.135632,
          51.3152736
        ]
      },
      "properties": {
        "id": "osm_way_270582404",
        "name": "Public Toilets",
        "hours": "24/7",
        "accessible": false,
        "fee": 0,
        "source": "osm",
        "last_verified_at": "2025-08-26T18:32:20.744Z",
        "verified_by": "ingest-agent"
      }
    },
    {
      "type": "Feature",
      "geometry": {
        "type": "Point",
        "coordinates": [
          -0.1611062,
          51.5296841
        ]
      },
      "properties": {
        "id": "osm_way_272085239",
        "name": "Boat House Toilets",
        "hours": "08:00-dusk",
        "accessible": true,
        "fee": 50,
        "source": "osm",
        "last_verified_at": "2025-08-26T18:32:20.744Z",
        "verified_by": "ingest-agent"
      }
    },
    {
      "type": "Feature",
      "geometry": {
        "type": "Point",
        "coordinates": [
          -0.0756836,
          51.5199803
        ]
      },
      "properties": {
        "id": "osm_way_276045643",
        "name": "Public Toilets",
        "hours": "Mo-Su 08:00-20:00",
        "accessible": true,
        "fee": 0,
        "source": "osm",
        "last_verified_at": "2025-08-26T18:32:20.744Z",
        "verified_by": "ingest-agent"
      }
    },
    {
      "type": "Feature",
      "geometry": {
        "type": "Point",
        "coordinates": [
          -0.2970784,
          51.5536556
        ]
      },
      "properties": {
        "id": "osm_way_285807820",
        "name": "Public Toilets",
        "hours": "24/7",
        "accessible": true,
        "fee": 50,
        "source": "osm",
        "last_verified_at": "2025-08-26T18:32:20.744Z",
        "verified_by": "ingest-agent"
      }
    },
    {
      "type": "Feature",
      "geometry": {
        "type": "Point",
        "coordinates": [
          -0.2860152,
          51.5533705
        ]
      },
      "properties": {
        "id": "osm_way_285809992",
        "name": "Public Toilets",
        "hours": "24/7",
        "accessible": true,
        "fee": 50,
        "source": "osm",
        "last_verified_at": "2025-08-26T18:32:20.744Z",
        "verified_by": "ingest-agent"
      }
    },
    {
      "type": "Feature",
      "geometry": {
        "type": "Point",
        "coordinates": [
          -0.4497216,
          51.4728592
        ]
      },
      "properties": {
        "id": "osm_way_292460368",
        "name": "Public Toilets",
        "hours": "24/7",
        "accessible": false,
        "fee": 0,
        "source": "osm",
        "last_verified_at": "2025-08-26T18:32:20.745Z",
        "verified_by": "ingest-agent"
      }
    },
    {
      "type": "Feature",
      "geometry": {
        "type": "Point",
        "coordinates": [
          -0.4496868,
          51.47179
        ]
      },
      "properties": {
        "id": "osm_way_292462904",
        "name": "Public Toilets",
        "hours": "24/7",
        "accessible": false,
        "fee": 0,
        "source": "osm",
        "last_verified_at": "2025-08-26T18:32:20.745Z",
        "verified_by": "ingest-agent"
      }
    },
    {
      "type": "Feature",
      "geometry": {
        "type": "Point",
        "coordinates": [
          -0.06837,
          51.6699129
        ]
      },
      "properties": {
        "id": "osm_way_298203217",
        "name": "Public Toilets",
        "hours": "24/7",
        "accessible": true,
        "fee": 0,
        "source": "osm",
        "last_verified_at": "2025-08-26T18:32:20.745Z",
        "verified_by": "ingest-agent"
      }
    },
    {
      "type": "Feature",
      "geometry": {
        "type": "Point",
        "coordinates": [
          -0.1035978,
          51.5701283
        ]
      },
      "properties": {
        "id": "osm_way_299353656",
        "name": "Public Toilets",
        "hours": "Mo-Su 09:00-18:00",
        "accessible": false,
        "fee": 0,
        "source": "osm",
        "last_verified_at": "2025-08-26T18:32:20.745Z",
        "verified_by": "ingest-agent"
      }
    },
    {
      "type": "Feature",
      "geometry": {
        "type": "Point",
        "coordinates": [
          -0.0853089,
          51.6496641
        ]
      },
      "properties": {
        "id": "osm_way_305308386",
        "name": "Public Toilets",
        "hours": "24/7",
        "accessible": true,
        "fee": 0,
        "source": "osm",
        "last_verified_at": "2025-08-26T18:32:20.745Z",
        "verified_by": "ingest-agent"
      }
    },
    {
      "type": "Feature",
      "geometry": {
        "type": "Point",
        "coordinates": [
          -0.4318348,
          51.5928247
        ]
      },
      "properties": {
        "id": "osm_way_306268118",
        "name": "Public Toilets",
        "hours": "24/7",
        "accessible": false,
        "fee": 0,
        "source": "osm",
        "last_verified_at": "2025-08-26T18:32:20.745Z",
        "verified_by": "ingest-agent"
      }
    },
    {
      "type": "Feature",
      "geometry": {
        "type": "Point",
        "coordinates": [
          -0.3516915,
          51.4903275
        ]
      },
      "properties": {
        "id": "osm_way_308614964",
        "name": "Public Toilets",
        "hours": "24/7",
        "accessible": false,
        "fee": 0,
        "source": "osm",
        "last_verified_at": "2025-08-26T18:32:20.745Z",
        "verified_by": "ingest-agent"
      }
    },
    {
      "type": "Feature",
      "geometry": {
        "type": "Point",
        "coordinates": [
          -0.2677951,
          51.4567795
        ]
      },
      "properties": {
        "id": "osm_way_312047330",
        "name": "Public Toilets",
        "hours": "24/7",
        "accessible": false,
        "fee": 0,
        "source": "osm",
        "last_verified_at": "2025-08-26T18:32:20.745Z",
        "verified_by": "ingest-agent"
      }
    },
    {
      "type": "Feature",
      "geometry": {
        "type": "Point",
        "coordinates": [
          -0.3406028,
          51.4057106
        ]
      },
      "properties": {
        "id": "osm_way_312749832",
        "name": "Public Toilets",
        "hours": "24/7",
        "accessible": true,
        "fee": 0,
        "source": "osm",
        "last_verified_at": "2025-08-26T18:32:20.745Z",
        "verified_by": "ingest-agent"
      }
    },
    {
      "type": "Feature",
      "geometry": {
        "type": "Point",
        "coordinates": [
          -0.1088063,
          51.4495115
        ]
      },
      "properties": {
        "id": "osm_way_317411466",
        "name": "Public Toilets",
        "hours": "24/7",
        "accessible": true,
        "fee": 0,
        "source": "osm",
        "last_verified_at": "2025-08-26T18:32:20.745Z",
        "verified_by": "ingest-agent"
      }
    },
    {
      "type": "Feature",
      "geometry": {
        "type": "Point",
        "coordinates": [
          -0.1056141,
          51.4728393
        ]
      },
      "properties": {
        "id": "osm_way_318987235",
        "name": "Public Toilets",
        "hours": "24/7",
        "accessible": false,
        "fee": 0,
        "source": "osm",
        "last_verified_at": "2025-08-26T18:32:20.745Z",
        "verified_by": "ingest-agent"
      }
    },
    {
      "type": "Feature",
      "geometry": {
        "type": "Point",
        "coordinates": [
          -0.2920355,
          51.4322348
        ]
      },
      "properties": {
        "id": "osm_way_321015144",
        "name": "Public Toilets",
        "hours": "24/7",
        "accessible": false,
        "fee": 0,
        "source": "osm",
        "last_verified_at": "2025-08-26T18:32:20.745Z",
        "verified_by": "ingest-agent"
      }
    },
    {
      "type": "Feature",
      "geometry": {
        "type": "Point",
        "coordinates": [
          -0.1703157,
          51.5315669
        ]
      },
      "properties": {
        "id": "osm_way_323257955",
        "name": "Public Toilets",
        "hours": "10:00-18:00",
        "accessible": true,
        "fee": 0,
        "source": "osm",
        "last_verified_at": "2025-08-26T18:32:20.745Z",
        "verified_by": "ingest-agent"
      }
    },
    {
      "type": "Feature",
      "geometry": {
        "type": "Point",
        "coordinates": [
          -0.2531477,
          51.4362707
        ]
      },
      "properties": {
        "id": "osm_way_323441396",
        "name": "Public Toilets",
        "hours": "24/7",
        "accessible": false,
        "fee": 0,
        "source": "osm",
        "last_verified_at": "2025-08-26T18:32:20.745Z",
        "verified_by": "ingest-agent"
      }
    },
    {
      "type": "Feature",
      "geometry": {
        "type": "Point",
        "coordinates": [
          -0.1119422,
          51.4624011
        ]
      },
      "properties": {
        "id": "osm_way_324121419",
        "name": "Public Toilets",
        "hours": "24/7",
        "accessible": false,
        "fee": 0,
        "source": "osm",
        "last_verified_at": "2025-08-26T18:32:20.745Z",
        "verified_by": "ingest-agent"
      }
    },
    {
      "type": "Feature",
      "geometry": {
        "type": "Point",
        "coordinates": [
          -0.1118342,
          51.4623353
        ]
      },
      "properties": {
        "id": "osm_way_324121422",
        "name": "Public Toilets",
        "hours": "24/7",
        "accessible": false,
        "fee": 0,
        "source": "osm",
        "last_verified_at": "2025-08-26T18:32:20.745Z",
        "verified_by": "ingest-agent"
      }
    },
    {
      "type": "Feature",
      "geometry": {
        "type": "Point",
        "coordinates": [
          -0.1117101,
          51.4627119
        ]
      },
      "properties": {
        "id": "osm_way_324121423",
        "name": "Public Toilets",
        "hours": "24/7",
        "accessible": false,
        "fee": 50,
        "source": "osm",
        "last_verified_at": "2025-08-26T18:32:20.745Z",
        "verified_by": "ingest-agent"
      }
    },
    {
      "type": "Feature",
      "geometry": {
        "type": "Point",
        "coordinates": [
          -0.1184879,
          51.5048092
        ]
      },
      "properties": {
        "id": "osm_way_326803753",
        "name": "Public Toilets",
        "hours": "24/7",
        "accessible": true,
        "fee": 50,
        "source": "osm",
        "last_verified_at": "2025-08-26T18:32:20.745Z",
        "verified_by": "ingest-agent"
      }
    },
    {
      "type": "Feature",
      "geometry": {
        "type": "Point",
        "coordinates": [
          -0.2866491,
          51.4203668
        ]
      },
      "properties": {
        "id": "osm_way_330343701",
        "name": "Public Toilets",
        "hours": "24/7",
        "accessible": false,
        "fee": 0,
        "source": "osm",
        "last_verified_at": "2025-08-26T18:32:20.745Z",
        "verified_by": "ingest-agent"
      }
    },
    {
      "type": "Feature",
      "geometry": {
        "type": "Point",
        "coordinates": [
          -0.2812235,
          51.4337468
        ]
      },
      "properties": {
        "id": "osm_way_334558188",
        "name": "Public Toilets",
        "hours": "24/7",
        "accessible": true,
        "fee": 0,
        "source": "osm",
        "last_verified_at": "2025-08-26T18:32:20.745Z",
        "verified_by": "ingest-agent"
      }
    },
    {
      "type": "Feature",
      "geometry": {
        "type": "Point",
        "coordinates": [
          -0.4484669,
          51.4596627
        ]
      },
      "properties": {
        "id": "osm_way_358377631",
        "name": "Public Toilets",
        "hours": "24/7",
        "accessible": true,
        "fee": 0,
        "source": "osm",
        "last_verified_at": "2025-08-26T18:32:20.745Z",
        "verified_by": "ingest-agent"
      }
    },
    {
      "type": "Feature",
      "geometry": {
        "type": "Point",
        "coordinates": [
          -0.4475835,
          51.4602778
        ]
      },
      "properties": {
        "id": "osm_way_358377637",
        "name": "Public Toilets",
        "hours": "24/7",
        "accessible": true,
        "fee": 0,
        "source": "osm",
        "last_verified_at": "2025-08-26T18:32:20.745Z",
        "verified_by": "ingest-agent"
      }
    },
    {
      "type": "Feature",
      "geometry": {
        "type": "Point",
        "coordinates": [
          -0.4456383,
          51.4615114
        ]
      },
      "properties": {
        "id": "osm_way_358385139",
        "name": "Public Toilets",
        "hours": "24/7",
        "accessible": true,
        "fee": 0,
        "source": "osm",
        "last_verified_at": "2025-08-26T18:32:20.745Z",
        "verified_by": "ingest-agent"
      }
    },
    {
      "type": "Feature",
      "geometry": {
        "type": "Point",
        "coordinates": [
          -0.1580044,
          51.5861168
        ]
      },
      "properties": {
        "id": "osm_way_360939658",
        "name": "Public Toilets",
        "hours": "24/7",
        "accessible": false,
        "fee": 0,
        "source": "osm",
        "last_verified_at": "2025-08-26T18:32:20.745Z",
        "verified_by": "ingest-agent"
      }
    },
    {
      "type": "Feature",
      "geometry": {
        "type": "Point",
        "coordinates": [
          0.0661955,
          51.5652691
        ]
      },
      "properties": {
        "id": "osm_way_361090537",
        "name": "Public Toilets",
        "hours": "24/7",
        "accessible": false,
        "fee": 0,
        "source": "osm",
        "last_verified_at": "2025-08-26T18:32:20.745Z",
        "verified_by": "ingest-agent"
      }
    },
    {
      "type": "Feature",
      "geometry": {
        "type": "Point",
        "coordinates": [
          -0.0485187,
          51.5351302
        ]
      },
      "properties": {
        "id": "osm_way_373206196",
        "name": "Public Toilets",
        "hours": "11:00-17:00",
        "accessible": true,
        "fee": 0,
        "source": "osm",
        "last_verified_at": "2025-08-26T18:32:20.745Z",
        "verified_by": "ingest-agent"
      }
    },
    {
      "type": "Feature",
      "geometry": {
        "type": "Point",
        "coordinates": [
          -0.0615255,
          51.5541042
        ]
      },
      "properties": {
        "id": "osm_way_373404378",
        "name": "Public Toilets",
        "hours": "24/7",
        "accessible": false,
        "fee": 0,
        "source": "osm",
        "last_verified_at": "2025-08-26T18:32:20.745Z",
        "verified_by": "ingest-agent"
      }
    },
    {
      "type": "Feature",
      "geometry": {
        "type": "Point",
        "coordinates": [
          -0.1359605,
          51.5032754
        ]
      },
      "properties": {
        "id": "osm_way_374959168",
        "name": "Public Toilets",
        "hours": "24/7",
        "accessible": true,
        "fee": 20,
        "source": "osm",
        "last_verified_at": "2025-08-26T18:32:20.745Z",
        "verified_by": "ingest-agent"
      }
    },
    {
      "type": "Feature",
      "geometry": {
        "type": "Point",
        "coordinates": [
          -0.4576006,
          51.4696424
        ]
      },
      "properties": {
        "id": "osm_way_394223349",
        "name": "Public Toilets",
        "hours": "24/7",
        "accessible": true,
        "fee": 0,
        "source": "osm",
        "last_verified_at": "2025-08-26T18:32:20.745Z",
        "verified_by": "ingest-agent"
      }
    },
    {
      "type": "Feature",
      "geometry": {
        "type": "Point",
        "coordinates": [
          -0.4589439,
          51.4710035
        ]
      },
      "properties": {
        "id": "osm_way_394223350",
        "name": "Public Toilets",
        "hours": "24/7",
        "accessible": true,
        "fee": 0,
        "source": "osm",
        "last_verified_at": "2025-08-26T18:32:20.745Z",
        "verified_by": "ingest-agent"
      }
    },
    {
      "type": "Feature",
      "geometry": {
        "type": "Point",
        "coordinates": [
          -0.0685765,
          51.3624406
        ]
      },
      "properties": {
        "id": "osm_way_402055510",
        "name": "Public Toilets",
        "hours": "24/7",
        "accessible": false,
        "fee": 0,
        "source": "osm",
        "last_verified_at": "2025-08-26T18:32:20.745Z",
        "verified_by": "ingest-agent"
      }
    },
    {
      "type": "Feature",
      "geometry": {
        "type": "Point",
        "coordinates": [
          -0.2041232,
          51.436272
        ]
      },
      "properties": {
        "id": "osm_way_411460234",
        "name": "Public Toilets",
        "hours": "24/7",
        "accessible": false,
        "fee": 0,
        "source": "osm",
        "last_verified_at": "2025-08-26T18:32:20.745Z",
        "verified_by": "ingest-agent"
      }
    },
    {
      "type": "Feature",
      "geometry": {
        "type": "Point",
        "coordinates": [
          -0.3612701,
          51.4125995
        ]
      },
      "properties": {
        "id": "osm_way_415102274",
        "name": "Public Toilets",
        "hours": "24/7",
        "accessible": false,
        "fee": 0,
        "source": "osm",
        "last_verified_at": "2025-08-26T18:32:20.745Z",
        "verified_by": "ingest-agent"
      }
    },
    {
      "type": "Feature",
      "geometry": {
        "type": "Point",
        "coordinates": [
          -0.0562307,
          51.5455243
        ]
      },
      "properties": {
        "id": "osm_way_416437707",
        "name": "Public Toilets",
        "hours": "Mo-Su 07:00-19:00",
        "accessible": true,
        "fee": 50,
        "source": "osm",
        "last_verified_at": "2025-08-26T18:32:20.745Z",
        "verified_by": "ingest-agent"
      }
    },
    {
      "type": "Feature",
      "geometry": {
        "type": "Point",
        "coordinates": [
          -0.1289802,
          51.6059547
        ]
      },
      "properties": {
        "id": "osm_way_427892867",
        "name": "Public Toilets",
        "hours": "24/7",
        "accessible": true,
        "fee": 0,
        "source": "osm",
        "last_verified_at": "2025-08-26T18:32:20.745Z",
        "verified_by": "ingest-agent"
      }
    },
    {
      "type": "Feature",
      "geometry": {
        "type": "Point",
        "coordinates": [
          -0.0195528,
          51.4552722
        ]
      },
      "properties": {
        "id": "osm_way_433873989",
        "name": "Public Toilets",
        "hours": "24/7",
        "accessible": false,
        "fee": 0,
        "source": "osm",
        "last_verified_at": "2025-08-26T18:32:20.745Z",
        "verified_by": "ingest-agent"
      }
    },
    {
      "type": "Feature",
      "geometry": {
        "type": "Point",
        "coordinates": [
          -0.0848392,
          51.4624039
        ]
      },
      "properties": {
        "id": "osm_way_434991782",
        "name": "Public Toilets",
        "hours": "24/7",
        "accessible": false,
        "fee": 0,
        "source": "osm",
        "last_verified_at": "2025-08-26T18:32:20.745Z",
        "verified_by": "ingest-agent"
      }
    },
    {
      "type": "Feature",
      "geometry": {
        "type": "Point",
        "coordinates": [
          -0.0675185,
          51.4291953
        ]
      },
      "properties": {
        "id": "osm_way_436083602",
        "name": "Public Toilets",
        "hours": "24/7",
        "accessible": true,
        "fee": 0,
        "source": "osm",
        "last_verified_at": "2025-08-26T18:32:20.745Z",
        "verified_by": "ingest-agent"
      }
    },
    {
      "type": "Feature",
      "geometry": {
        "type": "Point",
        "coordinates": [
          -0.0119941,
          51.5593437
        ]
      },
      "properties": {
        "id": "osm_way_436314400",
        "name": "Public Toilets",
        "hours": "24/7",
        "accessible": true,
        "fee": 0,
        "source": "osm",
        "last_verified_at": "2025-08-26T18:32:20.745Z",
        "verified_by": "ingest-agent"
      }
    },
    {
      "type": "Feature",
      "geometry": {
        "type": "Point",
        "coordinates": [
          -0.0670064,
          51.6180724
        ]
      },
      "properties": {
        "id": "osm_way_436844836",
        "name": "Public Toilets",
        "hours": "24/7",
        "accessible": false,
        "fee": 0,
        "source": "osm",
        "last_verified_at": "2025-08-26T18:32:20.745Z",
        "verified_by": "ingest-agent"
      }
    },
    {
      "type": "Feature",
      "geometry": {
        "type": "Point",
        "coordinates": [
          -0.4885249,
          51.4718029
        ]
      },
      "properties": {
        "id": "osm_way_438299655",
        "name": "Public Toilets",
        "hours": "24/7",
        "accessible": true,
        "fee": 0,
        "source": "osm",
        "last_verified_at": "2025-08-26T18:32:20.745Z",
        "verified_by": "ingest-agent"
      }
    },
    {
      "type": "Feature",
      "geometry": {
        "type": "Point",
        "coordinates": [
          -0.4875591,
          51.473168
        ]
      },
      "properties": {
        "id": "osm_way_438299656",
        "name": "Public Toilets",
        "hours": "24/7",
        "accessible": true,
        "fee": 0,
        "source": "osm",
        "last_verified_at": "2025-08-26T18:32:20.745Z",
        "verified_by": "ingest-agent"
      }
    },
    {
      "type": "Feature",
      "geometry": {
        "type": "Point",
        "coordinates": [
          -0.4761111,
          51.4720468
        ]
      },
      "properties": {
        "id": "osm_way_438299657",
        "name": "Public Toilets",
        "hours": "24/7",
        "accessible": true,
        "fee": 0,
        "source": "osm",
        "last_verified_at": "2025-08-26T18:32:20.745Z",
        "verified_by": "ingest-agent"
      }
    },
    {
      "type": "Feature",
      "geometry": {
        "type": "Point",
        "coordinates": [
          -0.4875666,
          51.4701353
        ]
      },
      "properties": {
        "id": "osm_way_438299658",
        "name": "Public Toilets",
        "hours": "24/7",
        "accessible": true,
        "fee": 0,
        "source": "osm",
        "last_verified_at": "2025-08-26T18:32:20.745Z",
        "verified_by": "ingest-agent"
      }
    },
    {
      "type": "Feature",
      "geometry": {
        "type": "Point",
        "coordinates": [
          -0.4886586,
          51.4700742
        ]
      },
      "properties": {
        "id": "osm_way_438299660",
        "name": "Public Toilets",
        "hours": "24/7",
        "accessible": true,
        "fee": 0,
        "source": "osm",
        "last_verified_at": "2025-08-26T18:32:20.745Z",
        "verified_by": "ingest-agent"
      }
    },
    {
      "type": "Feature",
      "geometry": {
        "type": "Point",
        "coordinates": [
          -0.0517449,
          51.562117
        ]
      },
      "properties": {
        "id": "osm_way_445106651",
        "name": "Public Toilets",
        "hours": "24/7",
        "accessible": true,
        "fee": 0,
        "source": "osm",
        "last_verified_at": "2025-08-26T18:32:20.745Z",
        "verified_by": "ingest-agent"
      }
    },
    {
      "type": "Feature",
      "geometry": {
        "type": "Point",
        "coordinates": [
          -0.1384434,
          51.4922355
        ]
      },
      "properties": {
        "id": "osm_way_446489534",
        "name": "Public Toilets",
        "hours": "24/7",
        "accessible": false,
        "fee": 0,
        "source": "osm",
        "last_verified_at": "2025-08-26T18:32:20.745Z",
        "verified_by": "ingest-agent"
      }
    },
    {
      "type": "Feature",
      "geometry": {
        "type": "Point",
        "coordinates": [
          -0.0692119,
          51.641654
        ]
      },
      "properties": {
        "id": "osm_way_454574299",
        "name": "Public Toilets",
        "hours": "24/7",
        "accessible": false,
        "fee": 0,
        "source": "osm",
        "last_verified_at": "2025-08-26T18:32:20.745Z",
        "verified_by": "ingest-agent"
      }
    },
    {
      "type": "Feature",
      "geometry": {
        "type": "Point",
        "coordinates": [
          -0.0664384,
          51.3851507
        ]
      },
      "properties": {
        "id": "osm_way_465853280",
        "name": "Public Toilets",
        "hours": "24/7",
        "accessible": false,
        "fee": 0,
        "source": "osm",
        "last_verified_at": "2025-08-26T18:32:20.745Z",
        "verified_by": "ingest-agent"
      }
    },
    {
      "type": "Feature",
      "geometry": {
        "type": "Point",
        "coordinates": [
          -0.3129277,
          51.4771668
        ]
      },
      "properties": {
        "id": "osm_way_475589218",
        "name": "Public Toilets",
        "hours": "24/7",
        "accessible": false,
        "fee": 0,
        "source": "osm",
        "last_verified_at": "2025-08-26T18:32:20.745Z",
        "verified_by": "ingest-agent"
      }
    },
    {
      "type": "Feature",
      "geometry": {
        "type": "Point",
        "coordinates": [
          -0.3026524,
          51.4467507
        ]
      },
      "properties": {
        "id": "osm_way_477587700",
        "name": "Public Toilets",
        "hours": "24/7",
        "accessible": true,
        "fee": 0,
        "source": "osm",
        "last_verified_at": "2025-08-26T18:32:20.745Z",
        "verified_by": "ingest-agent"
      }
    },
    {
      "type": "Feature",
      "geometry": {
        "type": "Point",
        "coordinates": [
          -0.1941063,
          51.5721275
        ]
      },
      "properties": {
        "id": "osm_way_478905640",
        "name": "Public Toilets",
        "hours": "24/7",
        "accessible": false,
        "fee": 0,
        "source": "osm",
        "last_verified_at": "2025-08-26T18:32:20.745Z",
        "verified_by": "ingest-agent"
      }
    },
    {
      "type": "Feature",
      "geometry": {
        "type": "Point",
        "coordinates": [
          -0.0689679,
          51.6489034
        ]
      },
      "properties": {
        "id": "osm_way_479950120",
        "name": "Public Toilets",
        "hours": "24/7",
        "accessible": false,
        "fee": 0,
        "source": "osm",
        "last_verified_at": "2025-08-26T18:32:20.745Z",
        "verified_by": "ingest-agent"
      }
    },
    {
      "type": "Feature",
      "geometry": {
        "type": "Point",
        "coordinates": [
          0.1319388,
          51.6135418
        ]
      },
      "properties": {
        "id": "osm_way_486364114",
        "name": "Public Toilets",
        "hours": "24/7",
        "accessible": true,
        "fee": 0,
        "source": "osm",
        "last_verified_at": "2025-08-26T18:32:20.745Z",
        "verified_by": "ingest-agent"
      }
    },
    {
      "type": "Feature",
      "geometry": {
        "type": "Point",
        "coordinates": [
          -0.1349897,
          51.5280006
        ]
      },
      "properties": {
        "id": "osm_way_492108218",
        "name": "Public Toilets",
        "hours": "24/7",
        "accessible": false,
        "fee": 0,
        "source": "osm",
        "last_verified_at": "2025-08-26T18:32:20.745Z",
        "verified_by": "ingest-agent"
      }
    },
    {
      "type": "Feature",
      "geometry": {
        "type": "Point",
        "coordinates": [
          -0.1491222,
          51.5285959
        ]
      },
      "properties": {
        "id": "osm_way_503251657",
        "name": "Public Toilets",
        "hours": "24/7",
        "accessible": true,
        "fee": 50,
        "source": "osm",
        "last_verified_at": "2025-08-26T18:32:20.745Z",
        "verified_by": "ingest-agent"
      }
    },
    {
      "type": "Feature",
      "geometry": {
        "type": "Point",
        "coordinates": [
          -0.0604892,
          51.537811
        ]
      },
      "properties": {
        "id": "osm_way_540406139",
        "name": "Public Toilets",
        "hours": "24/7",
        "accessible": true,
        "fee": 0,
        "source": "osm",
        "last_verified_at": "2025-08-26T18:32:20.745Z",
        "verified_by": "ingest-agent"
      }
    },
    {
      "type": "Feature",
      "geometry": {
        "type": "Point",
        "coordinates": [
          0.0025347,
          51.4733528
        ]
      },
      "properties": {
        "id": "osm_way_540879635",
        "name": "Public Toilets",
        "hours": "24/7",
        "accessible": true,
        "fee": 50,
        "source": "osm",
        "last_verified_at": "2025-08-26T18:32:20.745Z",
        "verified_by": "ingest-agent"
      }
    },
    {
      "type": "Feature",
      "geometry": {
        "type": "Point",
        "coordinates": [
          -0.4055502,
          51.4257349
        ]
      },
      "properties": {
        "id": "osm_way_542043777",
        "name": "Public Toilets",
        "hours": "24/7",
        "accessible": false,
        "fee": 0,
        "source": "osm",
        "last_verified_at": "2025-08-26T18:32:20.745Z",
        "verified_by": "ingest-agent"
      }
    },
    {
      "type": "Feature",
      "geometry": {
        "type": "Point",
        "coordinates": [
          -0.077785,
          51.4849722
        ]
      },
      "properties": {
        "id": "osm_way_545286376",
        "name": "Public Toilets",
        "hours": "24/7",
        "accessible": false,
        "fee": 0,
        "source": "osm",
        "last_verified_at": "2025-08-26T18:32:20.745Z",
        "verified_by": "ingest-agent"
      }
    },
    {
      "type": "Feature",
      "geometry": {
        "type": "Point",
        "coordinates": [
          -0.0942277,
          51.4258629
        ]
      },
      "properties": {
        "id": "osm_way_550708433",
        "name": "Public Toilets",
        "hours": "24/7",
        "accessible": false,
        "fee": 0,
        "source": "osm",
        "last_verified_at": "2025-08-26T18:32:20.745Z",
        "verified_by": "ingest-agent"
      }
    },
    {
      "type": "Feature",
      "geometry": {
        "type": "Point",
        "coordinates": [
          -0.2906835,
          51.4783601
        ]
      },
      "properties": {
        "id": "osm_way_555456343",
        "name": "Public Toilets",
        "hours": "24/7",
        "accessible": true,
        "fee": 0,
        "source": "osm",
        "last_verified_at": "2025-08-26T18:32:20.745Z",
        "verified_by": "ingest-agent"
      }
    },
    {
      "type": "Feature",
      "geometry": {
        "type": "Point",
        "coordinates": [
          -0.3547541,
          51.5939727
        ]
      },
      "properties": {
        "id": "osm_way_559262667",
        "name": "Public Toilets",
        "hours": "24/7",
        "accessible": false,
        "fee": 0,
        "source": "osm",
        "last_verified_at": "2025-08-26T18:32:20.745Z",
        "verified_by": "ingest-agent"
      }
    },
    {
      "type": "Feature",
      "geometry": {
        "type": "Point",
        "coordinates": [
          -0.1254881,
          51.527987
        ]
      },
      "properties": {
        "id": "osm_way_565856115",
        "name": "Public Toilets",
        "hours": "24/7",
        "accessible": false,
        "fee": 0,
        "source": "osm",
        "last_verified_at": "2025-08-26T18:32:20.745Z",
        "verified_by": "ingest-agent"
      }
    },
    {
      "type": "Feature",
      "geometry": {
        "type": "Point",
        "coordinates": [
          -0.1254722,
          51.5279625
        ]
      },
      "properties": {
        "id": "osm_way_565856116",
        "name": "Public Toilets",
        "hours": "24/7",
        "accessible": false,
        "fee": 0,
        "source": "osm",
        "last_verified_at": "2025-08-26T18:32:20.745Z",
        "verified_by": "ingest-agent"
      }
    },
    {
      "type": "Feature",
      "geometry": {
        "type": "Point",
        "coordinates": [
          -0.1253161,
          51.5277969
        ]
      },
      "properties": {
        "id": "osm_way_565868928",
        "name": "Public Toilets",
        "hours": "24/7",
        "accessible": false,
        "fee": 0,
        "source": "osm",
        "last_verified_at": "2025-08-26T18:32:20.745Z",
        "verified_by": "ingest-agent"
      }
    },
    {
      "type": "Feature",
      "geometry": {
        "type": "Point",
        "coordinates": [
          -0.1252505,
          51.527779
        ]
      },
      "properties": {
        "id": "osm_way_565869416",
        "name": "Public Toilets",
        "hours": "24/7",
        "accessible": false,
        "fee": 0,
        "source": "osm",
        "last_verified_at": "2025-08-26T18:32:20.745Z",
        "verified_by": "ingest-agent"
      }
    },
    {
      "type": "Feature",
      "geometry": {
        "type": "Point",
        "coordinates": [
          -0.1252879,
          51.5277655
        ]
      },
      "properties": {
        "id": "osm_way_565869687",
        "name": "Public Toilets",
        "hours": "24/7",
        "accessible": false,
        "fee": 0,
        "source": "osm",
        "last_verified_at": "2025-08-26T18:32:20.745Z",
        "verified_by": "ingest-agent"
      }
    },
    {
      "type": "Feature",
      "geometry": {
        "type": "Point",
        "coordinates": [
          -0.1254373,
          51.5278215
        ]
      },
      "properties": {
        "id": "osm_way_565921961",
        "name": "Public Toilets",
        "hours": "24/7",
        "accessible": false,
        "fee": 0,
        "source": "osm",
        "last_verified_at": "2025-08-26T18:32:20.745Z",
        "verified_by": "ingest-agent"
      }
    },
    {
      "type": "Feature",
      "geometry": {
        "type": "Point",
        "coordinates": [
          -0.4378857,
          51.5696077
        ]
      },
      "properties": {
        "id": "osm_way_567009463",
        "name": "Public Toilets",
        "hours": "24/7",
        "accessible": false,
        "fee": 0,
        "source": "osm",
        "last_verified_at": "2025-08-26T18:32:20.745Z",
        "verified_by": "ingest-agent"
      }
    },
    {
      "type": "Feature",
      "geometry": {
        "type": "Point",
        "coordinates": [
          -0.3237766,
          51.5365755
        ]
      },
      "properties": {
        "id": "osm_way_567513840",
        "name": "Public Toilets",
        "hours": "24/7",
        "accessible": false,
        "fee": 0,
        "source": "osm",
        "last_verified_at": "2025-08-26T18:32:20.745Z",
        "verified_by": "ingest-agent"
      }
    },
    {
      "type": "Feature",
      "geometry": {
        "type": "Point",
        "coordinates": [
          -0.3237439,
          51.5366097
        ]
      },
      "properties": {
        "id": "osm_way_567513841",
        "name": "Public Toilets",
        "hours": "24/7",
        "accessible": false,
        "fee": 0,
        "source": "osm",
        "last_verified_at": "2025-08-26T18:32:20.745Z",
        "verified_by": "ingest-agent"
      }
    },
    {
      "type": "Feature",
      "geometry": {
        "type": "Point",
        "coordinates": [
          -0.3668111,
          51.4711571
        ]
      },
      "properties": {
        "id": "osm_way_571644668",
        "name": "Public Toilets",
        "hours": "24/7",
        "accessible": true,
        "fee": 0,
        "source": "osm",
        "last_verified_at": "2025-08-26T18:32:20.745Z",
        "verified_by": "ingest-agent"
      }
    },
    {
      "type": "Feature",
      "geometry": {
        "type": "Point",
        "coordinates": [
          -0.3668118,
          51.4711748
        ]
      },
      "properties": {
        "id": "osm_way_571644669",
        "name": "Public Toilets",
        "hours": "24/7",
        "accessible": false,
        "fee": 0,
        "source": "osm",
        "last_verified_at": "2025-08-26T18:32:20.745Z",
        "verified_by": "ingest-agent"
      }
    },
    {
      "type": "Feature",
      "geometry": {
        "type": "Point",
        "coordinates": [
          -0.300107,
          51.4459677
        ]
      },
      "properties": {
        "id": "osm_way_605538319",
        "name": "Public Toilets",
        "hours": "24/7",
        "accessible": true,
        "fee": 0,
        "source": "osm",
        "last_verified_at": "2025-08-26T18:32:20.745Z",
        "verified_by": "ingest-agent"
      }
    },
    {
      "type": "Feature",
      "geometry": {
        "type": "Point",
        "coordinates": [
          0.1456194,
          51.5948561
        ]
      },
      "properties": {
        "id": "osm_way_648126696",
        "name": "Public Toilets",
        "hours": "24/7",
        "accessible": false,
        "fee": 0,
        "source": "osm",
        "last_verified_at": "2025-08-26T18:32:20.745Z",
        "verified_by": "ingest-agent"
      }
    },
    {
      "type": "Feature",
      "geometry": {
        "type": "Point",
        "coordinates": [
          -0.1960892,
          51.6406063
        ]
      },
      "properties": {
        "id": "osm_way_662470231",
        "name": "Public Toilets",
        "hours": "24/7",
        "accessible": false,
        "fee": 0,
        "source": "osm",
        "last_verified_at": "2025-08-26T18:32:20.745Z",
        "verified_by": "ingest-agent"
      }
    },
    {
      "type": "Feature",
      "geometry": {
        "type": "Point",
        "coordinates": [
          -0.1961295,
          51.6406001
        ]
      },
      "properties": {
        "id": "osm_way_662470233",
        "name": "Public Toilets",
        "hours": "24/7",
        "accessible": false,
        "fee": 0,
        "source": "osm",
        "last_verified_at": "2025-08-26T18:32:20.745Z",
        "verified_by": "ingest-agent"
      }
    },
    {
      "type": "Feature",
      "geometry": {
        "type": "Point",
        "coordinates": [
          -0.1537257,
          51.5205167
        ]
      },
      "properties": {
        "id": "osm_way_674860210",
        "name": "Public Toilets",
        "hours": "24/7",
        "accessible": false,
        "fee": 0,
        "source": "osm",
        "last_verified_at": "2025-08-26T18:32:20.745Z",
        "verified_by": "ingest-agent"
      }
    },
    {
      "type": "Feature",
      "geometry": {
        "type": "Point",
        "coordinates": [
          0.1891796,
          51.5289092
        ]
      },
      "properties": {
        "id": "osm_way_676122664",
        "name": "Public Toilets",
        "hours": "24/7",
        "accessible": false,
        "fee": 0,
        "source": "osm",
        "last_verified_at": "2025-08-26T18:32:20.745Z",
        "verified_by": "ingest-agent"
      }
    },
    {
      "type": "Feature",
      "geometry": {
        "type": "Point",
        "coordinates": [
          -0.3518927,
          51.4810193
        ]
      },
      "properties": {
        "id": "osm_way_691258640",
        "name": "Public Toilets",
        "hours": "24/7",
        "accessible": false,
        "fee": 50,
        "source": "osm",
        "last_verified_at": "2025-08-26T18:32:20.745Z",
        "verified_by": "ingest-agent"
      }
    },
    {
      "type": "Feature",
      "geometry": {
        "type": "Point",
        "coordinates": [
          -0.3519114,
          51.4810585
        ]
      },
      "properties": {
        "id": "osm_way_691258643",
        "name": "Public Toilets",
        "hours": "24/7",
        "accessible": false,
        "fee": 50,
        "source": "osm",
        "last_verified_at": "2025-08-26T18:32:20.745Z",
        "verified_by": "ingest-agent"
      }
    },
    {
      "type": "Feature",
      "geometry": {
        "type": "Point",
        "coordinates": [
          -0.3248478,
          51.4958297
        ]
      },
      "properties": {
        "id": "osm_way_693582706",
        "name": "Public Toilets",
        "hours": "24/7",
        "accessible": false,
        "fee": 50,
        "source": "osm",
        "last_verified_at": "2025-08-26T18:32:20.745Z",
        "verified_by": "ingest-agent"
      }
    },
    {
      "type": "Feature",
      "geometry": {
        "type": "Point",
        "coordinates": [
          -0.3246961,
          51.4957488
        ]
      },
      "properties": {
        "id": "osm_way_693582708",
        "name": "Public Toilets",
        "hours": "24/7",
        "accessible": false,
        "fee": 50,
        "source": "osm",
        "last_verified_at": "2025-08-26T18:32:20.745Z",
        "verified_by": "ingest-agent"
      }
    },
    {
      "type": "Feature",
      "geometry": {
        "type": "Point",
        "coordinates": [
          -0.182096,
          51.5330259
        ]
      },
      "properties": {
        "id": "osm_way_703448068",
        "name": "Public Toilets",
        "hours": "24/7",
        "accessible": false,
        "fee": 0,
        "source": "osm",
        "last_verified_at": "2025-08-26T18:32:20.745Z",
        "verified_by": "ingest-agent"
      }
    },
    {
      "type": "Feature",
      "geometry": {
        "type": "Point",
        "coordinates": [
          -0.0270612,
          51.5059155
        ]
      },
      "properties": {
        "id": "osm_way_704810470",
        "name": "Public Toilets",
        "hours": "Mo-Fr 10:00-18:00",
        "accessible": true,
        "fee": 0,
        "source": "osm",
        "last_verified_at": "2025-08-26T18:32:20.745Z",
        "verified_by": "ingest-agent"
      }
    },
    {
      "type": "Feature",
      "geometry": {
        "type": "Point",
        "coordinates": [
          -0.2319747,
          51.4149788
        ]
      },
      "properties": {
        "id": "osm_way_707115097",
        "name": "Public Toilets",
        "hours": "24/7",
        "accessible": false,
        "fee": 0,
        "source": "osm",
        "last_verified_at": "2025-08-26T18:32:20.745Z",
        "verified_by": "ingest-agent"
      }
    },
    {
      "type": "Feature",
      "geometry": {
        "type": "Point",
        "coordinates": [
          -0.2749696,
          51.47102
        ]
      },
      "properties": {
        "id": "osm_way_764411873",
        "name": "Public Toilets",
        "hours": "24/7",
        "accessible": false,
        "fee": 0,
        "source": "osm",
        "last_verified_at": "2025-08-26T18:32:20.745Z",
        "verified_by": "ingest-agent"
      }
    },
    {
      "type": "Feature",
      "geometry": {
        "type": "Point",
        "coordinates": [
          -0.2039978,
          51.514482
        ]
      },
      "properties": {
        "id": "osm_way_768605914",
        "name": "Public Toilets",
        "hours": "24/7",
        "accessible": true,
        "fee": 0,
        "source": "osm",
        "last_verified_at": "2025-08-26T18:32:20.745Z",
        "verified_by": "ingest-agent"
      }
    },
    {
      "type": "Feature",
      "geometry": {
        "type": "Point",
        "coordinates": [
          -0.2180782,
          51.4051459
        ]
      },
      "properties": {
        "id": "osm_way_769025495",
        "name": "Public Toilets",
        "hours": "24/7",
        "accessible": false,
        "fee": 0,
        "source": "osm",
        "last_verified_at": "2025-08-26T18:32:20.745Z",
        "verified_by": "ingest-agent"
      }
    },
    {
      "type": "Feature",
      "geometry": {
        "type": "Point",
        "coordinates": [
          -0.1340507,
          51.5911442
        ]
      },
      "properties": {
        "id": "osm_way_795734106",
        "name": "Public Toilets",
        "hours": "24/7",
        "accessible": false,
        "fee": 0,
        "source": "osm",
        "last_verified_at": "2025-08-26T18:32:20.745Z",
        "verified_by": "ingest-agent"
      }
    },
    {
      "type": "Feature",
      "geometry": {
        "type": "Point",
        "coordinates": [
          -0.1610999,
          51.4752875
        ]
      },
      "properties": {
        "id": "osm_way_808481141",
        "name": "Battersea Park",
        "hours": "24/7",
        "accessible": true,
        "fee": 0,
        "source": "osm",
        "last_verified_at": "2025-08-26T18:32:20.745Z",
        "verified_by": "ingest-agent"
      }
    },
    {
      "type": "Feature",
      "geometry": {
        "type": "Point",
        "coordinates": [
          -0.0911778,
          51.5061239
        ]
      },
      "properties": {
        "id": "osm_way_810273915",
        "name": "Public Toilets",
        "hours": "24/7",
        "accessible": true,
        "fee": 0,
        "source": "osm",
        "last_verified_at": "2025-08-26T18:32:20.745Z",
        "verified_by": "ingest-agent"
      }
    },
    {
      "type": "Feature",
      "geometry": {
        "type": "Point",
        "coordinates": [
          -0.0912776,
          51.5061412
        ]
      },
      "properties": {
        "id": "osm_way_810273917",
        "name": "Public Toilets",
        "hours": "24/7",
        "accessible": false,
        "fee": 0,
        "source": "osm",
        "last_verified_at": "2025-08-26T18:32:20.745Z",
        "verified_by": "ingest-agent"
      }
    },
    {
      "type": "Feature",
      "geometry": {
        "type": "Point",
        "coordinates": [
          -0.3324374,
          51.4086694
        ]
      },
      "properties": {
        "id": "osm_way_810489752",
        "name": "Public Toilets",
        "hours": "24/7",
        "accessible": false,
        "fee": 0,
        "source": "osm",
        "last_verified_at": "2025-08-26T18:32:20.745Z",
        "verified_by": "ingest-agent"
      }
    },
    {
      "type": "Feature",
      "geometry": {
        "type": "Point",
        "coordinates": [
          -0.2542712,
          51.4001389
        ]
      },
      "properties": {
        "id": "osm_way_822357983",
        "name": "Blagdon Road Public Toilets",
        "hours": "24/7",
        "accessible": false,
        "fee": 0,
        "source": "osm",
        "last_verified_at": "2025-08-26T18:32:20.745Z",
        "verified_by": "ingest-agent"
      }
    },
    {
      "type": "Feature",
      "geometry": {
        "type": "Point",
        "coordinates": [
          -0.0687139,
          51.5335116
        ]
      },
      "properties": {
        "id": "osm_way_824820074",
        "name": "Public Toilets",
        "hours": "24/7",
        "accessible": true,
        "fee": 0,
        "source": "osm",
        "last_verified_at": "2025-08-26T18:32:20.745Z",
        "verified_by": "ingest-agent"
      }
    },
    {
      "type": "Feature",
      "geometry": {
        "type": "Point",
        "coordinates": [
          -0.1830949,
          51.4797535
        ]
      },
      "properties": {
        "id": "osm_way_827030194",
        "name": "Public Toilets",
        "hours": "24/7",
        "accessible": false,
        "fee": 0,
        "source": "osm",
        "last_verified_at": "2025-08-26T18:32:20.745Z",
        "verified_by": "ingest-agent"
      }
    },
    {
      "type": "Feature",
      "geometry": {
        "type": "Point",
        "coordinates": [
          -0.0120618,
          51.5383997
        ]
      },
      "properties": {
        "id": "osm_way_827855009",
        "name": "Public Toilets",
        "hours": "24/7",
        "accessible": true,
        "fee": 0,
        "source": "osm",
        "last_verified_at": "2025-08-26T18:32:20.745Z",
        "verified_by": "ingest-agent"
      }
    },
    {
      "type": "Feature",
      "geometry": {
        "type": "Point",
        "coordinates": [
          -0.0132008,
          51.5353188
        ]
      },
      "properties": {
        "id": "osm_way_828438497",
        "name": "Public Toilets",
        "hours": "24/7",
        "accessible": false,
        "fee": 0,
        "source": "osm",
        "last_verified_at": "2025-08-26T18:32:20.745Z",
        "verified_by": "ingest-agent"
      }
    },
    {
      "type": "Feature",
      "geometry": {
        "type": "Point",
        "coordinates": [
          -0.1526129,
          51.5279774
        ]
      },
      "properties": {
        "id": "osm_way_831725598",
        "name": "Public Toilets",
        "hours": "24/7",
        "accessible": true,
        "fee": 50,
        "source": "osm",
        "last_verified_at": "2025-08-26T18:32:20.745Z",
        "verified_by": "ingest-agent"
      }
    },
    {
      "type": "Feature",
      "geometry": {
        "type": "Point",
        "coordinates": [
          0.2481746,
          51.5549536
        ]
      },
      "properties": {
        "id": "osm_way_837160603",
        "name": "Public toilet",
        "hours": "24/7",
        "accessible": false,
        "fee": 0,
        "source": "osm",
        "last_verified_at": "2025-08-26T18:32:20.745Z",
        "verified_by": "ingest-agent"
      }
    },
    {
      "type": "Feature",
      "geometry": {
        "type": "Point",
        "coordinates": [
          -0.0797439,
          51.5179986
        ]
      },
      "properties": {
        "id": "osm_way_837408790",
        "name": "Public Toilets",
        "hours": "24/7",
        "accessible": false,
        "fee": 0,
        "source": "osm",
        "last_verified_at": "2025-08-26T18:32:20.745Z",
        "verified_by": "ingest-agent"
      }
    },
    {
      "type": "Feature",
      "geometry": {
        "type": "Point",
        "coordinates": [
          -0.1553169,
          51.5280349
        ]
      },
      "properties": {
        "id": "osm_way_839406963",
        "name": "Regents Park Open Air Theatre",
        "hours": "24/7",
        "accessible": true,
        "fee": 0,
        "source": "osm",
        "last_verified_at": "2025-08-26T18:32:20.745Z",
        "verified_by": "ingest-agent"
      }
    },
    {
      "type": "Feature",
      "geometry": {
        "type": "Point",
        "coordinates": [
          -0.3986754,
          51.5566185
        ]
      },
      "properties": {
        "id": "osm_way_839773461",
        "name": "Public Toilets",
        "hours": "24/7",
        "accessible": false,
        "fee": 0,
        "source": "osm",
        "last_verified_at": "2025-08-26T18:32:20.745Z",
        "verified_by": "ingest-agent"
      }
    },
    {
      "type": "Feature",
      "geometry": {
        "type": "Point",
        "coordinates": [
          -0.2901434,
          51.4791171
        ]
      },
      "properties": {
        "id": "osm_way_840364022",
        "name": "Public Toilets",
        "hours": "24/7",
        "accessible": true,
        "fee": 0,
        "source": "osm",
        "last_verified_at": "2025-08-26T18:32:20.745Z",
        "verified_by": "ingest-agent"
      }
    },
    {
      "type": "Feature",
      "geometry": {
        "type": "Point",
        "coordinates": [
          -0.1585318,
          51.5363794
        ]
      },
      "properties": {
        "id": "osm_way_843180315",
        "name": "Public Toilets",
        "hours": "24/7",
        "accessible": true,
        "fee": 0,
        "source": "osm",
        "last_verified_at": "2025-08-26T18:32:20.745Z",
        "verified_by": "ingest-agent"
      }
    },
    {
      "type": "Feature",
      "geometry": {
        "type": "Point",
        "coordinates": [
          -0.2055543,
          51.5407068
        ]
      },
      "properties": {
        "id": "osm_way_867892680",
        "name": "Public Toilets",
        "hours": "24/7",
        "accessible": true,
        "fee": 0,
        "source": "osm",
        "last_verified_at": "2025-08-26T18:32:20.745Z",
        "verified_by": "ingest-agent"
      }
    },
    {
      "type": "Feature",
      "geometry": {
        "type": "Point",
        "coordinates": [
          0.1296227,
          51.5695772
        ]
      },
      "properties": {
        "id": "osm_way_869744067",
        "name": "Public Toilets",
        "hours": "24/7",
        "accessible": false,
        "fee": 0,
        "source": "osm",
        "last_verified_at": "2025-08-26T18:32:20.745Z",
        "verified_by": "ingest-agent"
      }
    },
    {
      "type": "Feature",
      "geometry": {
        "type": "Point",
        "coordinates": [
          0.1294597,
          51.5695317
        ]
      },
      "properties": {
        "id": "osm_way_869744069",
        "name": "Public Toilets",
        "hours": "24/7",
        "accessible": false,
        "fee": 0,
        "source": "osm",
        "last_verified_at": "2025-08-26T18:32:20.745Z",
        "verified_by": "ingest-agent"
      }
    },
    {
      "type": "Feature",
      "geometry": {
        "type": "Point",
        "coordinates": [
          0.1295132,
          51.5695412
        ]
      },
      "properties": {
        "id": "osm_way_869744070",
        "name": "Public Toilets",
        "hours": "24/7",
        "accessible": true,
        "fee": 0,
        "source": "osm",
        "last_verified_at": "2025-08-26T18:32:20.745Z",
        "verified_by": "ingest-agent"
      }
    },
    {
      "type": "Feature",
      "geometry": {
        "type": "Point",
        "coordinates": [
          -0.1575174,
          51.5372195
        ]
      },
      "properties": {
        "id": "osm_way_881301236",
        "name": "Public Toilets",
        "hours": "24/7",
        "accessible": true,
        "fee": 0,
        "source": "osm",
        "last_verified_at": "2025-08-26T18:32:20.745Z",
        "verified_by": "ingest-agent"
      }
    },
    {
      "type": "Feature",
      "geometry": {
        "type": "Point",
        "coordinates": [
          -0.1574553,
          51.5370833
        ]
      },
      "properties": {
        "id": "osm_way_881301238",
        "name": "Public Toilets",
        "hours": "24/7",
        "accessible": false,
        "fee": 0,
        "source": "osm",
        "last_verified_at": "2025-08-26T18:32:20.745Z",
        "verified_by": "ingest-agent"
      }
    },
    {
      "type": "Feature",
      "geometry": {
        "type": "Point",
        "coordinates": [
          -0.0544064,
          51.54759
        ]
      },
      "properties": {
        "id": "osm_way_884683193",
        "name": "Public Toilets",
        "hours": "Mo-Su 07:00-19:00",
        "accessible": true,
        "fee": 0,
        "source": "osm",
        "last_verified_at": "2025-08-26T18:32:20.745Z",
        "verified_by": "ingest-agent"
      }
    },
    {
      "type": "Feature",
      "geometry": {
        "type": "Point",
        "coordinates": [
          -0.1301131,
          51.5048058
        ]
      },
      "properties": {
        "id": "osm_way_887536597",
        "name": "Public Toilets",
        "hours": "24/7",
        "accessible": false,
        "fee": 50,
        "source": "osm",
        "last_verified_at": "2025-08-26T18:32:20.745Z",
        "verified_by": "ingest-agent"
      }
    },
    {
      "type": "Feature",
      "geometry": {
        "type": "Point",
        "coordinates": [
          -0.4883782,
          51.5187595
        ]
      },
      "properties": {
        "id": "osm_way_912125291",
        "name": "Public Toilets",
        "hours": "24/7",
        "accessible": false,
        "fee": 0,
        "source": "osm",
        "last_verified_at": "2025-08-26T18:32:20.745Z",
        "verified_by": "ingest-agent"
      }
    },
    {
      "type": "Feature",
      "geometry": {
        "type": "Point",
        "coordinates": [
          -0.1651047,
          51.554363
        ]
      },
      "properties": {
        "id": "osm_way_913770594",
        "name": "Public Toilets",
        "hours": "Jun-Oct: Mo-Su 09:00-20:00; Nov-May: Mo-Su 09:00-18:00",
        "accessible": false,
        "fee": 0,
        "source": "osm",
        "last_verified_at": "2025-08-26T18:32:20.745Z",
        "verified_by": "ingest-agent"
      }
    },
    {
      "type": "Feature",
      "geometry": {
        "type": "Point",
        "coordinates": [
          -0.134869,
          51.6044046
        ]
      },
      "properties": {
        "id": "osm_way_914831971",
        "name": "Golf Course Allotments Compost Toilet",
        "hours": "24/7",
        "accessible": true,
        "fee": 0,
        "source": "osm",
        "last_verified_at": "2025-08-26T18:32:20.745Z",
        "verified_by": "ingest-agent"
      }
    },
    {
      "type": "Feature",
      "geometry": {
        "type": "Point",
        "coordinates": [
          -0.2050858,
          51.3680461
        ]
      },
      "properties": {
        "id": "osm_way_915500827",
        "name": "Public Toilets",
        "hours": "24/7",
        "accessible": false,
        "fee": 0,
        "source": "osm",
        "last_verified_at": "2025-08-26T18:32:20.745Z",
        "verified_by": "ingest-agent"
      }
    },
    {
      "type": "Feature",
      "geometry": {
        "type": "Point",
        "coordinates": [
          -0.2038668,
          51.368253
        ]
      },
      "properties": {
        "id": "osm_way_915500830",
        "name": "Public Toilets",
        "hours": "24/7",
        "accessible": false,
        "fee": 0,
        "source": "osm",
        "last_verified_at": "2025-08-26T18:32:20.745Z",
        "verified_by": "ingest-agent"
      }
    },
    {
      "type": "Feature",
      "geometry": {
        "type": "Point",
        "coordinates": [
          -0.2544093,
          51.4520979
        ]
      },
      "properties": {
        "id": "osm_way_917791877",
        "name": "Public Toilets",
        "hours": "24/7",
        "accessible": false,
        "fee": 0,
        "source": "osm",
        "last_verified_at": "2025-08-26T18:32:20.745Z",
        "verified_by": "ingest-agent"
      }
    },
    {
      "type": "Feature",
      "geometry": {
        "type": "Point",
        "coordinates": [
          -0.2542982,
          51.4520838
        ]
      },
      "properties": {
        "id": "osm_way_917791878",
        "name": "Public Toilets",
        "hours": "24/7",
        "accessible": false,
        "fee": 0,
        "source": "osm",
        "last_verified_at": "2025-08-26T18:32:20.745Z",
        "verified_by": "ingest-agent"
      }
    },
    {
      "type": "Feature",
      "geometry": {
        "type": "Point",
        "coordinates": [
          0.045919,
          51.5412159
        ]
      },
      "properties": {
        "id": "osm_way_932040046",
        "name": "Public Toilets",
        "hours": "24/7",
        "accessible": false,
        "fee": 0,
        "source": "osm",
        "last_verified_at": "2025-08-26T18:32:20.745Z",
        "verified_by": "ingest-agent"
      }
    },
    {
      "type": "Feature",
      "geometry": {
        "type": "Point",
        "coordinates": [
          -0.0591845,
          51.5411704
        ]
      },
      "properties": {
        "id": "osm_way_945025283",
        "name": "Public Toilets",
        "hours": "24/7",
        "accessible": true,
        "fee": 0,
        "source": "osm",
        "last_verified_at": "2025-08-26T18:32:20.745Z",
        "verified_by": "ingest-agent"
      }
    },
    {
      "type": "Feature",
      "geometry": {
        "type": "Point",
        "coordinates": [
          0.064209,
          51.5233743
        ]
      },
      "properties": {
        "id": "osm_way_952665115",
        "name": "Public Toilets",
        "hours": "24/7",
        "accessible": false,
        "fee": 0,
        "source": "osm",
        "last_verified_at": "2025-08-26T18:32:20.745Z",
        "verified_by": "ingest-agent"
      }
    },
    {
      "type": "Feature",
      "geometry": {
        "type": "Point",
        "coordinates": [
          -0.4685105,
          51.5000268
        ]
      },
      "properties": {
        "id": "osm_way_954865111",
        "name": "Public Toilets",
        "hours": "24/7",
        "accessible": false,
        "fee": 0,
        "source": "osm",
        "last_verified_at": "2025-08-26T18:32:20.745Z",
        "verified_by": "ingest-agent"
      }
    },
    {
      "type": "Feature",
      "geometry": {
        "type": "Point",
        "coordinates": [
          -0.1847122,
          51.5680433
        ]
      },
      "properties": {
        "id": "osm_way_964033974",
        "name": "Public Toilets",
        "hours": "24/7",
        "accessible": true,
        "fee": 0,
        "source": "osm",
        "last_verified_at": "2025-08-26T18:32:20.745Z",
        "verified_by": "ingest-agent"
      }
    },
    {
      "type": "Feature",
      "geometry": {
        "type": "Point",
        "coordinates": [
          -0.2372242,
          51.4974905
        ]
      },
      "properties": {
        "id": "osm_way_964588666",
        "name": "Public Toilets",
        "hours": "24/7",
        "accessible": false,
        "fee": 0,
        "source": "osm",
        "last_verified_at": "2025-08-26T18:32:20.745Z",
        "verified_by": "ingest-agent"
      }
    },
    {
      "type": "Feature",
      "geometry": {
        "type": "Point",
        "coordinates": [
          -0.0742941,
          51.525459
        ]
      },
      "properties": {
        "id": "osm_way_965414966",
        "name": "Public Toilets",
        "hours": "24/7",
        "accessible": false,
        "fee": 0,
        "source": "osm",
        "last_verified_at": "2025-08-26T18:32:20.745Z",
        "verified_by": "ingest-agent"
      }
    },
    {
      "type": "Feature",
      "geometry": {
        "type": "Point",
        "coordinates": [
          -0.1620937,
          51.5294257
        ]
      },
      "properties": {
        "id": "osm_way_967284960",
        "name": "Public Toilets",
        "hours": "24/7",
        "accessible": false,
        "fee": 0,
        "source": "osm",
        "last_verified_at": "2025-08-26T18:32:20.745Z",
        "verified_by": "ingest-agent"
      }
    },
    {
      "type": "Feature",
      "geometry": {
        "type": "Point",
        "coordinates": [
          -0.42707,
          51.5771324
        ]
      },
      "properties": {
        "id": "osm_way_967982011",
        "name": "Public Toilets",
        "hours": "24/7",
        "accessible": false,
        "fee": 0,
        "source": "osm",
        "last_verified_at": "2025-08-26T18:32:20.745Z",
        "verified_by": "ingest-agent"
      }
    },
    {
      "type": "Feature",
      "geometry": {
        "type": "Point",
        "coordinates": [
          -0.293896,
          51.4041155
        ]
      },
      "properties": {
        "id": "osm_way_973247405",
        "name": "Public Toilets",
        "hours": "24/7",
        "accessible": true,
        "fee": 0,
        "source": "osm",
        "last_verified_at": "2025-08-26T18:32:20.745Z",
        "verified_by": "ingest-agent"
      }
    },
    {
      "type": "Feature",
      "geometry": {
        "type": "Point",
        "coordinates": [
          -0.339387,
          51.4063032
        ]
      },
      "properties": {
        "id": "osm_way_984907526",
        "name": "Public Toilets",
        "hours": "24/7",
        "accessible": false,
        "fee": 0,
        "source": "osm",
        "last_verified_at": "2025-08-26T18:32:20.745Z",
        "verified_by": "ingest-agent"
      }
    },
    {
      "type": "Feature",
      "geometry": {
        "type": "Point",
        "coordinates": [
          -0.0796391,
          51.5329186
        ]
      },
      "properties": {
        "id": "osm_way_987462826",
        "name": "Public Toilets",
        "hours": "Mo-Su,PH 07:00-19:00",
        "accessible": false,
        "fee": 50,
        "source": "osm",
        "last_verified_at": "2025-08-26T18:32:20.745Z",
        "verified_by": "ingest-agent"
      }
    },
    {
      "type": "Feature",
      "geometry": {
        "type": "Point",
        "coordinates": [
          -0.0762711,
          51.5414301
        ]
      },
      "properties": {
        "id": "osm_way_993018154",
        "name": "Public Toilets",
        "hours": "24/7",
        "accessible": true,
        "fee": 0,
        "source": "osm",
        "last_verified_at": "2025-08-26T18:32:20.745Z",
        "verified_by": "ingest-agent"
      }
    },
    {
      "type": "Feature",
      "geometry": {
        "type": "Point",
        "coordinates": [
          -0.2640785,
          51.4960486
        ]
      },
      "properties": {
        "id": "osm_way_993512287",
        "name": "Public Toilets",
        "hours": "24/7",
        "accessible": true,
        "fee": 0,
        "source": "osm",
        "last_verified_at": "2025-08-26T18:32:20.745Z",
        "verified_by": "ingest-agent"
      }
    },
    {
      "type": "Feature",
      "geometry": {
        "type": "Point",
        "coordinates": [
          -0.2164779,
          51.4634823
        ]
      },
      "properties": {
        "id": "osm_way_1011332533",
        "name": "Putney Exchange",
        "hours": "24/7",
        "accessible": true,
        "fee": 0,
        "source": "osm",
        "last_verified_at": "2025-08-26T18:32:20.745Z",
        "verified_by": "ingest-agent"
      }
    },
    {
      "type": "Feature",
      "geometry": {
        "type": "Point",
        "coordinates": [
          -0.1423976,
          51.5900848
        ]
      },
      "properties": {
        "id": "osm_way_1039906963",
        "name": "Public Toilets",
        "hours": "Mo-Su 09:00-18:00",
        "accessible": true,
        "fee": 0,
        "source": "osm",
        "last_verified_at": "2025-08-26T18:32:20.745Z",
        "verified_by": "ingest-agent"
      }
    },
    {
      "type": "Feature",
      "geometry": {
        "type": "Point",
        "coordinates": [
          -0.1292004,
          51.530548
        ]
      },
      "properties": {
        "id": "osm_way_1041446408",
        "name": "Public Toilets",
        "hours": "24/7",
        "accessible": false,
        "fee": 0,
        "source": "osm",
        "last_verified_at": "2025-08-26T18:32:20.745Z",
        "verified_by": "ingest-agent"
      }
    },
    {
      "type": "Feature",
      "geometry": {
        "type": "Point",
        "coordinates": [
          0.0013387,
          51.481743
        ]
      },
      "properties": {
        "id": "osm_way_1046627320",
        "name": "Public Toilets",
        "hours": "Jan,Nov-Dec 10:00-16:00; Feb,Oct 10:00-17:00; Mar 10:00-18:00; Sep 10:00-19:00; Apr-Aug 10:00-19:30",
        "accessible": false,
        "fee": 0,
        "source": "osm",
        "last_verified_at": "2025-08-26T18:32:20.745Z",
        "verified_by": "ingest-agent"
      }
    },
    {
      "type": "Feature",
      "geometry": {
        "type": "Point",
        "coordinates": [
          -0.1248085,
          51.494945
        ]
      },
      "properties": {
        "id": "osm_way_1057663537",
        "name": "Public Toilets",
        "hours": "24/7",
        "accessible": true,
        "fee": 50,
        "source": "osm",
        "last_verified_at": "2025-08-26T18:32:20.745Z",
        "verified_by": "ingest-agent"
      }
    },
    {
      "type": "Feature",
      "geometry": {
        "type": "Point",
        "coordinates": [
          -0.0024817,
          51.5187818
        ]
      },
      "properties": {
        "id": "osm_way_1057972020",
        "name": "Public Toilets",
        "hours": "24/7",
        "accessible": true,
        "fee": 0,
        "source": "osm",
        "last_verified_at": "2025-08-26T18:32:20.745Z",
        "verified_by": "ingest-agent"
      }
    },
    {
      "type": "Feature",
      "geometry": {
        "type": "Point",
        "coordinates": [
          -0.0103707,
          51.6251211
        ]
      },
      "properties": {
        "id": "osm_way_1058341700",
        "name": "Public Toilets",
        "hours": "24/7",
        "accessible": false,
        "fee": 0,
        "source": "osm",
        "last_verified_at": "2025-08-26T18:32:20.745Z",
        "verified_by": "ingest-agent"
      }
    },
    {
      "type": "Feature",
      "geometry": {
        "type": "Point",
        "coordinates": [
          -0.0973845,
          51.5295641
        ]
      },
      "properties": {
        "id": "osm_way_1083523192",
        "name": "Public Toilets",
        "hours": "24/7",
        "accessible": true,
        "fee": 50,
        "source": "osm",
        "last_verified_at": "2025-08-26T18:32:20.745Z",
        "verified_by": "ingest-agent"
      }
    },
    {
      "type": "Feature",
      "geometry": {
        "type": "Point",
        "coordinates": [
          -0.0332487,
          51.4025587
        ]
      },
      "properties": {
        "id": "osm_way_1091563624",
        "name": "Public Toilets",
        "hours": "24/7",
        "accessible": true,
        "fee": 0,
        "source": "osm",
        "last_verified_at": "2025-08-26T18:32:20.745Z",
        "verified_by": "ingest-agent"
      }
    },
    {
      "type": "Feature",
      "geometry": {
        "type": "Point",
        "coordinates": [
          -0.042101,
          51.5338728
        ]
      },
      "properties": {
        "id": "osm_way_1123702635",
        "name": "Jubilee Toilets",
        "hours": "24/7",
        "accessible": true,
        "fee": 0,
        "source": "osm",
        "last_verified_at": "2025-08-26T18:32:20.745Z",
        "verified_by": "ingest-agent"
      }
    },
    {
      "type": "Feature",
      "geometry": {
        "type": "Point",
        "coordinates": [
          0.0356675,
          51.53421
        ]
      },
      "properties": {
        "id": "osm_way_1126671251",
        "name": "Public Toilets",
        "hours": "24/7",
        "accessible": false,
        "fee": 0,
        "source": "osm",
        "last_verified_at": "2025-08-26T18:32:20.745Z",
        "verified_by": "ingest-agent"
      }
    },
    {
      "type": "Feature",
      "geometry": {
        "type": "Point",
        "coordinates": [
          0.1476664,
          51.5401112
        ]
      },
      "properties": {
        "id": "osm_way_1137080960",
        "name": "Public Toilets",
        "hours": "24/7",
        "accessible": true,
        "fee": 0,
        "source": "osm",
        "last_verified_at": "2025-08-26T18:32:20.745Z",
        "verified_by": "ingest-agent"
      }
    },
    {
      "type": "Feature",
      "geometry": {
        "type": "Point",
        "coordinates": [
          0.1476817,
          51.5400865
        ]
      },
      "properties": {
        "id": "osm_way_1137080961",
        "name": "Public Toilets",
        "hours": "24/7",
        "accessible": false,
        "fee": 0,
        "source": "osm",
        "last_verified_at": "2025-08-26T18:32:20.745Z",
        "verified_by": "ingest-agent"
      }
    },
    {
      "type": "Feature",
      "geometry": {
        "type": "Point",
        "coordinates": [
          0.0790048,
          51.4596215
        ]
      },
      "properties": {
        "id": "osm_way_1146918470",
        "name": "Public Toilets",
        "hours": "24/7",
        "accessible": false,
        "fee": 0,
        "source": "osm",
        "last_verified_at": "2025-08-26T18:32:20.745Z",
        "verified_by": "ingest-agent"
      }
    },
    {
      "type": "Feature",
      "geometry": {
        "type": "Point",
        "coordinates": [
          0.1110572,
          51.5670598
        ]
      },
      "properties": {
        "id": "osm_way_1147954768",
        "name": "Public Toilets",
        "hours": "24/7",
        "accessible": false,
        "fee": 0,
        "source": "osm",
        "last_verified_at": "2025-08-26T18:32:20.745Z",
        "verified_by": "ingest-agent"
      }
    },
    {
      "type": "Feature",
      "geometry": {
        "type": "Point",
        "coordinates": [
          -0.0436774,
          51.5357313
        ]
      },
      "properties": {
        "id": "osm_way_1163096775",
        "name": "Public Toilets",
        "hours": "24/7",
        "accessible": true,
        "fee": 0,
        "source": "osm",
        "last_verified_at": "2025-08-26T18:32:20.745Z",
        "verified_by": "ingest-agent"
      }
    },
    {
      "type": "Feature",
      "geometry": {
        "type": "Point",
        "coordinates": [
          -0.1073752,
          51.4839616
        ]
      },
      "properties": {
        "id": "osm_way_1170409078",
        "name": "Public Toilets",
        "hours": "24/7",
        "accessible": false,
        "fee": 0,
        "source": "osm",
        "last_verified_at": "2025-08-26T18:32:20.745Z",
        "verified_by": "ingest-agent"
      }
    },
    {
      "type": "Feature",
      "geometry": {
        "type": "Point",
        "coordinates": [
          -0.1079357,
          51.4835403
        ]
      },
      "properties": {
        "id": "osm_way_1170409079",
        "name": "children's toilet",
        "hours": "24/7",
        "accessible": false,
        "fee": 0,
        "source": "osm",
        "last_verified_at": "2025-08-26T18:32:20.745Z",
        "verified_by": "ingest-agent"
      }
    },
    {
      "type": "Feature",
      "geometry": {
        "type": "Point",
        "coordinates": [
          0.0553373,
          51.5575046
        ]
      },
      "properties": {
        "id": "osm_way_1175617373",
        "name": "Public Toilets",
        "hours": "24/7",
        "accessible": false,
        "fee": 0,
        "source": "osm",
        "last_verified_at": "2025-08-26T18:32:20.745Z",
        "verified_by": "ingest-agent"
      }
    },
    {
      "type": "Feature",
      "geometry": {
        "type": "Point",
        "coordinates": [
          0.1435286,
          51.4843193
        ]
      },
      "properties": {
        "id": "osm_way_1190978753",
        "name": "Public Toilets",
        "hours": "24/7",
        "accessible": false,
        "fee": 0,
        "source": "osm",
        "last_verified_at": "2025-08-26T18:32:20.745Z",
        "verified_by": "ingest-agent"
      }
    },
    {
      "type": "Feature",
      "geometry": {
        "type": "Point",
        "coordinates": [
          -0.0329279,
          51.4999417
        ]
      },
      "properties": {
        "id": "osm_way_1205352846",
        "name": "Public Toilets",
        "hours": "24/7",
        "accessible": false,
        "fee": 0,
        "source": "osm",
        "last_verified_at": "2025-08-26T18:32:20.745Z",
        "verified_by": "ingest-agent"
      }
    },
    {
      "type": "Feature",
      "geometry": {
        "type": "Point",
        "coordinates": [
          -0.1861695,
          51.4536064
        ]
      },
      "properties": {
        "id": "osm_way_1211301158",
        "name": "Public Toilets",
        "hours": "24/7",
        "accessible": false,
        "fee": 0,
        "source": "osm",
        "last_verified_at": "2025-08-26T18:32:20.745Z",
        "verified_by": "ingest-agent"
      }
    },
    {
      "type": "Feature",
      "geometry": {
        "type": "Point",
        "coordinates": [
          -0.1316184,
          51.583542
        ]
      },
      "properties": {
        "id": "osm_way_1226483086",
        "name": "Public Toilets",
        "hours": "24/7",
        "accessible": true,
        "fee": 0,
        "source": "osm",
        "last_verified_at": "2025-08-26T18:32:20.745Z",
        "verified_by": "ingest-agent"
      }
    },
    {
      "type": "Feature",
      "geometry": {
        "type": "Point",
        "coordinates": [
          -0.153628,
          51.5339474
        ]
      },
      "properties": {
        "id": "osm_way_1228004756",
        "name": "Public Toilets",
        "hours": "24/7",
        "accessible": false,
        "fee": 0,
        "source": "osm",
        "last_verified_at": "2025-08-26T18:32:20.745Z",
        "verified_by": "ingest-agent"
      }
    },
    {
      "type": "Feature",
      "geometry": {
        "type": "Point",
        "coordinates": [
          -0.0024886,
          51.6409455
        ]
      },
      "properties": {
        "id": "osm_way_1233187897",
        "name": "Public Toilets",
        "hours": "24/7",
        "accessible": false,
        "fee": 0,
        "source": "osm",
        "last_verified_at": "2025-08-26T18:32:20.745Z",
        "verified_by": "ingest-agent"
      }
    },
    {
      "type": "Feature",
      "geometry": {
        "type": "Point",
        "coordinates": [
          0.0388257,
          51.5527111
        ]
      },
      "properties": {
        "id": "osm_way_1239453498",
        "name": "Public Toilets",
        "hours": "24/7",
        "accessible": true,
        "fee": 0,
        "source": "osm",
        "last_verified_at": "2025-08-26T18:32:20.745Z",
        "verified_by": "ingest-agent"
      }
    },
    {
      "type": "Feature",
      "geometry": {
        "type": "Point",
        "coordinates": [
          -0.3378629,
          51.4050284
        ]
      },
      "properties": {
        "id": "osm_way_1263579755",
        "name": "Public Toilets",
        "hours": "24/7",
        "accessible": false,
        "fee": 0,
        "source": "osm",
        "last_verified_at": "2025-08-26T18:32:20.745Z",
        "verified_by": "ingest-agent"
      }
    },
    {
      "type": "Feature",
      "geometry": {
        "type": "Point",
        "coordinates": [
          -0.053653,
          51.478941
        ]
      },
      "properties": {
        "id": "osm_way_1265195316",
        "name": "Public Toilets",
        "hours": "24/7",
        "accessible": false,
        "fee": 0,
        "source": "osm",
        "last_verified_at": "2025-08-26T18:32:20.745Z",
        "verified_by": "ingest-agent"
      }
    },
    {
      "type": "Feature",
      "geometry": {
        "type": "Point",
        "coordinates": [
          -0.4295437,
          51.5883062
        ]
      },
      "properties": {
        "id": "osm_way_1280590882",
        "name": "Public Toilets",
        "hours": "24/7",
        "accessible": false,
        "fee": 0,
        "source": "osm",
        "last_verified_at": "2025-08-26T18:32:20.745Z",
        "verified_by": "ingest-agent"
      }
    },
    {
      "type": "Feature",
      "geometry": {
        "type": "Point",
        "coordinates": [
          0.0522,
          51.4412442
        ]
      },
      "properties": {
        "id": "osm_way_1281442813",
        "name": "Public Toilets",
        "hours": "24/7",
        "accessible": false,
        "fee": 0,
        "source": "osm",
        "last_verified_at": "2025-08-26T18:32:20.745Z",
        "verified_by": "ingest-agent"
      }
    },
    {
      "type": "Feature",
      "geometry": {
        "type": "Point",
        "coordinates": [
          -0.0179948,
          51.4199888
        ]
      },
      "properties": {
        "id": "osm_way_1285766743",
        "name": "Public Toilets",
        "hours": "24/7",
        "accessible": false,
        "fee": 0,
        "source": "osm",
        "last_verified_at": "2025-08-26T18:32:20.745Z",
        "verified_by": "ingest-agent"
      }
    },
    {
      "type": "Feature",
      "geometry": {
        "type": "Point",
        "coordinates": [
          -0.0900692,
          51.5816954
        ]
      },
      "properties": {
        "id": "osm_way_1288152757",
        "name": "Public Toilets",
        "hours": "24/7",
        "accessible": true,
        "fee": 0,
        "source": "osm",
        "last_verified_at": "2025-08-26T18:32:20.745Z",
        "verified_by": "ingest-agent"
      }
    },
    {
      "type": "Feature",
      "geometry": {
        "type": "Point",
        "coordinates": [
          0.0342104,
          51.3954128
        ]
      },
      "properties": {
        "id": "osm_way_1298959204",
        "name": "Public Toilets",
        "hours": "24/7",
        "accessible": false,
        "fee": 0,
        "source": "osm",
        "last_verified_at": "2025-08-26T18:32:20.745Z",
        "verified_by": "ingest-agent"
      }
    },
    {
      "type": "Feature",
      "geometry": {
        "type": "Point",
        "coordinates": [
          0.0012756,
          51.5418144
        ]
      },
      "properties": {
        "id": "osm_way_1302435258",
        "name": "Public Toilets",
        "hours": "24/7 off \"Out of Order\"",
        "accessible": false,
        "fee": 0,
        "source": "osm",
        "last_verified_at": "2025-08-26T18:32:20.745Z",
        "verified_by": "ingest-agent"
      }
    },
    {
      "type": "Feature",
      "geometry": {
        "type": "Point",
        "coordinates": [
          -0.1879244,
          51.5089744
        ]
      },
      "properties": {
        "id": "osm_way_1302779596",
        "name": "Public Toilets",
        "hours": "24/7",
        "accessible": true,
        "fee": 0,
        "source": "osm",
        "last_verified_at": "2025-08-26T18:32:20.745Z",
        "verified_by": "ingest-agent"
      }
    },
    {
      "type": "Feature",
      "geometry": {
        "type": "Point",
        "coordinates": [
          0.0578611,
          51.4302088
        ]
      },
      "properties": {
        "id": "osm_way_1306360473",
        "name": "Queen's Gardens Toilets",
        "hours": "Mo-Su 09:30-15:30",
        "accessible": false,
        "fee": 0,
        "source": "osm",
        "last_verified_at": "2025-08-26T18:32:20.745Z",
        "verified_by": "ingest-agent"
      }
    },
    {
      "type": "Feature",
      "geometry": {
        "type": "Point",
        "coordinates": [
          0.0473842,
          51.5601743
        ]
      },
      "properties": {
        "id": "osm_way_1337211311",
        "name": "Public Toilets",
        "hours": "24/7",
        "accessible": false,
        "fee": 0,
        "source": "osm",
        "last_verified_at": "2025-08-26T18:32:20.745Z",
        "verified_by": "ingest-agent"
      }
    },
    {
      "type": "Feature",
      "geometry": {
        "type": "Point",
        "coordinates": [
          -0.1562455,
          51.5634922
        ]
      },
      "properties": {
        "id": "osm_way_1337476956",
        "name": "Public Toilets",
        "hours": "24/7",
        "accessible": false,
        "fee": 0,
        "source": "osm",
        "last_verified_at": "2025-08-26T18:32:20.745Z",
        "verified_by": "ingest-agent"
      }
    },
    {
      "type": "Feature",
      "geometry": {
        "type": "Point",
        "coordinates": [
          -0.1572095,
          51.5659889
        ]
      },
      "properties": {
        "id": "osm_way_1353189691",
        "name": "Public Toilets",
        "hours": "24/7",
        "accessible": true,
        "fee": 0,
        "source": "osm",
        "last_verified_at": "2025-08-26T18:32:20.745Z",
        "verified_by": "ingest-agent"
      }
    },
    {
      "type": "Feature",
      "geometry": {
        "type": "Point",
        "coordinates": [
          -0.2869343,
          51.4994962
        ]
      },
      "properties": {
        "id": "osm_way_1379290731",
        "name": "Public Toilets",
        "hours": "24/7",
        "accessible": false,
        "fee": 0,
        "source": "osm",
        "last_verified_at": "2025-08-26T18:32:20.745Z",
        "verified_by": "ingest-agent"
      }
    },
    {
      "type": "Feature",
      "geometry": {
        "type": "Point",
        "coordinates": [
          0.1436552,
          51.4842017
        ]
      },
      "properties": {
        "id": "osm_way_1380241020",
        "name": "Public Toilets",
        "hours": "24/7",
        "accessible": false,
        "fee": 0,
        "source": "osm",
        "last_verified_at": "2025-08-26T18:32:20.745Z",
        "verified_by": "ingest-agent"
      }
    },
    {
      "type": "Feature",
      "geometry": {
        "type": "Point",
        "coordinates": [
          -0.1174956,
          51.4212953
        ]
      },
      "properties": {
        "id": "osm_way_1380306904",
        "name": "Public Toilets",
        "hours": "24/7",
        "accessible": false,
        "fee": 0,
        "source": "osm",
        "last_verified_at": "2025-08-26T18:32:20.745Z",
        "verified_by": "ingest-agent"
      }
    },
    {
      "type": "Feature",
      "geometry": {
        "type": "Point",
        "coordinates": [
          -0.1195519,
          51.4219899
        ]
      },
      "properties": {
        "id": "osm_way_1380310394",
        "name": "Public Toilets",
        "hours": "24/7",
        "accessible": false,
        "fee": 0,
        "source": "osm",
        "last_verified_at": "2025-08-26T18:32:20.745Z",
        "verified_by": "ingest-agent"
      }
    },
    {
      "type": "Feature",
      "geometry": {
        "type": "Point",
        "coordinates": [
          -0.2977053,
          51.4816972
        ]
      },
      "properties": {
        "id": "osm_way_1381555726",
        "name": "Public Toilets",
        "hours": "24/7",
        "accessible": true,
        "fee": 0,
        "source": "osm",
        "last_verified_at": "2025-08-26T18:32:20.745Z",
        "verified_by": "ingest-agent"
      }
    },
    {
      "type": "Feature",
      "geometry": {
        "type": "Point",
        "coordinates": [
          -0.1811532,
          51.5213684
        ]
      },
      "properties": {
        "id": "osm_way_1383372259",
        "name": "Public Toilets",
        "hours": "Mo-Su sunrise-sunset",
        "accessible": false,
        "fee": 0,
        "source": "osm",
        "last_verified_at": "2025-08-26T18:32:20.745Z",
        "verified_by": "ingest-agent"
      }
    },
    {
      "type": "Feature",
      "geometry": {
        "type": "Point",
        "coordinates": [
          0.0255553,
          51.5100219
        ]
      },
      "properties": {
        "id": "osm_way_1384646092",
        "name": "Public Toilets",
        "hours": "24/7",
        "accessible": false,
        "fee": 0,
        "source": "osm",
        "last_verified_at": "2025-08-26T18:32:20.745Z",
        "verified_by": "ingest-agent"
      }
    },
    {
      "type": "Feature",
      "geometry": {
        "type": "Point",
        "coordinates": [
          0.0004015,
          51.5306575
        ]
      },
      "properties": {
        "id": "osm_way_1422094007",
        "name": "Public Toilets",
        "hours": "24/7",
        "accessible": false,
        "fee": 0,
        "source": "osm",
        "last_verified_at": "2025-08-26T18:32:20.745Z",
        "verified_by": "ingest-agent"
      }
    }
  ],
  "metadata": {
    "generated_at": "2025-08-26T18:32:20.745Z",
    "generated_by": "ingest-agent",
    "source": "openstreetmap",
    "count": 1053
  }
}